56,-8,MMO7L3lMb0XX1xtr+nwrYopDmlA=,uLtLNXFFfmOx9ohpE/qT/sDxHwE=
55,-7,MMO7L3lMb0XX1xtr+nwrYopDmlA=,piLdXvqoi1S6jCg98SEiulNQXH4=
55,-8,MMO7L3lMb0XX1xtr+nwrYopDmlA=,piLdXvqoi1S6jCg98SEiulNQXH4=
54,-7,MMO7L3lMb0XX1xtr+nwrYopDmlA=,piLdXvqoi1S6jCg98SEiulNQXH4=
56,-9,MMO7L3lMb0XX1xtr+nwrYopDmlA=,IrUnNOLN6jnd5l4bLA2rF8vdT80=
54,-8,MMO7L3lMb0XX1xtr+nwrYopDmlA=,piLdXvqoi1S6jCg98SEiulNQXH4=
55,-9,MMO7L3lMb0XX1xtr+nwrYopDmlA=,/mq2VoEWu7tWyCvbMxUi+K5aUtA=
56,-7,MMO7L3lMb0XX1xtr+nwrYopDmlA=,uLtLNXFFfmOx9ohpE/qT/sDxHwE=
55,-10,MMO7L3lMb0XX1xtr+nwrYopDmlA=,/mq2VoEWu7tWyCvbMxUi+K5aUtA=
54,-9,MMO7L3lMb0XX1xtr+nwrYopDmlA=,/mq2VoEWu7tWyCvbMxUi+K5aUtA=
57,-10,MMO7L3lMb0XX1xtr+nwrYopDmlA=,IrUnNOLN6jnd5l4bLA2rF8vdT80=
57,-8,MMO7L3lMb0XX1xtr+nwrYopDmlA=,uLtLNXFFfmOx9ohpE/qT/sDxHwE=
57,-9,MMO7L3lMb0XX1xtr+nwrYopDmlA=,IrUnNOLN6jnd5l4bLA2rF8vdT80=
56,-10,MMO7L3lMb0XX1xtr+nwrYopDmlA=,IrUnNOLN6jnd5l4bLA2rF8vdT80=
57,-7,MMO7L3lMb0XX1xtr+nwrYopDmlA=,uLtLNXFFfmOx9ohpE/qT/sDxHwE=
54,-10,MMO7L3lMb0XX1xtr+nwrYopDmlA=,/mq2VoEWu7tWyCvbMxUi+K5aUtA=
51,-9,xvhvi+M8gl8I1IXbdldVasouKp8=,DcVn/GR5TO0tdM7zCAwlueAYGxU=
52,-9,xvhvi+M8gl8I1IXbdldVasouKp8=,/mq2VoEWu7tWyCvbMxUi+K5aUtA=
52,-8,xvhvi+M8gl8I1IXbdldVasouKp8=,piLdXvqoi1S6jCg98SEiulNQXH4=
53,-8,xvhvi+M8gl8I1IXbdldVasouKp8=,piLdXvqoi1S6jCg98SEiulNQXH4=
51,-7,xvhvi+M8gl8I1IXbdldVasouKp8=,GIzjd5f8tgQjC4XEcK6zQ3p33EA=
53,-7,xvhvi+M8gl8I1IXbdldVasouKp8=,piLdXvqoi1S6jCg98SEiulNQXH4=
52,-7,xvhvi+M8gl8I1IXbdldVasouKp8=,piLdXvqoi1S6jCg98SEiulNQXH4=
50,-8,xvhvi+M8gl8I1IXbdldVasouKp8=,GIzjd5f8tgQjC4XEcK6zQ3p33EA=
51,-8,xvhvi+M8gl8I1IXbdldVasouKp8=,GIzjd5f8tgQjC4XEcK6zQ3p33EA=
50,-9,xvhvi+M8gl8I1IXbdldVasouKp8=,DcVn/GR5TO0tdM7zCAwlueAYGxU=
50,-7,xvhvi+M8gl8I1IXbdldVasouKp8=,GIzjd5f8tgQjC4XEcK6zQ3p33EA=
53,-12,xvhvi+M8gl8I1IXbdldVasouKp8=,/mq2VoEWu7tWyCvbMxUi+K5aUtA=
50,-10,xvhvi+M8gl8I1IXbdldVasouKp8=,DcVn/GR5TO0tdM7zCAwlueAYGxU=
53,-9,xvhvi+M8gl8I1IXbdldVasouKp8=,/mq2VoEWu7tWyCvbMxUi+K5aUtA=
52,-11,xvhvi+M8gl8I1IXbdldVasouKp8=,/mq2VoEWu7tWyCvbMxUi+K5aUtA=
53,-10,xvhvi+M8gl8I1IXbdldVasouKp8=,/mq2VoEWu7tWyCvbMxUi+K5aUtA=
52,-10,xvhvi+M8gl8I1IXbdldVasouKp8=,/mq2VoEWu7tWyCvbMxUi+K5aUtA=
53,-11,xvhvi+M8gl8I1IXbdldVasouKp8=,/mq2VoEWu7tWyCvbMxUi+K5aUtA=
53,-13,xvhvi+M8gl8I1IXbdldVasouKp8=,8jeThmqp8KaUccgyuJJqRx56UH4=
53,-14,xvhvi+M8gl8I1IXbdldVasouKp8=,8jeThmqp8KaUccgyuJJqRx56UH4=
52,-12,xvhvi+M8gl8I1IXbdldVasouKp8=,/mq2VoEWu7tWyCvbMxUi+K5aUtA=
51,-11,xvhvi+M8gl8I1IXbdldVasouKp8=,DcVn/GR5TO0tdM7zCAwlueAYGxU=
50,-11,xvhvi+M8gl8I1IXbdldVasouKp8=,DcVn/GR5TO0tdM7zCAwlueAYGxU=
50,-13,xvhvi+M8gl8I1IXbdldVasouKp8=,JI7345EuJ8OLLpXXtMJHW2F+jBE=
51,-13,xvhvi+M8gl8I1IXbdldVasouKp8=,JI7345EuJ8OLLpXXtMJHW2F+jBE=
50,-14,xvhvi+M8gl8I1IXbdldVasouKp8=,JI7345EuJ8OLLpXXtMJHW2F+jBE=
52,-13,xvhvi+M8gl8I1IXbdldVasouKp8=,8jeThmqp8KaUccgyuJJqRx56UH4=
52,-14,xvhvi+M8gl8I1IXbdldVasouKp8=,8jeThmqp8KaUccgyuJJqRx56UH4=
51,-10,xvhvi+M8gl8I1IXbdldVasouKp8=,DcVn/GR5TO0tdM7zCAwlueAYGxU=
51,-12,xvhvi+M8gl8I1IXbdldVasouKp8=,DcVn/GR5TO0tdM7zCAwlueAYGxU=
51,-14,xvhvi+M8gl8I1IXbdldVasouKp8=,JI7345EuJ8OLLpXXtMJHW2F+jBE=
50,-12,xvhvi+M8gl8I1IXbdldVasouKp8=,DcVn/GR5TO0tdM7zCAwlueAYGxU=
55,-13,AUgKqehHLPr4sbgIR7MsBeuRcK8=,8jeThmqp8KaUccgyuJJqRx56UH4=
55,-14,AUgKqehHLPr4sbgIR7MsBeuRcK8=,8jeThmqp8KaUccgyuJJqRx56UH4=
57,-12,AUgKqehHLPr4sbgIR7MsBeuRcK8=,IrUnNOLN6jnd5l4bLA2rF8vdT80=
56,-13,AUgKqehHLPr4sbgIR7MsBeuRcK8=,falfX+7uoLpigp1cAN0Rd3xnETU=
57,-14,AUgKqehHLPr4sbgIR7MsBeuRcK8=,falfX+7uoLpigp1cAN0Rd3xnETU=
56,-14,AUgKqehHLPr4sbgIR7MsBeuRcK8=,falfX+7uoLpigp1cAN0Rd3xnETU=
57,-11,AUgKqehHLPr4sbgIR7MsBeuRcK8=,IrUnNOLN6jnd5l4bLA2rF8vdT80=
55,-11,AUgKqehHLPr4sbgIR7MsBeuRcK8=,/mq2VoEWu7tWyCvbMxUi+K5aUtA=
57,-13,AUgKqehHLPr4sbgIR7MsBeuRcK8=,falfX+7uoLpigp1cAN0Rd3xnETU=
54,-12,AUgKqehHLPr4sbgIR7MsBeuRcK8=,/mq2VoEWu7tWyCvbMxUi+K5aUtA=
54,-13,AUgKqehHLPr4sbgIR7MsBeuRcK8=,8jeThmqp8KaUccgyuJJqRx56UH4=
54,-14,AUgKqehHLPr4sbgIR7MsBeuRcK8=,8jeThmqp8KaUccgyuJJqRx56UH4=
56,-11,AUgKqehHLPr4sbgIR7MsBeuRcK8=,IrUnNOLN6jnd5l4bLA2rF8vdT80=
54,-11,AUgKqehHLPr4sbgIR7MsBeuRcK8=,/mq2VoEWu7tWyCvbMxUi+K5aUtA=
56,-12,AUgKqehHLPr4sbgIR7MsBeuRcK8=,IrUnNOLN6jnd5l4bLA2rF8vdT80=
55,-12,AUgKqehHLPr4sbgIR7MsBeuRcK8=,/mq2VoEWu7tWyCvbMxUi+K5aUtA=
59,-11,AUgKqehHLPr4sbgIR7MsBeuRcK8=,IrUnNOLN6jnd5l4bLA2rF8vdT80=
58,-13,AUgKqehHLPr4sbgIR7MsBeuRcK8=,falfX+7uoLpigp1cAN0Rd3xnETU=
60,-13,AUgKqehHLPr4sbgIR7MsBeuRcK8=,ZzpPclsAZwCjHosgAbr/8GkqhZ8=
59,-13,AUgKqehHLPr4sbgIR7MsBeuRcK8=,falfX+7uoLpigp1cAN0Rd3xnETU=
58,-11,AUgKqehHLPr4sbgIR7MsBeuRcK8=,IrUnNOLN6jnd5l4bLA2rF8vdT80=
58,-12,AUgKqehHLPr4sbgIR7MsBeuRcK8=,IrUnNOLN6jnd5l4bLA2rF8vdT80=
60,-14,AUgKqehHLPr4sbgIR7MsBeuRcK8=,ZzpPclsAZwCjHosgAbr/8GkqhZ8=
59,-12,AUgKqehHLPr4sbgIR7MsBeuRcK8=,IrUnNOLN6jnd5l4bLA2rF8vdT80=
59,-14,AUgKqehHLPr4sbgIR7MsBeuRcK8=,falfX+7uoLpigp1cAN0Rd3xnETU=
60,-11,AUgKqehHLPr4sbgIR7MsBeuRcK8=,sqTwiOPU+J2ypAGPf+ZVvvTlENk=
61,-14,AUgKqehHLPr4sbgIR7MsBeuRcK8=,ZzpPclsAZwCjHosgAbr/8GkqhZ8=
61,-13,AUgKqehHLPr4sbgIR7MsBeuRcK8=,ZzpPclsAZwCjHosgAbr/8GkqhZ8=
61,-11,AUgKqehHLPr4sbgIR7MsBeuRcK8=,sqTwiOPU+J2ypAGPf+ZVvvTlENk=
58,-14,AUgKqehHLPr4sbgIR7MsBeuRcK8=,falfX+7uoLpigp1cAN0Rd3xnETU=
60,-12,AUgKqehHLPr4sbgIR7MsBeuRcK8=,sqTwiOPU+J2ypAGPf+ZVvvTlENk=
61,-12,AUgKqehHLPr4sbgIR7MsBeuRcK8=,sqTwiOPU+J2ypAGPf+ZVvvTlENk=
59,-10,AUgKqehHLPr4sbgIR7MsBeuRcK8=,IrUnNOLN6jnd5l4bLA2rF8vdT80=
59,-9,AUgKqehHLPr4sbgIR7MsBeuRcK8=,IrUnNOLN6jnd5l4bLA2rF8vdT80=
60,-10,AUgKqehHLPr4sbgIR7MsBeuRcK8=,sqTwiOPU+J2ypAGPf+ZVvvTlENk=
61,-9,AUgKqehHLPr4sbgIR7MsBeuRcK8=,sqTwiOPU+J2ypAGPf+ZVvvTlENk=
59,-8,AUgKqehHLPr4sbgIR7MsBeuRcK8=,uLtLNXFFfmOx9ohpE/qT/sDxHwE=
58,-7,AUgKqehHLPr4sbgIR7MsBeuRcK8=,uLtLNXFFfmOx9ohpE/qT/sDxHwE=
59,-7,AUgKqehHLPr4sbgIR7MsBeuRcK8=,uLtLNXFFfmOx9ohpE/qT/sDxHwE=
61,-10,AUgKqehHLPr4sbgIR7MsBeuRcK8=,sqTwiOPU+J2ypAGPf+ZVvvTlENk=
60,-9,AUgKqehHLPr4sbgIR7MsBeuRcK8=,sqTwiOPU+J2ypAGPf+ZVvvTlENk=
60,-8,AUgKqehHLPr4sbgIR7MsBeuRcK8=,NyrCP8IghVMfzIBR2fqVc3eBeTA=
61,-7,AUgKqehHLPr4sbgIR7MsBeuRcK8=,NyrCP8IghVMfzIBR2fqVc3eBeTA=
60,-7,AUgKqehHLPr4sbgIR7MsBeuRcK8=,NyrCP8IghVMfzIBR2fqVc3eBeTA=
58,-8,AUgKqehHLPr4sbgIR7MsBeuRcK8=,uLtLNXFFfmOx9ohpE/qT/sDxHwE=
61,-8,AUgKqehHLPr4sbgIR7MsBeuRcK8=,NyrCP8IghVMfzIBR2fqVc3eBeTA=
58,-10,AUgKqehHLPr4sbgIR7MsBeuRcK8=,IrUnNOLN6jnd5l4bLA2rF8vdT80=
58,-9,AUgKqehHLPr4sbgIR7MsBeuRcK8=,IrUnNOLN6jnd5l4bLA2rF8vdT80=
61,-5,QvqdYyONJ0XMkE3YKeVm0mkL0oo=,NyrCP8IghVMfzIBR2fqVc3eBeTA=
60,-5,QvqdYyONJ0XMkE3YKeVm0mkL0oo=,NyrCP8IghVMfzIBR2fqVc3eBeTA=
58,-6,QvqdYyONJ0XMkE3YKeVm0mkL0oo=,uLtLNXFFfmOx9ohpE/qT/sDxHwE=
59,-5,QvqdYyONJ0XMkE3YKeVm0mkL0oo=,uLtLNXFFfmOx9ohpE/qT/sDxHwE=
59,-6,QvqdYyONJ0XMkE3YKeVm0mkL0oo=,uLtLNXFFfmOx9ohpE/qT/sDxHwE=
59,-3,QvqdYyONJ0XMkE3YKeVm0mkL0oo=,oL2Db0IRnb1V+bhRZAJYWTiM3Dw=
61,-4,QvqdYyONJ0XMkE3YKeVm0mkL0oo=,AImZp5r5JUc/v3/YbdWQkAfARp0=
58,-5,QvqdYyONJ0XMkE3YKeVm0mkL0oo=,uLtLNXFFfmOx9ohpE/qT/sDxHwE=
61,-6,QvqdYyONJ0XMkE3YKeVm0mkL0oo=,NyrCP8IghVMfzIBR2fqVc3eBeTA=
59,-4,QvqdYyONJ0XMkE3YKeVm0mkL0oo=,oL2Db0IRnb1V+bhRZAJYWTiM3Dw=
61,-3,QvqdYyONJ0XMkE3YKeVm0mkL0oo=,AImZp5r5JUc/v3/YbdWQkAfARp0=
58,-4,QvqdYyONJ0XMkE3YKeVm0mkL0oo=,oL2Db0IRnb1V+bhRZAJYWTiM3Dw=
60,-4,QvqdYyONJ0XMkE3YKeVm0mkL0oo=,AImZp5r5JUc/v3/YbdWQkAfARp0=
60,-6,QvqdYyONJ0XMkE3YKeVm0mkL0oo=,NyrCP8IghVMfzIBR2fqVc3eBeTA=
60,-3,QvqdYyONJ0XMkE3YKeVm0mkL0oo=,AImZp5r5JUc/v3/YbdWQkAfARp0=
58,-3,QvqdYyONJ0XMkE3YKeVm0mkL0oo=,oL2Db0IRnb1V+bhRZAJYWTiM3Dw=
56,-3,QvqdYyONJ0XMkE3YKeVm0mkL0oo=,oL2Db0IRnb1V+bhRZAJYWTiM3Dw=
57,-4,QvqdYyONJ0XMkE3YKeVm0mkL0oo=,oL2Db0IRnb1V+bhRZAJYWTiM3Dw=
57,-3,QvqdYyONJ0XMkE3YKeVm0mkL0oo=,oL2Db0IRnb1V+bhRZAJYWTiM3Dw=
56,-5,QvqdYyONJ0XMkE3YKeVm0mkL0oo=,uLtLNXFFfmOx9ohpE/qT/sDxHwE=
56,-4,QvqdYyONJ0XMkE3YKeVm0mkL0oo=,oL2Db0IRnb1V+bhRZAJYWTiM3Dw=
54,-5,QvqdYyONJ0XMkE3YKeVm0mkL0oo=,piLdXvqoi1S6jCg98SEiulNQXH4=
54,-6,QvqdYyONJ0XMkE3YKeVm0mkL0oo=,piLdXvqoi1S6jCg98SEiulNQXH4=
55,-4,QvqdYyONJ0XMkE3YKeVm0mkL0oo=,kzckAQQkDvEFsqkizNNqOxxH7CU=
54,-4,QvqdYyONJ0XMkE3YKeVm0mkL0oo=,kzckAQQkDvEFsqkizNNqOxxH7CU=
55,-6,QvqdYyONJ0XMkE3YKeVm0mkL0oo=,piLdXvqoi1S6jCg98SEiulNQXH4=
57,-5,QvqdYyONJ0XMkE3YKeVm0mkL0oo=,uLtLNXFFfmOx9ohpE/qT/sDxHwE=
54,-3,QvqdYyONJ0XMkE3YKeVm0mkL0oo=,kzckAQQkDvEFsqkizNNqOxxH7CU=
55,-3,QvqdYyONJ0XMkE3YKeVm0mkL0oo=,kzckAQQkDvEFsqkizNNqOxxH7CU=
57,-6,QvqdYyONJ0XMkE3YKeVm0mkL0oo=,uLtLNXFFfmOx9ohpE/qT/sDxHwE=
55,-5,QvqdYyONJ0XMkE3YKeVm0mkL0oo=,piLdXvqoi1S6jCg98SEiulNQXH4=
56,-6,QvqdYyONJ0XMkE3YKeVm0mkL0oo=,uLtLNXFFfmOx9ohpE/qT/sDxHwE=
51,-5,QvqdYyONJ0XMkE3YKeVm0mkL0oo=,GIzjd5f8tgQjC4XEcK6zQ3p33EA=
52,-5,QvqdYyONJ0XMkE3YKeVm0mkL0oo=,piLdXvqoi1S6jCg98SEiulNQXH4=
51,-6,QvqdYyONJ0XMkE3YKeVm0mkL0oo=,GIzjd5f8tgQjC4XEcK6zQ3p33EA=
52,-6,QvqdYyONJ0XMkE3YKeVm0mkL0oo=,piLdXvqoi1S6jCg98SEiulNQXH4=
53,-4,QvqdYyONJ0XMkE3YKeVm0mkL0oo=,kzckAQQkDvEFsqkizNNqOxxH7CU=
53,-6,QvqdYyONJ0XMkE3YKeVm0mkL0oo=,piLdXvqoi1S6jCg98SEiulNQXH4=
51,-3,QvqdYyONJ0XMkE3YKeVm0mkL0oo=,EJTWsdIu5OWcG0k99mb+aatLENA=
53,-3,QvqdYyONJ0XMkE3YKeVm0mkL0oo=,kzckAQQkDvEFsqkizNNqOxxH7CU=
52,-4,QvqdYyONJ0XMkE3YKeVm0mkL0oo=,kzckAQQkDvEFsqkizNNqOxxH7CU=
50,-3,QvqdYyONJ0XMkE3YKeVm0mkL0oo=,EJTWsdIu5OWcG0k99mb+aatLENA=
50,-4,QvqdYyONJ0XMkE3YKeVm0mkL0oo=,EJTWsdIu5OWcG0k99mb+aatLENA=
52,-3,QvqdYyONJ0XMkE3YKeVm0mkL0oo=,kzckAQQkDvEFsqkizNNqOxxH7CU=
51,-4,QvqdYyONJ0XMkE3YKeVm0mkL0oo=,EJTWsdIu5OWcG0k99mb+aatLENA=
53,-5,QvqdYyONJ0XMkE3YKeVm0mkL0oo=,piLdXvqoi1S6jCg98SEiulNQXH4=
50,-5,QvqdYyONJ0XMkE3YKeVm0mkL0oo=,GIzjd5f8tgQjC4XEcK6zQ3p33EA=
50,-6,QvqdYyONJ0XMkE3YKeVm0mkL0oo=,GIzjd5f8tgQjC4XEcK6zQ3p33EA=
55,-1,dHHRe7jXNvb9tjp5tmJlcZ5LgP0=,kzckAQQkDvEFsqkizNNqOxxH7CU=
57,-2,dHHRe7jXNvb9tjp5tmJlcZ5LgP0=,oL2Db0IRnb1V+bhRZAJYWTiM3Dw=
54,-1,dHHRe7jXNvb9tjp5tmJlcZ5LgP0=,kzckAQQkDvEFsqkizNNqOxxH7CU=
56,-2,dHHRe7jXNvb9tjp5tmJlcZ5LgP0=,oL2Db0IRnb1V+bhRZAJYWTiM3Dw=
55,-2,dHHRe7jXNvb9tjp5tmJlcZ5LgP0=,kzckAQQkDvEFsqkizNNqOxxH7CU=
54,-2,dHHRe7jXNvb9tjp5tmJlcZ5LgP0=,kzckAQQkDvEFsqkizNNqOxxH7CU=
56,-1,dHHRe7jXNvb9tjp5tmJlcZ5LgP0=,oL2Db0IRnb1V+bhRZAJYWTiM3Dw=
57,-1,dHHRe7jXNvb9tjp5tmJlcZ5LgP0=,oL2Db0IRnb1V+bhRZAJYWTiM3Dw=
51,-1,dHHRe7jXNvb9tjp5tmJlcZ5LgP0=,EJTWsdIu5OWcG0k99mb+aatLENA=
53,-1,dHHRe7jXNvb9tjp5tmJlcZ5LgP0=,kzckAQQkDvEFsqkizNNqOxxH7CU=
50,-1,dHHRe7jXNvb9tjp5tmJlcZ5LgP0=,EJTWsdIu5OWcG0k99mb+aatLENA=
52,-1,dHHRe7jXNvb9tjp5tmJlcZ5LgP0=,kzckAQQkDvEFsqkizNNqOxxH7CU=
50,-2,dHHRe7jXNvb9tjp5tmJlcZ5LgP0=,EJTWsdIu5OWcG0k99mb+aatLENA=
53,-2,dHHRe7jXNvb9tjp5tmJlcZ5LgP0=,kzckAQQkDvEFsqkizNNqOxxH7CU=
51,-2,dHHRe7jXNvb9tjp5tmJlcZ5LgP0=,EJTWsdIu5OWcG0k99mb+aatLENA=
52,-2,dHHRe7jXNvb9tjp5tmJlcZ5LgP0=,kzckAQQkDvEFsqkizNNqOxxH7CU=
58,-1,dHHRe7jXNvb9tjp5tmJlcZ5LgP0=,oL2Db0IRnb1V+bhRZAJYWTiM3Dw=
59,-1,dHHRe7jXNvb9tjp5tmJlcZ5LgP0=,oL2Db0IRnb1V+bhRZAJYWTiM3Dw=
60,-1,dHHRe7jXNvb9tjp5tmJlcZ5LgP0=,AImZp5r5JUc/v3/YbdWQkAfARp0=
58,-2,dHHRe7jXNvb9tjp5tmJlcZ5LgP0=,oL2Db0IRnb1V+bhRZAJYWTiM3Dw=
59,-2,dHHRe7jXNvb9tjp5tmJlcZ5LgP0=,oL2Db0IRnb1V+bhRZAJYWTiM3Dw=
60,-2,dHHRe7jXNvb9tjp5tmJlcZ5LgP0=,AImZp5r5JUc/v3/YbdWQkAfARp0=
61,-2,dHHRe7jXNvb9tjp5tmJlcZ5LgP0=,AImZp5r5JUc/v3/YbdWQkAfARp0=
61,-1,dHHRe7jXNvb9tjp5tmJlcZ5LgP0=,AImZp5r5JUc/v3/YbdWQkAfARp0=
48,-4,dHHRe7jXNvb9tjp5tmJlcZ5LgP0=,EJTWsdIu5OWcG0k99mb+aatLENA=
48,-5,dHHRe7jXNvb9tjp5tmJlcZ5LgP0=,GIzjd5f8tgQjC4XEcK6zQ3p33EA=
49,-6,dHHRe7jXNvb9tjp5tmJlcZ5LgP0=,GIzjd5f8tgQjC4XEcK6zQ3p33EA=
48,-6,dHHRe7jXNvb9tjp5tmJlcZ5LgP0=,GIzjd5f8tgQjC4XEcK6zQ3p33EA=
49,-4,dHHRe7jXNvb9tjp5tmJlcZ5LgP0=,EJTWsdIu5OWcG0k99mb+aatLENA=
48,-3,dHHRe7jXNvb9tjp5tmJlcZ5LgP0=,EJTWsdIu5OWcG0k99mb+aatLENA=
49,-3,dHHRe7jXNvb9tjp5tmJlcZ5LgP0=,EJTWsdIu5OWcG0k99mb+aatLENA=
49,-5,dHHRe7jXNvb9tjp5tmJlcZ5LgP0=,GIzjd5f8tgQjC4XEcK6zQ3p33EA=
48,-10,dHHRe7jXNvb9tjp5tmJlcZ5LgP0=,DcVn/GR5TO0tdM7zCAwlueAYGxU=
49,-10,dHHRe7jXNvb9tjp5tmJlcZ5LgP0=,DcVn/GR5TO0tdM7zCAwlueAYGxU=
49,-7,dHHRe7jXNvb9tjp5tmJlcZ5LgP0=,GIzjd5f8tgQjC4XEcK6zQ3p33EA=
48,-8,dHHRe7jXNvb9tjp5tmJlcZ5LgP0=,GIzjd5f8tgQjC4XEcK6zQ3p33EA=
49,-9,dHHRe7jXNvb9tjp5tmJlcZ5LgP0=,DcVn/GR5TO0tdM7zCAwlueAYGxU=
49,-8,dHHRe7jXNvb9tjp5tmJlcZ5LgP0=,GIzjd5f8tgQjC4XEcK6zQ3p33EA=
48,-9,dHHRe7jXNvb9tjp5tmJlcZ5LgP0=,DcVn/GR5TO0tdM7zCAwlueAYGxU=
48,-7,dHHRe7jXNvb9tjp5tmJlcZ5LgP0=,GIzjd5f8tgQjC4XEcK6zQ3p33EA=
48,-14,dHHRe7jXNvb9tjp5tmJlcZ5LgP0=,JI7345EuJ8OLLpXXtMJHW2F+jBE=
49,-11,dHHRe7jXNvb9tjp5tmJlcZ5LgP0=,DcVn/GR5TO0tdM7zCAwlueAYGxU=
49,-14,dHHRe7jXNvb9tjp5tmJlcZ5LgP0=,JI7345EuJ8OLLpXXtMJHW2F+jBE=
49,-13,dHHRe7jXNvb9tjp5tmJlcZ5LgP0=,JI7345EuJ8OLLpXXtMJHW2F+jBE=
48,-13,dHHRe7jXNvb9tjp5tmJlcZ5LgP0=,JI7345EuJ8OLLpXXtMJHW2F+jBE=
49,-12,dHHRe7jXNvb9tjp5tmJlcZ5LgP0=,DcVn/GR5TO0tdM7zCAwlueAYGxU=
48,-11,dHHRe7jXNvb9tjp5tmJlcZ5LgP0=,DcVn/GR5TO0tdM7zCAwlueAYGxU=
48,-12,dHHRe7jXNvb9tjp5tmJlcZ5LgP0=,DcVn/GR5TO0tdM7zCAwlueAYGxU=
50,-16,mHLttKVgtJEG6DJxCULK+6e4eNM=,JI7345EuJ8OLLpXXtMJHW2F+jBE=
53,-16,mHLttKVgtJEG6DJxCULK+6e4eNM=,8jeThmqp8KaUccgyuJJqRx56UH4=
52,-16,mHLttKVgtJEG6DJxCULK+6e4eNM=,8jeThmqp8KaUccgyuJJqRx56UH4=
51,-16,mHLttKVgtJEG6DJxCULK+6e4eNM=,JI7345EuJ8OLLpXXtMJHW2F+jBE=
50,-15,mHLttKVgtJEG6DJxCULK+6e4eNM=,JI7345EuJ8OLLpXXtMJHW2F+jBE=
53,-15,mHLttKVgtJEG6DJxCULK+6e4eNM=,8jeThmqp8KaUccgyuJJqRx56UH4=
51,-15,mHLttKVgtJEG6DJxCULK+6e4eNM=,JI7345EuJ8OLLpXXtMJHW2F+jBE=
52,-15,mHLttKVgtJEG6DJxCULK+6e4eNM=,8jeThmqp8KaUccgyuJJqRx56UH4=
54,-16,mHLttKVgtJEG6DJxCULK+6e4eNM=,8jeThmqp8KaUccgyuJJqRx56UH4=
55,-16,mHLttKVgtJEG6DJxCULK+6e4eNM=,8jeThmqp8KaUccgyuJJqRx56UH4=
54,-15,mHLttKVgtJEG6DJxCULK+6e4eNM=,8jeThmqp8KaUccgyuJJqRx56UH4=
57,-16,mHLttKVgtJEG6DJxCULK+6e4eNM=,falfX+7uoLpigp1cAN0Rd3xnETU=
56,-15,mHLttKVgtJEG6DJxCULK+6e4eNM=,falfX+7uoLpigp1cAN0Rd3xnETU=
55,-15,mHLttKVgtJEG6DJxCULK+6e4eNM=,8jeThmqp8KaUccgyuJJqRx56UH4=
57,-15,mHLttKVgtJEG6DJxCULK+6e4eNM=,falfX+7uoLpigp1cAN0Rd3xnETU=
56,-16,mHLttKVgtJEG6DJxCULK+6e4eNM=,falfX+7uoLpigp1cAN0Rd3xnETU=
58,-15,mHLttKVgtJEG6DJxCULK+6e4eNM=,falfX+7uoLpigp1cAN0Rd3xnETU=
60,-15,mHLttKVgtJEG6DJxCULK+6e4eNM=,ZzpPclsAZwCjHosgAbr/8GkqhZ8=
61,-15,mHLttKVgtJEG6DJxCULK+6e4eNM=,ZzpPclsAZwCjHosgAbr/8GkqhZ8=
59,-15,mHLttKVgtJEG6DJxCULK+6e4eNM=,falfX+7uoLpigp1cAN0Rd3xnETU=
61,-16,mHLttKVgtJEG6DJxCULK+6e4eNM=,ZzpPclsAZwCjHosgAbr/8GkqhZ8=
58,-16,mHLttKVgtJEG6DJxCULK+6e4eNM=,falfX+7uoLpigp1cAN0Rd3xnETU=
59,-16,mHLttKVgtJEG6DJxCULK+6e4eNM=,falfX+7uoLpigp1cAN0Rd3xnETU=
60,-16,mHLttKVgtJEG6DJxCULK+6e4eNM=,ZzpPclsAZwCjHosgAbr/8GkqhZ8=
62,-11,mHLttKVgtJEG6DJxCULK+6e4eNM=,sqTwiOPU+J2ypAGPf+ZVvvTlENk=
63,-11,mHLttKVgtJEG6DJxCULK+6e4eNM=,sqTwiOPU+J2ypAGPf+ZVvvTlENk=
62,-12,mHLttKVgtJEG6DJxCULK+6e4eNM=,sqTwiOPU+J2ypAGPf+ZVvvTlENk=
63,-13,mHLttKVgtJEG6DJxCULK+6e4eNM=,ZzpPclsAZwCjHosgAbr/8GkqhZ8=
63,-12,mHLttKVgtJEG6DJxCULK+6e4eNM=,sqTwiOPU+J2ypAGPf+ZVvvTlENk=
62,-14,mHLttKVgtJEG6DJxCULK+6e4eNM=,ZzpPclsAZwCjHosgAbr/8GkqhZ8=
62,-13,mHLttKVgtJEG6DJxCULK+6e4eNM=,ZzpPclsAZwCjHosgAbr/8GkqhZ8=
63,-14,mHLttKVgtJEG6DJxCULK+6e4eNM=,ZzpPclsAZwCjHosgAbr/8GkqhZ8=
63,-7,mHLttKVgtJEG6DJxCULK+6e4eNM=,NyrCP8IghVMfzIBR2fqVc3eBeTA=
62,-8,mHLttKVgtJEG6DJxCULK+6e4eNM=,NyrCP8IghVMfzIBR2fqVc3eBeTA=
62,-10,mHLttKVgtJEG6DJxCULK+6e4eNM=,sqTwiOPU+J2ypAGPf+ZVvvTlENk=
63,-8,mHLttKVgtJEG6DJxCULK+6e4eNM=,NyrCP8IghVMfzIBR2fqVc3eBeTA=
63,-10,mHLttKVgtJEG6DJxCULK+6e4eNM=,sqTwiOPU+J2ypAGPf+ZVvvTlENk=
63,-9,mHLttKVgtJEG6DJxCULK+6e4eNM=,sqTwiOPU+J2ypAGPf+ZVvvTlENk=
62,-7,mHLttKVgtJEG6DJxCULK+6e4eNM=,NyrCP8IghVMfzIBR2fqVc3eBeTA=
62,-9,mHLttKVgtJEG6DJxCULK+6e4eNM=,sqTwiOPU+J2ypAGPf+ZVvvTlENk=
63,-5,mHLttKVgtJEG6DJxCULK+6e4eNM=,NyrCP8IghVMfzIBR2fqVc3eBeTA=
63,-6,mHLttKVgtJEG6DJxCULK+6e4eNM=,NyrCP8IghVMfzIBR2fqVc3eBeTA=
63,-1,mHLttKVgtJEG6DJxCULK+6e4eNM=,AImZp5r5JUc/v3/YbdWQkAfARp0=
62,-6,mHLttKVgtJEG6DJxCULK+6e4eNM=,NyrCP8IghVMfzIBR2fqVc3eBeTA=
62,-5,mHLttKVgtJEG6DJxCULK+6e4eNM=,NyrCP8IghVMfzIBR2fqVc3eBeTA=
62,-4,mHLttKVgtJEG6DJxCULK+6e4eNM=,AImZp5r5JUc/v3/YbdWQkAfARp0=
62,-3,mHLttKVgtJEG6DJxCULK+6e4eNM=,AImZp5r5JUc/v3/YbdWQkAfARp0=
63,-4,mHLttKVgtJEG6DJxCULK+6e4eNM=,AImZp5r5JUc/v3/YbdWQkAfARp0=
62,-2,mHLttKVgtJEG6DJxCULK+6e4eNM=,AImZp5r5JUc/v3/YbdWQkAfARp0=
63,-2,mHLttKVgtJEG6DJxCULK+6e4eNM=,AImZp5r5JUc/v3/YbdWQkAfARp0=
62,-1,mHLttKVgtJEG6DJxCULK+6e4eNM=,AImZp5r5JUc/v3/YbdWQkAfARp0=
63,-3,mHLttKVgtJEG6DJxCULK+6e4eNM=,AImZp5r5JUc/v3/YbdWQkAfARp0=
48,-1,mHLttKVgtJEG6DJxCULK+6e4eNM=,EJTWsdIu5OWcG0k99mb+aatLENA=
48,-2,mHLttKVgtJEG6DJxCULK+6e4eNM=,EJTWsdIu5OWcG0k99mb+aatLENA=
49,-1,mHLttKVgtJEG6DJxCULK+6e4eNM=,EJTWsdIu5OWcG0k99mb+aatLENA=
49,-2,mHLttKVgtJEG6DJxCULK+6e4eNM=,EJTWsdIu5OWcG0k99mb+aatLENA=
48,-16,mHLttKVgtJEG6DJxCULK+6e4eNM=,JI7345EuJ8OLLpXXtMJHW2F+jBE=
63,-16,mHLttKVgtJEG6DJxCULK+6e4eNM=,ZzpPclsAZwCjHosgAbr/8GkqhZ8=
49,-15,mHLttKVgtJEG6DJxCULK+6e4eNM=,JI7345EuJ8OLLpXXtMJHW2F+jBE=
48,-15,mHLttKVgtJEG6DJxCULK+6e4eNM=,JI7345EuJ8OLLpXXtMJHW2F+jBE=
62,-16,mHLttKVgtJEG6DJxCULK+6e4eNM=,ZzpPclsAZwCjHosgAbr/8GkqhZ8=
49,-16,mHLttKVgtJEG6DJxCULK+6e4eNM=,JI7345EuJ8OLLpXXtMJHW2F+jBE=
63,-15,mHLttKVgtJEG6DJxCULK+6e4eNM=,ZzpPclsAZwCjHosgAbr/8GkqhZ8=
62,-15,mHLttKVgtJEG6DJxCULK+6e4eNM=,ZzpPclsAZwCjHosgAbr/8GkqhZ8=
57,-27,VRfYTVIDLZ/D+50TLEA4MB78zig=,NJZ0UU2d+YbrsavCG+GyhCKnsmo=
58,-28,VRfYTVIDLZ/D+50TLEA4MB78zig=,NJZ0UU2d+YbrsavCG+GyhCKnsmo=
57,-28,VRfYTVIDLZ/D+50TLEA4MB78zig=,NJZ0UU2d+YbrsavCG+GyhCKnsmo=
58,-26,VRfYTVIDLZ/D+50TLEA4MB78zig=,NJZ0UU2d+YbrsavCG+GyhCKnsmo=
57,-26,VRfYTVIDLZ/D+50TLEA4MB78zig=,NJZ0UU2d+YbrsavCG+GyhCKnsmo=
58,-27,VRfYTVIDLZ/D+50TLEA4MB78zig=,NJZ0UU2d+YbrsavCG+GyhCKnsmo=
60,-27,cTFnUqocZ19b7urvygpGeP6EtSs=,sPYY8DC+hcsmK8Jw/mlUJ6VIyvk=
59,-27,cTFnUqocZ19b7urvygpGeP6EtSs=,NJZ0UU2d+YbrsavCG+GyhCKnsmo=
60,-26,cTFnUqocZ19b7urvygpGeP6EtSs=,sPYY8DC+hcsmK8Jw/mlUJ6VIyvk=
59,-26,cTFnUqocZ19b7urvygpGeP6EtSs=,NJZ0UU2d+YbrsavCG+GyhCKnsmo=
61,-27,cTFnUqocZ19b7urvygpGeP6EtSs=,sPYY8DC+hcsmK8Jw/mlUJ6VIyvk=
62,-27,cTFnUqocZ19b7urvygpGeP6EtSs=,sPYY8DC+hcsmK8Jw/mlUJ6VIyvk=
61,-26,vfbKuj0pEOoXs4e/yHeYBglzCGI=,sPYY8DC+hcsmK8Jw/mlUJ6VIyvk=
59,-25,vfbKuj0pEOoXs4e/yHeYBglzCGI=,NJZ0UU2d+YbrsavCG+GyhCKnsmo=
58,-25,vfbKuj0pEOoXs4e/yHeYBglzCGI=,NJZ0UU2d+YbrsavCG+GyhCKnsmo=
60,-25,vfbKuj0pEOoXs4e/yHeYBglzCGI=,sPYY8DC+hcsmK8Jw/mlUJ6VIyvk=
61,-25,vfbKuj0pEOoXs4e/yHeYBglzCGI=,sPYY8DC+hcsmK8Jw/mlUJ6VIyvk=
60,-23,vfbKuj0pEOoXs4e/yHeYBglzCGI=,L9ELWCtSuA/Qz7sKFaVvJKLxrkQ=
60,-24,vfbKuj0pEOoXs4e/yHeYBglzCGI=,L9ELWCtSuA/Qz7sKFaVvJKLxrkQ=
59,-23,vfbKuj0pEOoXs4e/yHeYBglzCGI=,s2VvnTrg7p4fJU4CKJI2oZJY1n8=
61,-24,vfbKuj0pEOoXs4e/yHeYBglzCGI=,L9ELWCtSuA/Qz7sKFaVvJKLxrkQ=
58,-23,vfbKuj0pEOoXs4e/yHeYBglzCGI=,s2VvnTrg7p4fJU4CKJI2oZJY1n8=
61,-23,vfbKuj0pEOoXs4e/yHeYBglzCGI=,L9ELWCtSuA/Qz7sKFaVvJKLxrkQ=
59,-24,vfbKuj0pEOoXs4e/yHeYBglzCGI=,s2VvnTrg7p4fJU4CKJI2oZJY1n8=
58,-24,vfbKuj0pEOoXs4e/yHeYBglzCGI=,s2VvnTrg7p4fJU4CKJI2oZJY1n8=
54,-21,05GdZcjnyodNq/bvoicGESUwQ38=,x4m8w+wXpc4pJMiRL8R7bGnpGKI=
55,-21,05GdZcjnyodNq/bvoicGESUwQ38=,x4m8w+wXpc4pJMiRL8R7bGnpGKI=
55,-19,05GdZcjnyodNq/bvoicGESUwQ38=,xtPx8YDC7LJnOrL5eUlnPlQOy5A=
54,-20,05GdZcjnyodNq/bvoicGESUwQ38=,xtPx8YDC7LJnOrL5eUlnPlQOy5A=
53,-21,05GdZcjnyodNq/bvoicGESUwQ38=,x4m8w+wXpc4pJMiRL8R7bGnpGKI=
52,-22,05GdZcjnyodNq/bvoicGESUwQ38=,x4m8w+wXpc4pJMiRL8R7bGnpGKI=
51,-22,05GdZcjnyodNq/bvoicGESUwQ38=,7TfQwTt5tG87XXX3oC2l71jn2qg=
50,-22,05GdZcjnyodNq/bvoicGESUwQ38=,7TfQwTt5tG87XXX3oC2l71jn2qg=
53,-22,05GdZcjnyodNq/bvoicGESUwQ38=,x4m8w+wXpc4pJMiRL8R7bGnpGKI=
57,-21,05GdZcjnyodNq/bvoicGESUwQ38=,s2VvnTrg7p4fJU4CKJI2oZJY1n8=
55,-20,05GdZcjnyodNq/bvoicGESUwQ38=,xtPx8YDC7LJnOrL5eUlnPlQOy5A=
57,-22,05GdZcjnyodNq/bvoicGESUwQ38=,s2VvnTrg7p4fJU4CKJI2oZJY1n8=
56,-21,05GdZcjnyodNq/bvoicGESUwQ38=,s2VvnTrg7p4fJU4CKJI2oZJY1n8=
51,-19,05GdZcjnyodNq/bvoicGESUwQ38=,ESibbTAyqvPZOaX8oDmcXskRRR0=
52,-19,05GdZcjnyodNq/bvoicGESUwQ38=,xtPx8YDC7LJnOrL5eUlnPlQOy5A=
54,-22,05GdZcjnyodNq/bvoicGESUwQ38=,x4m8w+wXpc4pJMiRL8R7bGnpGKI=
50,-20,05GdZcjnyodNq/bvoicGESUwQ38=,ESibbTAyqvPZOaX8oDmcXskRRR0=
56,-22,05GdZcjnyodNq/bvoicGESUwQ38=,s2VvnTrg7p4fJU4CKJI2oZJY1n8=
55,-22,05GdZcjnyodNq/bvoicGESUwQ38=,x4m8w+wXpc4pJMiRL8R7bGnpGKI=
54,-19,05GdZcjnyodNq/bvoicGESUwQ38=,xtPx8YDC7LJnOrL5eUlnPlQOy5A=
51,-21,05GdZcjnyodNq/bvoicGESUwQ38=,7TfQwTt5tG87XXX3oC2l71jn2qg=
50,-19,05GdZcjnyodNq/bvoicGESUwQ38=,ESibbTAyqvPZOaX8oDmcXskRRR0=
50,-21,05GdZcjnyodNq/bvoicGESUwQ38=,7TfQwTt5tG87XXX3oC2l71jn2qg=
52,-20,05GdZcjnyodNq/bvoicGESUwQ38=,xtPx8YDC7LJnOrL5eUlnPlQOy5A=
53,-20,05GdZcjnyodNq/bvoicGESUwQ38=,xtPx8YDC7LJnOrL5eUlnPlQOy5A=
51,-20,05GdZcjnyodNq/bvoicGESUwQ38=,ESibbTAyqvPZOaX8oDmcXskRRR0=
53,-19,05GdZcjnyodNq/bvoicGESUwQ38=,xtPx8YDC7LJnOrL5eUlnPlQOy5A=
57,-19,05GdZcjnyodNq/bvoicGESUwQ38=,oNpNaKlROAbvyIO0AvR267CZpc8=
52,-21,05GdZcjnyodNq/bvoicGESUwQ38=,x4m8w+wXpc4pJMiRL8R7bGnpGKI=
56,-20,05GdZcjnyodNq/bvoicGESUwQ38=,oNpNaKlROAbvyIO0AvR267CZpc8=
56,-19,05GdZcjnyodNq/bvoicGESUwQ38=,oNpNaKlROAbvyIO0AvR267CZpc8=
57,-20,05GdZcjnyodNq/bvoicGESUwQ38=,oNpNaKlROAbvyIO0AvR267CZpc8=
60,-21,05GdZcjnyodNq/bvoicGESUwQ38=,L9ELWCtSuA/Qz7sKFaVvJKLxrkQ=
61,-21,05GdZcjnyodNq/bvoicGESUwQ38=,L9ELWCtSuA/Qz7sKFaVvJKLxrkQ=
58,-21,05GdZcjnyodNq/bvoicGESUwQ38=,s2VvnTrg7p4fJU4CKJI2oZJY1n8=
58,-20,05GdZcjnyodNq/bvoicGESUwQ38=,oNpNaKlROAbvyIO0AvR267CZpc8=
60,-22,05GdZcjnyodNq/bvoicGESUwQ38=,L9ELWCtSuA/Qz7sKFaVvJKLxrkQ=
58,-22,05GdZcjnyodNq/bvoicGESUwQ38=,s2VvnTrg7p4fJU4CKJI2oZJY1n8=
59,-21,05GdZcjnyodNq/bvoicGESUwQ38=,s2VvnTrg7p4fJU4CKJI2oZJY1n8=
61,-22,05GdZcjnyodNq/bvoicGESUwQ38=,L9ELWCtSuA/Qz7sKFaVvJKLxrkQ=
59,-22,4QsCaP5b4T8pqwPjhTIdhhtxXrk=,s2VvnTrg7p4fJU4CKJI2oZJY1n8=
59,-19,4QsCaP5b4T8pqwPjhTIdhhtxXrk=,oNpNaKlROAbvyIO0AvR267CZpc8=
60,-19,4QsCaP5b4T8pqwPjhTIdhhtxXrk=,aBP6Yfwwxt22tkVA8FdxC4pFdxE=
58,-19,4QsCaP5b4T8pqwPjhTIdhhtxXrk=,oNpNaKlROAbvyIO0AvR267CZpc8=
59,-20,4QsCaP5b4T8pqwPjhTIdhhtxXrk=,oNpNaKlROAbvyIO0AvR267CZpc8=
61,-19,4QsCaP5b4T8pqwPjhTIdhhtxXrk=,aBP6Yfwwxt22tkVA8FdxC4pFdxE=
60,-20,4QsCaP5b4T8pqwPjhTIdhhtxXrk=,aBP6Yfwwxt22tkVA8FdxC4pFdxE=
61,-20,4QsCaP5b4T8pqwPjhTIdhhtxXrk=,aBP6Yfwwxt22tkVA8FdxC4pFdxE=
63,-27,4QsCaP5b4T8pqwPjhTIdhhtxXrk=,sPYY8DC+hcsmK8Jw/mlUJ6VIyvk=
63,-26,4QsCaP5b4T8pqwPjhTIdhhtxXrk=,sPYY8DC+hcsmK8Jw/mlUJ6VIyvk=
60,-28,4QsCaP5b4T8pqwPjhTIdhhtxXrk=,sPYY8DC+hcsmK8Jw/mlUJ6VIyvk=
61,-28,4QsCaP5b4T8pqwPjhTIdhhtxXrk=,sPYY8DC+hcsmK8Jw/mlUJ6VIyvk=
62,-28,4QsCaP5b4T8pqwPjhTIdhhtxXrk=,sPYY8DC+hcsmK8Jw/mlUJ6VIyvk=
59,-28,4QsCaP5b4T8pqwPjhTIdhhtxXrk=,NJZ0UU2d+YbrsavCG+GyhCKnsmo=
55,-18,4QsCaP5b4T8pqwPjhTIdhhtxXrk=,xtPx8YDC7LJnOrL5eUlnPlQOy5A=
54,-18,4QsCaP5b4T8pqwPjhTIdhhtxXrk=,xtPx8YDC7LJnOrL5eUlnPlQOy5A=
54,-17,4QsCaP5b4T8pqwPjhTIdhhtxXrk=,xtPx8YDC7LJnOrL5eUlnPlQOy5A=
63,-28,4QsCaP5b4T8pqwPjhTIdhhtxXrk=,sPYY8DC+hcsmK8Jw/mlUJ6VIyvk=
55,-17,4QsCaP5b4T8pqwPjhTIdhhtxXrk=,xtPx8YDC7LJnOrL5eUlnPlQOy5A=
57,-18,4QsCaP5b4T8pqwPjhTIdhhtxXrk=,oNpNaKlROAbvyIO0AvR267CZpc8=
56,-18,4QsCaP5b4T8pqwPjhTIdhhtxXrk=,oNpNaKlROAbvyIO0AvR267CZpc8=
57,-17,4QsCaP5b4T8pqwPjhTIdhhtxXrk=,oNpNaKlROAbvyIO0AvR267CZpc8=
56,-17,4QsCaP5b4T8pqwPjhTIdhhtxXrk=,oNpNaKlROAbvyIO0AvR267CZpc8=
58,-17,4QsCaP5b4T8pqwPjhTIdhhtxXrk=,oNpNaKlROAbvyIO0AvR267CZpc8=
59,-17,4QsCaP5b4T8pqwPjhTIdhhtxXrk=,oNpNaKlROAbvyIO0AvR267CZpc8=
56,-27,4QsCaP5b4T8pqwPjhTIdhhtxXrk=,NJZ0UU2d+YbrsavCG+GyhCKnsmo=
49,-26,4QsCaP5b4T8pqwPjhTIdhhtxXrk=,NjxVPb97mpW94ys8lMiYG//utGk=
49,-27,4QsCaP5b4T8pqwPjhTIdhhtxXrk=,NjxVPb97mpW94ys8lMiYG//utGk=
52,-26,4QsCaP5b4T8pqwPjhTIdhhtxXrk=,YEoCmJMpL/zPgMkvbKgSDrKe7Mg=
50,-26,4QsCaP5b4T8pqwPjhTIdhhtxXrk=,NjxVPb97mpW94ys8lMiYG//utGk=
51,-26,4QsCaP5b4T8pqwPjhTIdhhtxXrk=,NjxVPb97mpW94ys8lMiYG//utGk=
50,-27,4QsCaP5b4T8pqwPjhTIdhhtxXrk=,NjxVPb97mpW94ys8lMiYG//utGk=
51,-27,4QsCaP5b4T8pqwPjhTIdhhtxXrk=,NjxVPb97mpW94ys8lMiYG//utGk=
52,-27,4QsCaP5b4T8pqwPjhTIdhhtxXrk=,YEoCmJMpL/zPgMkvbKgSDrKe7Mg=
56,-28,4QsCaP5b4T8pqwPjhTIdhhtxXrk=,NJZ0UU2d+YbrsavCG+GyhCKnsmo=
53,-28,4QsCaP5b4T8pqwPjhTIdhhtxXrk=,YEoCmJMpL/zPgMkvbKgSDrKe7Mg=
54,-28,4QsCaP5b4T8pqwPjhTIdhhtxXrk=,YEoCmJMpL/zPgMkvbKgSDrKe7Mg=
55,-28,4QsCaP5b4T8pqwPjhTIdhhtxXrk=,YEoCmJMpL/zPgMkvbKgSDrKe7Mg=
60,-17,4QsCaP5b4T8pqwPjhTIdhhtxXrk=,aBP6Yfwwxt22tkVA8FdxC4pFdxE=
55,-27,4QsCaP5b4T8pqwPjhTIdhhtxXrk=,YEoCmJMpL/zPgMkvbKgSDrKe7Mg=
54,-27,4QsCaP5b4T8pqwPjhTIdhhtxXrk=,YEoCmJMpL/zPgMkvbKgSDrKe7Mg=
60,-18,4QsCaP5b4T8pqwPjhTIdhhtxXrk=,aBP6Yfwwxt22tkVA8FdxC4pFdxE=
50,-23,4QsCaP5b4T8pqwPjhTIdhhtxXrk=,7TfQwTt5tG87XXX3oC2l71jn2qg=
53,-27,4QsCaP5b4T8pqwPjhTIdhhtxXrk=,YEoCmJMpL/zPgMkvbKgSDrKe7Mg=
50,-25,4QsCaP5b4T8pqwPjhTIdhhtxXrk=,NjxVPb97mpW94ys8lMiYG//utGk=
51,-25,4QsCaP5b4T8pqwPjhTIdhhtxXrk=,NjxVPb97mpW94ys8lMiYG//utGk=
61,-17,4QsCaP5b4T8pqwPjhTIdhhtxXrk=,aBP6Yfwwxt22tkVA8FdxC4pFdxE=
50,-24,4QsCaP5b4T8pqwPjhTIdhhtxXrk=,7TfQwTt5tG87XXX3oC2l71jn2qg=
61,-18,4QsCaP5b4T8pqwPjhTIdhhtxXrk=,aBP6Yfwwxt22tkVA8FdxC4pFdxE=
55,-26,4QsCaP5b4T8pqwPjhTIdhhtxXrk=,YEoCmJMpL/zPgMkvbKgSDrKe7Mg=
55,-24,4QsCaP5b4T8pqwPjhTIdhhtxXrk=,x4m8w+wXpc4pJMiRL8R7bGnpGKI=
52,-24,4QsCaP5b4T8pqwPjhTIdhhtxXrk=,x4m8w+wXpc4pJMiRL8R7bGnpGKI=
51,-23,4QsCaP5b4T8pqwPjhTIdhhtxXrk=,7TfQwTt5tG87XXX3oC2l71jn2qg=
52,-23,4QsCaP5b4T8pqwPjhTIdhhtxXrk=,x4m8w+wXpc4pJMiRL8R7bGnpGKI=
51,-24,4QsCaP5b4T8pqwPjhTIdhhtxXrk=,7TfQwTt5tG87XXX3oC2l71jn2qg=
55,-23,4QsCaP5b4T8pqwPjhTIdhhtxXrk=,x4m8w+wXpc4pJMiRL8R7bGnpGKI=
54,-23,4QsCaP5b4T8pqwPjhTIdhhtxXrk=,x4m8w+wXpc4pJMiRL8R7bGnpGKI=
53,-23,4QsCaP5b4T8pqwPjhTIdhhtxXrk=,x4m8w+wXpc4pJMiRL8R7bGnpGKI=
54,-26,4QsCaP5b4T8pqwPjhTIdhhtxXrk=,YEoCmJMpL/zPgMkvbKgSDrKe7Mg=
56,-26,4QsCaP5b4T8pqwPjhTIdhhtxXrk=,NJZ0UU2d+YbrsavCG+GyhCKnsmo=
54,-24,4QsCaP5b4T8pqwPjhTIdhhtxXrk=,x4m8w+wXpc4pJMiRL8R7bGnpGKI=
53,-24,4QsCaP5b4T8pqwPjhTIdhhtxXrk=,x4m8w+wXpc4pJMiRL8R7bGnpGKI=
53,-26,4QsCaP5b4T8pqwPjhTIdhhtxXrk=,YEoCmJMpL/zPgMkvbKgSDrKe7Mg=
53,-25,4QsCaP5b4T8pqwPjhTIdhhtxXrk=,YEoCmJMpL/zPgMkvbKgSDrKe7Mg=
54,-25,4QsCaP5b4T8pqwPjhTIdhhtxXrk=,YEoCmJMpL/zPgMkvbKgSDrKe7Mg=
55,-25,4QsCaP5b4T8pqwPjhTIdhhtxXrk=,YEoCmJMpL/zPgMkvbKgSDrKe7Mg=
52,-25,4QsCaP5b4T8pqwPjhTIdhhtxXrk=,YEoCmJMpL/zPgMkvbKgSDrKe7Mg=
56,-25,4QsCaP5b4T8pqwPjhTIdhhtxXrk=,NJZ0UU2d+YbrsavCG+GyhCKnsmo=
59,-18,4QsCaP5b4T8pqwPjhTIdhhtxXrk=,oNpNaKlROAbvyIO0AvR267CZpc8=
57,-25,4QsCaP5b4T8pqwPjhTIdhhtxXrk=,NJZ0UU2d+YbrsavCG+GyhCKnsmo=
58,-18,4QsCaP5b4T8pqwPjhTIdhhtxXrk=,oNpNaKlROAbvyIO0AvR267CZpc8=
57,-23,4QsCaP5b4T8pqwPjhTIdhhtxXrk=,s2VvnTrg7p4fJU4CKJI2oZJY1n8=
57,-24,4QsCaP5b4T8pqwPjhTIdhhtxXrk=,s2VvnTrg7p4fJU4CKJI2oZJY1n8=
63,-17,4QsCaP5b4T8pqwPjhTIdhhtxXrk=,aBP6Yfwwxt22tkVA8FdxC4pFdxE=
62,-17,4QsCaP5b4T8pqwPjhTIdhhtxXrk=,aBP6Yfwwxt22tkVA8FdxC4pFdxE=
62,-18,4QsCaP5b4T8pqwPjhTIdhhtxXrk=,aBP6Yfwwxt22tkVA8FdxC4pFdxE=
63,-18,4QsCaP5b4T8pqwPjhTIdhhtxXrk=,aBP6Yfwwxt22tkVA8FdxC4pFdxE=
56,-24,4QsCaP5b4T8pqwPjhTIdhhtxXrk=,s2VvnTrg7p4fJU4CKJI2oZJY1n8=
56,-23,4QsCaP5b4T8pqwPjhTIdhhtxXrk=,s2VvnTrg7p4fJU4CKJI2oZJY1n8=
62,-26,4QsCaP5b4T8pqwPjhTIdhhtxXrk=,sPYY8DC+hcsmK8Jw/mlUJ6VIyvk=
63,-20,ul6igjqLHvtVgQGpwb7oM/CDrqs=,aBP6Yfwwxt22tkVA8FdxC4pFdxE=
62,-19,ul6igjqLHvtVgQGpwb7oM/CDrqs=,aBP6Yfwwxt22tkVA8FdxC4pFdxE=
62,-20,ul6igjqLHvtVgQGpwb7oM/CDrqs=,aBP6Yfwwxt22tkVA8FdxC4pFdxE=
63,-22,ul6igjqLHvtVgQGpwb7oM/CDrqs=,L9ELWCtSuA/Qz7sKFaVvJKLxrkQ=
62,-21,ul6igjqLHvtVgQGpwb7oM/CDrqs=,L9ELWCtSuA/Qz7sKFaVvJKLxrkQ=
63,-19,ul6igjqLHvtVgQGpwb7oM/CDrqs=,aBP6Yfwwxt22tkVA8FdxC4pFdxE=
63,-25,ul6igjqLHvtVgQGpwb7oM/CDrqs=,sPYY8DC+hcsmK8Jw/mlUJ6VIyvk=
62,-22,ul6igjqLHvtVgQGpwb7oM/CDrqs=,L9ELWCtSuA/Qz7sKFaVvJKLxrkQ=
62,-25,ul6igjqLHvtVgQGpwb7oM/CDrqs=,sPYY8DC+hcsmK8Jw/mlUJ6VIyvk=
63,-21,ul6igjqLHvtVgQGpwb7oM/CDrqs=,L9ELWCtSuA/Qz7sKFaVvJKLxrkQ=
51,-17,ul6igjqLHvtVgQGpwb7oM/CDrqs=,ESibbTAyqvPZOaX8oDmcXskRRR0=
53,-18,ul6igjqLHvtVgQGpwb7oM/CDrqs=,xtPx8YDC7LJnOrL5eUlnPlQOy5A=
50,-18,ul6igjqLHvtVgQGpwb7oM/CDrqs=,ESibbTAyqvPZOaX8oDmcXskRRR0=
51,-18,ul6igjqLHvtVgQGpwb7oM/CDrqs=,ESibbTAyqvPZOaX8oDmcXskRRR0=
50,-17,ul6igjqLHvtVgQGpwb7oM/CDrqs=,ESibbTAyqvPZOaX8oDmcXskRRR0=
52,-18,ul6igjqLHvtVgQGpwb7oM/CDrqs=,xtPx8YDC7LJnOrL5eUlnPlQOy5A=
52,-17,ul6igjqLHvtVgQGpwb7oM/CDrqs=,xtPx8YDC7LJnOrL5eUlnPlQOy5A=
48,-27,ul6igjqLHvtVgQGpwb7oM/CDrqs=,NjxVPb97mpW94ys8lMiYG//utGk=
48,-26,ul6igjqLHvtVgQGpwb7oM/CDrqs=,NjxVPb97mpW94ys8lMiYG//utGk=
53,-17,ul6igjqLHvtVgQGpwb7oM/CDrqs=,xtPx8YDC7LJnOrL5eUlnPlQOy5A=
50,-28,ul6igjqLHvtVgQGpwb7oM/CDrqs=,NjxVPb97mpW94ys8lMiYG//utGk=
51,-28,ul6igjqLHvtVgQGpwb7oM/CDrqs=,NjxVPb97mpW94ys8lMiYG//utGk=
49,-28,ul6igjqLHvtVgQGpwb7oM/CDrqs=,NjxVPb97mpW94ys8lMiYG//utGk=
52,-28,ul6igjqLHvtVgQGpwb7oM/CDrqs=,YEoCmJMpL/zPgMkvbKgSDrKe7Mg=
48,-28,ul6igjqLHvtVgQGpwb7oM/CDrqs=,NjxVPb97mpW94ys8lMiYG//utGk=
62,-24,ul6igjqLHvtVgQGpwb7oM/CDrqs=,L9ELWCtSuA/Qz7sKFaVvJKLxrkQ=
62,-23,ul6igjqLHvtVgQGpwb7oM/CDrqs=,L9ELWCtSuA/Qz7sKFaVvJKLxrkQ=
49,-18,ul6igjqLHvtVgQGpwb7oM/CDrqs=,ESibbTAyqvPZOaX8oDmcXskRRR0=
48,-17,ul6igjqLHvtVgQGpwb7oM/CDrqs=,ESibbTAyqvPZOaX8oDmcXskRRR0=
48,-18,ul6igjqLHvtVgQGpwb7oM/CDrqs=,ESibbTAyqvPZOaX8oDmcXskRRR0=
49,-17,ul6igjqLHvtVgQGpwb7oM/CDrqs=,ESibbTAyqvPZOaX8oDmcXskRRR0=
48,-25,ul6igjqLHvtVgQGpwb7oM/CDrqs=,NjxVPb97mpW94ys8lMiYG//utGk=
49,-25,ul6igjqLHvtVgQGpwb7oM/CDrqs=,NjxVPb97mpW94ys8lMiYG//utGk=
48,-24,ul6igjqLHvtVgQGpwb7oM/CDrqs=,7TfQwTt5tG87XXX3oC2l71jn2qg=
48,-22,ul6igjqLHvtVgQGpwb7oM/CDrqs=,7TfQwTt5tG87XXX3oC2l71jn2qg=
49,-23,ul6igjqLHvtVgQGpwb7oM/CDrqs=,7TfQwTt5tG87XXX3oC2l71jn2qg=
49,-20,ul6igjqLHvtVgQGpwb7oM/CDrqs=,ESibbTAyqvPZOaX8oDmcXskRRR0=
63,-24,ul6igjqLHvtVgQGpwb7oM/CDrqs=,L9ELWCtSuA/Qz7sKFaVvJKLxrkQ=
49,-22,ul6igjqLHvtVgQGpwb7oM/CDrqs=,7TfQwTt5tG87XXX3oC2l71jn2qg=
48,-20,ul6igjqLHvtVgQGpwb7oM/CDrqs=,ESibbTAyqvPZOaX8oDmcXskRRR0=
49,-19,ul6igjqLHvtVgQGpwb7oM/CDrqs=,ESibbTAyqvPZOaX8oDmcXskRRR0=
49,-21,ul6igjqLHvtVgQGpwb7oM/CDrqs=,7TfQwTt5tG87XXX3oC2l71jn2qg=
49,-24,ul6igjqLHvtVgQGpwb7oM/CDrqs=,7TfQwTt5tG87XXX3oC2l71jn2qg=
48,-19,ul6igjqLHvtVgQGpwb7oM/CDrqs=,ESibbTAyqvPZOaX8oDmcXskRRR0=
48,-23,ul6igjqLHvtVgQGpwb7oM/CDrqs=,7TfQwTt5tG87XXX3oC2l71jn2qg=
48,-21,ul6igjqLHvtVgQGpwb7oM/CDrqs=,7TfQwTt5tG87XXX3oC2l71jn2qg=
63,-23,ul6igjqLHvtVgQGpwb7oM/CDrqs=,L9ELWCtSuA/Qz7sKFaVvJKLxrkQ=
34,-21,3Lo1ajpNHyaMGGElMEFcp43SnYM=,JKvUsa/3xMUlkDMugU96d0NU7TQ=
36,-22,3Lo1ajpNHyaMGGElMEFcp43SnYM=,oZ4HwIVjT63pv39Jvlgm9VG6A88=
35,-21,3Lo1ajpNHyaMGGElMEFcp43SnYM=,JKvUsa/3xMUlkDMugU96d0NU7TQ=
37,-21,3Lo1ajpNHyaMGGElMEFcp43SnYM=,oZ4HwIVjT63pv39Jvlgm9VG6A88=
37,-20,3Lo1ajpNHyaMGGElMEFcp43SnYM=,YTBvX+4/McTA2MnjEj13KFd6uC4=
34,-20,3Lo1ajpNHyaMGGElMEFcp43SnYM=,20iNGc3caDKlxlOrtxajTGNPwf0=
34,-19,3Lo1ajpNHyaMGGElMEFcp43SnYM=,20iNGc3caDKlxlOrtxajTGNPwf0=
35,-22,3Lo1ajpNHyaMGGElMEFcp43SnYM=,JKvUsa/3xMUlkDMugU96d0NU7TQ=
36,-19,3Lo1ajpNHyaMGGElMEFcp43SnYM=,YTBvX+4/McTA2MnjEj13KFd6uC4=
36,-21,3Lo1ajpNHyaMGGElMEFcp43SnYM=,oZ4HwIVjT63pv39Jvlgm9VG6A88=
34,-22,3Lo1ajpNHyaMGGElMEFcp43SnYM=,JKvUsa/3xMUlkDMugU96d0NU7TQ=
35,-20,3Lo1ajpNHyaMGGElMEFcp43SnYM=,20iNGc3caDKlxlOrtxajTGNPwf0=
37,-22,3Lo1ajpNHyaMGGElMEFcp43SnYM=,oZ4HwIVjT63pv39Jvlgm9VG6A88=
37,-19,3Lo1ajpNHyaMGGElMEFcp43SnYM=,YTBvX+4/McTA2MnjEj13KFd6uC4=
36,-20,3Lo1ajpNHyaMGGElMEFcp43SnYM=,YTBvX+4/McTA2MnjEj13KFd6uC4=
35,-19,3Lo1ajpNHyaMGGElMEFcp43SnYM=,20iNGc3caDKlxlOrtxajTGNPwf0=
41,-27,5xnAkVhWTiFdqVembUeOLWcRiQA=,g5n5m6VrHXD7nmoM1Uzht6AUNIg=
46,-27,5xnAkVhWTiFdqVembUeOLWcRiQA=,mwo6HBWlag4H35d06rmOvt/N4lo=
44,-26,5xnAkVhWTiFdqVembUeOLWcRiQA=,mwo6HBWlag4H35d06rmOvt/N4lo=
45,-26,5xnAkVhWTiFdqVembUeOLWcRiQA=,mwo6HBWlag4H35d06rmOvt/N4lo=
46,-26,5xnAkVhWTiFdqVembUeOLWcRiQA=,mwo6HBWlag4H35d06rmOvt/N4lo=
43,-27,5xnAkVhWTiFdqVembUeOLWcRiQA=,g5n5m6VrHXD7nmoM1Uzht6AUNIg=
44,-27,5xnAkVhWTiFdqVembUeOLWcRiQA=,mwo6HBWlag4H35d06rmOvt/N4lo=
43,-26,5xnAkVhWTiFdqVembUeOLWcRiQA=,g5n5m6VrHXD7nmoM1Uzht6AUNIg=
45,-27,5xnAkVhWTiFdqVembUeOLWcRiQA=,mwo6HBWlag4H35d06rmOvt/N4lo=
42,-26,5xnAkVhWTiFdqVembUeOLWcRiQA=,g5n5m6VrHXD7nmoM1Uzht6AUNIg=
41,-26,5xnAkVhWTiFdqVembUeOLWcRiQA=,g5n5m6VrHXD7nmoM1Uzht6AUNIg=
45,-25,5xnAkVhWTiFdqVembUeOLWcRiQA=,mwo6HBWlag4H35d06rmOvt/N4lo=
44,-25,5xnAkVhWTiFdqVembUeOLWcRiQA=,mwo6HBWlag4H35d06rmOvt/N4lo=
42,-25,5xnAkVhWTiFdqVembUeOLWcRiQA=,g5n5m6VrHXD7nmoM1Uzht6AUNIg=
44,-23,5xnAkVhWTiFdqVembUeOLWcRiQA=,5NUoiIC2h2SxAfDZMfrGtQhk5hc=
45,-23,5xnAkVhWTiFdqVembUeOLWcRiQA=,5NUoiIC2h2SxAfDZMfrGtQhk5hc=
42,-27,5xnAkVhWTiFdqVembUeOLWcRiQA=,g5n5m6VrHXD7nmoM1Uzht6AUNIg=
44,-24,5xnAkVhWTiFdqVembUeOLWcRiQA=,5NUoiIC2h2SxAfDZMfrGtQhk5hc=
45,-24,5xnAkVhWTiFdqVembUeOLWcRiQA=,5NUoiIC2h2SxAfDZMfrGtQhk5hc=
43,-25,5xnAkVhWTiFdqVembUeOLWcRiQA=,g5n5m6VrHXD7nmoM1Uzht6AUNIg=
42,-24,5xnAkVhWTiFdqVembUeOLWcRiQA=,3v32WfW28uGmKbvasUrmBfJH9ss=
43,-23,5xnAkVhWTiFdqVembUeOLWcRiQA=,3v32WfW28uGmKbvasUrmBfJH9ss=
42,-23,5xnAkVhWTiFdqVembUeOLWcRiQA=,3v32WfW28uGmKbvasUrmBfJH9ss=
43,-24,5xnAkVhWTiFdqVembUeOLWcRiQA=,3v32WfW28uGmKbvasUrmBfJH9ss=
39,-21,5xnAkVhWTiFdqVembUeOLWcRiQA=,oZ4HwIVjT63pv39Jvlgm9VG6A88=
40,-21,5xnAkVhWTiFdqVembUeOLWcRiQA=,3v32WfW28uGmKbvasUrmBfJH9ss=
40,-22,5xnAkVhWTiFdqVembUeOLWcRiQA=,3v32WfW28uGmKbvasUrmBfJH9ss=
39,-20,5xnAkVhWTiFdqVembUeOLWcRiQA=,YTBvX+4/McTA2MnjEj13KFd6uC4=
38,-19,5xnAkVhWTiFdqVembUeOLWcRiQA=,YTBvX+4/McTA2MnjEj13KFd6uC4=
39,-22,5xnAkVhWTiFdqVembUeOLWcRiQA=,oZ4HwIVjT63pv39Jvlgm9VG6A88=
41,-21,5xnAkVhWTiFdqVembUeOLWcRiQA=,3v32WfW28uGmKbvasUrmBfJH9ss=
39,-19,5xnAkVhWTiFdqVembUeOLWcRiQA=,YTBvX+4/McTA2MnjEj13KFd6uC4=
41,-22,5xnAkVhWTiFdqVembUeOLWcRiQA=,3v32WfW28uGmKbvasUrmBfJH9ss=
38,-22,5xnAkVhWTiFdqVembUeOLWcRiQA=,oZ4HwIVjT63pv39Jvlgm9VG6A88=
38,-21,5xnAkVhWTiFdqVembUeOLWcRiQA=,oZ4HwIVjT63pv39Jvlgm9VG6A88=
40,-19,5xnAkVhWTiFdqVembUeOLWcRiQA=,1qP7U2fQdYWh46x4WtxSNGIn9yw=
41,-19,5xnAkVhWTiFdqVembUeOLWcRiQA=,1qP7U2fQdYWh46x4WtxSNGIn9yw=
41,-20,5xnAkVhWTiFdqVembUeOLWcRiQA=,1qP7U2fQdYWh46x4WtxSNGIn9yw=
38,-20,5xnAkVhWTiFdqVembUeOLWcRiQA=,YTBvX+4/McTA2MnjEj13KFd6uC4=
33,-27,5xnAkVhWTiFdqVembUeOLWcRiQA=,4TuLrDVI/l30EMqRFa4f4gNORW4=
34,-27,5xnAkVhWTiFdqVembUeOLWcRiQA=,4TuLrDVI/l30EMqRFa4f4gNORW4=
33,-26,5xnAkVhWTiFdqVembUeOLWcRiQA=,4TuLrDVI/l30EMqRFa4f4gNORW4=
34,-26,5xnAkVhWTiFdqVembUeOLWcRiQA=,4TuLrDVI/l30EMqRFa4f4gNORW4=
40,-20,5xnAkVhWTiFdqVembUeOLWcRiQA=,1qP7U2fQdYWh46x4WtxSNGIn9yw=
37,-27,5xnAkVhWTiFdqVembUeOLWcRiQA=,b0P7JVjLQScZuLKqeguaajoUeVg=
40,-27,5xnAkVhWTiFdqVembUeOLWcRiQA=,g5n5m6VrHXD7nmoM1Uzht6AUNIg=
38,-27,5xnAkVhWTiFdqVembUeOLWcRiQA=,b0P7JVjLQScZuLKqeguaajoUeVg=
39,-27,5xnAkVhWTiFdqVembUeOLWcRiQA=,b0P7JVjLQScZuLKqeguaajoUeVg=
36,-26,5xnAkVhWTiFdqVembUeOLWcRiQA=,b0P7JVjLQScZuLKqeguaajoUeVg=
37,-26,5xnAkVhWTiFdqVembUeOLWcRiQA=,b0P7JVjLQScZuLKqeguaajoUeVg=
36,-27,5xnAkVhWTiFdqVembUeOLWcRiQA=,b0P7JVjLQScZuLKqeguaajoUeVg=
38,-28,5xnAkVhWTiFdqVembUeOLWcRiQA=,b0P7JVjLQScZuLKqeguaajoUeVg=
37,-28,5xnAkVhWTiFdqVembUeOLWcRiQA=,b0P7JVjLQScZuLKqeguaajoUeVg=
35,-26,5xnAkVhWTiFdqVembUeOLWcRiQA=,4TuLrDVI/l30EMqRFa4f4gNORW4=
41,-25,5xnAkVhWTiFdqVembUeOLWcRiQA=,g5n5m6VrHXD7nmoM1Uzht6AUNIg=
41,-24,5xnAkVhWTiFdqVembUeOLWcRiQA=,3v32WfW28uGmKbvasUrmBfJH9ss=
38,-24,5xnAkVhWTiFdqVembUeOLWcRiQA=,oZ4HwIVjT63pv39Jvlgm9VG6A88=
34,-23,5xnAkVhWTiFdqVembUeOLWcRiQA=,JKvUsa/3xMUlkDMugU96d0NU7TQ=
37,-23,5xnAkVhWTiFdqVembUeOLWcRiQA=,oZ4HwIVjT63pv39Jvlgm9VG6A88=
38,-23,5xnAkVhWTiFdqVembUeOLWcRiQA=,oZ4HwIVjT63pv39Jvlgm9VG6A88=
35,-23,5xnAkVhWTiFdqVembUeOLWcRiQA=,JKvUsa/3xMUlkDMugU96d0NU7TQ=
41,-23,5xnAkVhWTiFdqVembUeOLWcRiQA=,3v32WfW28uGmKbvasUrmBfJH9ss=
36,-23,5xnAkVhWTiFdqVembUeOLWcRiQA=,oZ4HwIVjT63pv39Jvlgm9VG6A88=
39,-24,5xnAkVhWTiFdqVembUeOLWcRiQA=,oZ4HwIVjT63pv39Jvlgm9VG6A88=
34,-24,5xnAkVhWTiFdqVembUeOLWcRiQA=,JKvUsa/3xMUlkDMugU96d0NU7TQ=
39,-23,5xnAkVhWTiFdqVembUeOLWcRiQA=,oZ4HwIVjT63pv39Jvlgm9VG6A88=
35,-24,5xnAkVhWTiFdqVembUeOLWcRiQA=,JKvUsa/3xMUlkDMugU96d0NU7TQ=
35,-27,5xnAkVhWTiFdqVembUeOLWcRiQA=,4TuLrDVI/l30EMqRFa4f4gNORW4=
40,-24,5xnAkVhWTiFdqVembUeOLWcRiQA=,3v32WfW28uGmKbvasUrmBfJH9ss=
40,-23,5xnAkVhWTiFdqVembUeOLWcRiQA=,3v32WfW28uGmKbvasUrmBfJH9ss=
40,-26,5xnAkVhWTiFdqVembUeOLWcRiQA=,g5n5m6VrHXD7nmoM1Uzht6AUNIg=
38,-26,5xnAkVhWTiFdqVembUeOLWcRiQA=,b0P7JVjLQScZuLKqeguaajoUeVg=
39,-26,5xnAkVhWTiFdqVembUeOLWcRiQA=,b0P7JVjLQScZuLKqeguaajoUeVg=
40,-25,5xnAkVhWTiFdqVembUeOLWcRiQA=,g5n5m6VrHXD7nmoM1Uzht6AUNIg=
37,-25,5xnAkVhWTiFdqVembUeOLWcRiQA=,b0P7JVjLQScZuLKqeguaajoUeVg=
34,-25,5xnAkVhWTiFdqVembUeOLWcRiQA=,4TuLrDVI/l30EMqRFa4f4gNORW4=
35,-25,5xnAkVhWTiFdqVembUeOLWcRiQA=,4TuLrDVI/l30EMqRFa4f4gNORW4=
36,-25,5xnAkVhWTiFdqVembUeOLWcRiQA=,b0P7JVjLQScZuLKqeguaajoUeVg=
39,-25,5xnAkVhWTiFdqVembUeOLWcRiQA=,b0P7JVjLQScZuLKqeguaajoUeVg=
38,-25,5xnAkVhWTiFdqVembUeOLWcRiQA=,b0P7JVjLQScZuLKqeguaajoUeVg=
36,-24,5xnAkVhWTiFdqVembUeOLWcRiQA=,oZ4HwIVjT63pv39Jvlgm9VG6A88=
37,-24,5xnAkVhWTiFdqVembUeOLWcRiQA=,oZ4HwIVjT63pv39Jvlgm9VG6A88=
43,-21,5xnAkVhWTiFdqVembUeOLWcRiQA=,3v32WfW28uGmKbvasUrmBfJH9ss=
43,-19,5xnAkVhWTiFdqVembUeOLWcRiQA=,1qP7U2fQdYWh46x4WtxSNGIn9yw=
42,-21,5xnAkVhWTiFdqVembUeOLWcRiQA=,3v32WfW28uGmKbvasUrmBfJH9ss=
45,-21,5xnAkVhWTiFdqVembUeOLWcRiQA=,5NUoiIC2h2SxAfDZMfrGtQhk5hc=
45,-22,5xnAkVhWTiFdqVembUeOLWcRiQA=,5NUoiIC2h2SxAfDZMfrGtQhk5hc=
42,-22,5xnAkVhWTiFdqVembUeOLWcRiQA=,3v32WfW28uGmKbvasUrmBfJH9ss=
44,-19,5xnAkVhWTiFdqVembUeOLWcRiQA=,3S6k9U1z6RHumKpKvjQsoMe9lN0=
42,-20,5xnAkVhWTiFdqVembUeOLWcRiQA=,1qP7U2fQdYWh46x4WtxSNGIn9yw=
42,-19,5xnAkVhWTiFdqVembUeOLWcRiQA=,1qP7U2fQdYWh46x4WtxSNGIn9yw=
44,-21,5xnAkVhWTiFdqVembUeOLWcRiQA=,5NUoiIC2h2SxAfDZMfrGtQhk5hc=
45,-19,5xnAkVhWTiFdqVembUeOLWcRiQA=,3S6k9U1z6RHumKpKvjQsoMe9lN0=
44,-22,5xnAkVhWTiFdqVembUeOLWcRiQA=,5NUoiIC2h2SxAfDZMfrGtQhk5hc=
43,-22,5xnAkVhWTiFdqVembUeOLWcRiQA=,3v32WfW28uGmKbvasUrmBfJH9ss=
43,-20,5xnAkVhWTiFdqVembUeOLWcRiQA=,1qP7U2fQdYWh46x4WtxSNGIn9yw=
44,-20,5xnAkVhWTiFdqVembUeOLWcRiQA=,3S6k9U1z6RHumKpKvjQsoMe9lN0=
45,-20,5xnAkVhWTiFdqVembUeOLWcRiQA=,3S6k9U1z6RHumKpKvjQsoMe9lN0=
46,-28,5xnAkVhWTiFdqVembUeOLWcRiQA=,mwo6HBWlag4H35d06rmOvt/N4lo=
47,-26,5xnAkVhWTiFdqVembUeOLWcRiQA=,mwo6HBWlag4H35d06rmOvt/N4lo=
45,-28,5xnAkVhWTiFdqVembUeOLWcRiQA=,mwo6HBWlag4H35d06rmOvt/N4lo=
47,-27,5xnAkVhWTiFdqVembUeOLWcRiQA=,mwo6HBWlag4H35d06rmOvt/N4lo=
32,-27,5xnAkVhWTiFdqVembUeOLWcRiQA=,4TuLrDVI/l30EMqRFa4f4gNORW4=
32,-26,5xnAkVhWTiFdqVembUeOLWcRiQA=,4TuLrDVI/l30EMqRFa4f4gNORW4=
43,-17,5xnAkVhWTiFdqVembUeOLWcRiQA=,1qP7U2fQdYWh46x4WtxSNGIn9yw=
44,-17,5xnAkVhWTiFdqVembUeOLWcRiQA=,3S6k9U1z6RHumKpKvjQsoMe9lN0=
45,-17,5xnAkVhWTiFdqVembUeOLWcRiQA=,3S6k9U1z6RHumKpKvjQsoMe9lN0=
42,-17,5xnAkVhWTiFdqVembUeOLWcRiQA=,1qP7U2fQdYWh46x4WtxSNGIn9yw=
42,-18,5xnAkVhWTiFdqVembUeOLWcRiQA=,1qP7U2fQdYWh46x4WtxSNGIn9yw=
45,-18,5xnAkVhWTiFdqVembUeOLWcRiQA=,3S6k9U1z6RHumKpKvjQsoMe9lN0=
44,-18,5xnAkVhWTiFdqVembUeOLWcRiQA=,3S6k9U1z6RHumKpKvjQsoMe9lN0=
43,-18,5xnAkVhWTiFdqVembUeOLWcRiQA=,1qP7U2fQdYWh46x4WtxSNGIn9yw=
47,-25,5xnAkVhWTiFdqVembUeOLWcRiQA=,mwo6HBWlag4H35d06rmOvt/N4lo=
46,-25,5xnAkVhWTiFdqVembUeOLWcRiQA=,mwo6HBWlag4H35d06rmOvt/N4lo=
47,-23,5xnAkVhWTiFdqVembUeOLWcRiQA=,5NUoiIC2h2SxAfDZMfrGtQhk5hc=
47,-22,5xnAkVhWTiFdqVembUeOLWcRiQA=,5NUoiIC2h2SxAfDZMfrGtQhk5hc=
47,-20,5xnAkVhWTiFdqVembUeOLWcRiQA=,3S6k9U1z6RHumKpKvjQsoMe9lN0=
47,-24,5xnAkVhWTiFdqVembUeOLWcRiQA=,5NUoiIC2h2SxAfDZMfrGtQhk5hc=
46,-22,5xnAkVhWTiFdqVembUeOLWcRiQA=,5NUoiIC2h2SxAfDZMfrGtQhk5hc=
47,-21,5xnAkVhWTiFdqVembUeOLWcRiQA=,5NUoiIC2h2SxAfDZMfrGtQhk5hc=
46,-23,5xnAkVhWTiFdqVembUeOLWcRiQA=,5NUoiIC2h2SxAfDZMfrGtQhk5hc=
46,-21,5xnAkVhWTiFdqVembUeOLWcRiQA=,5NUoiIC2h2SxAfDZMfrGtQhk5hc=
46,-20,5xnAkVhWTiFdqVembUeOLWcRiQA=,3S6k9U1z6RHumKpKvjQsoMe9lN0=
46,-24,5xnAkVhWTiFdqVembUeOLWcRiQA=,5NUoiIC2h2SxAfDZMfrGtQhk5hc=
47,-19,5xnAkVhWTiFdqVembUeOLWcRiQA=,3S6k9U1z6RHumKpKvjQsoMe9lN0=
46,-19,5xnAkVhWTiFdqVembUeOLWcRiQA=,3S6k9U1z6RHumKpKvjQsoMe9lN0=
47,-17,5xnAkVhWTiFdqVembUeOLWcRiQA=,3S6k9U1z6RHumKpKvjQsoMe9lN0=
47,-18,5xnAkVhWTiFdqVembUeOLWcRiQA=,3S6k9U1z6RHumKpKvjQsoMe9lN0=
46,-17,5xnAkVhWTiFdqVembUeOLWcRiQA=,3S6k9U1z6RHumKpKvjQsoMe9lN0=
46,-18,5xnAkVhWTiFdqVembUeOLWcRiQA=,3S6k9U1z6RHumKpKvjQsoMe9lN0=
32,-25,ODM2y1cMauNf6rr3VMeYZAksQls=,4TuLrDVI/l30EMqRFa4f4gNORW4=
33,-25,ODM2y1cMauNf6rr3VMeYZAksQls=,4TuLrDVI/l30EMqRFa4f4gNORW4=
40,-28,ODM2y1cMauNf6rr3VMeYZAksQls=,g5n5m6VrHXD7nmoM1Uzht6AUNIg=
41,-28,ODM2y1cMauNf6rr3VMeYZAksQls=,g5n5m6VrHXD7nmoM1Uzht6AUNIg=
42,-28,ODM2y1cMauNf6rr3VMeYZAksQls=,g5n5m6VrHXD7nmoM1Uzht6AUNIg=
43,-28,ODM2y1cMauNf6rr3VMeYZAksQls=,g5n5m6VrHXD7nmoM1Uzht6AUNIg=
44,-28,ODM2y1cMauNf6rr3VMeYZAksQls=,mwo6HBWlag4H35d06rmOvt/N4lo=
39,-28,ODM2y1cMauNf6rr3VMeYZAksQls=,b0P7JVjLQScZuLKqeguaajoUeVg=
33,-28,ODM2y1cMauNf6rr3VMeYZAksQls=,4TuLrDVI/l30EMqRFa4f4gNORW4=
34,-28,ODM2y1cMauNf6rr3VMeYZAksQls=,4TuLrDVI/l30EMqRFa4f4gNORW4=
35,-28,ODM2y1cMauNf6rr3VMeYZAksQls=,4TuLrDVI/l30EMqRFa4f4gNORW4=
36,-28,ODM2y1cMauNf6rr3VMeYZAksQls=,b0P7JVjLQScZuLKqeguaajoUeVg=
32,-28,ODM2y1cMauNf6rr3VMeYZAksQls=,4TuLrDVI/l30EMqRFa4f4gNORW4=
47,-28,ODM2y1cMauNf6rr3VMeYZAksQls=,mwo6HBWlag4H35d06rmOvt/N4lo=
32,-24,ODM2y1cMauNf6rr3VMeYZAksQls=,JKvUsa/3xMUlkDMugU96d0NU7TQ=
33,-23,ODM2y1cMauNf6rr3VMeYZAksQls=,JKvUsa/3xMUlkDMugU96d0NU7TQ=
32,-23,ODM2y1cMauNf6rr3VMeYZAksQls=,JKvUsa/3xMUlkDMugU96d0NU7TQ=
33,-24,ODM2y1cMauNf6rr3VMeYZAksQls=,JKvUsa/3xMUlkDMugU96d0NU7TQ=
32,-21,ODM2y1cMauNf6rr3VMeYZAksQls=,JKvUsa/3xMUlkDMugU96d0NU7TQ=
33,-22,ODM2y1cMauNf6rr3VMeYZAksQls=,JKvUsa/3xMUlkDMugU96d0NU7TQ=
32,-19,ODM2y1cMauNf6rr3VMeYZAksQls=,20iNGc3caDKlxlOrtxajTGNPwf0=
33,-21,ODM2y1cMauNf6rr3VMeYZAksQls=,JKvUsa/3xMUlkDMugU96d0NU7TQ=
33,-19,ODM2y1cMauNf6rr3VMeYZAksQls=,20iNGc3caDKlxlOrtxajTGNPwf0=
32,-20,ODM2y1cMauNf6rr3VMeYZAksQls=,20iNGc3caDKlxlOrtxajTGNPwf0=
32,-22,ODM2y1cMauNf6rr3VMeYZAksQls=,JKvUsa/3xMUlkDMugU96d0NU7TQ=
33,-20,ODM2y1cMauNf6rr3VMeYZAksQls=,20iNGc3caDKlxlOrtxajTGNPwf0=
33,-18,ODM2y1cMauNf6rr3VMeYZAksQls=,20iNGc3caDKlxlOrtxajTGNPwf0=
33,-17,ODM2y1cMauNf6rr3VMeYZAksQls=,20iNGc3caDKlxlOrtxajTGNPwf0=
32,-17,ODM2y1cMauNf6rr3VMeYZAksQls=,20iNGc3caDKlxlOrtxajTGNPwf0=
32,-18,ODM2y1cMauNf6rr3VMeYZAksQls=,20iNGc3caDKlxlOrtxajTGNPwf0=
40,-18,ODM2y1cMauNf6rr3VMeYZAksQls=,1qP7U2fQdYWh46x4WtxSNGIn9yw=
34,-17,ODM2y1cMauNf6rr3VMeYZAksQls=,20iNGc3caDKlxlOrtxajTGNPwf0=
36,-17,ODM2y1cMauNf6rr3VMeYZAksQls=,YTBvX+4/McTA2MnjEj13KFd6uC4=
35,-17,ODM2y1cMauNf6rr3VMeYZAksQls=,20iNGc3caDKlxlOrtxajTGNPwf0=
39,-18,ODM2y1cMauNf6rr3VMeYZAksQls=,YTBvX+4/McTA2MnjEj13KFd6uC4=
37,-17,ODM2y1cMauNf6rr3VMeYZAksQls=,YTBvX+4/McTA2MnjEj13KFd6uC4=
36,-18,ODM2y1cMauNf6rr3VMeYZAksQls=,YTBvX+4/McTA2MnjEj13KFd6uC4=
41,-18,ODM2y1cMauNf6rr3VMeYZAksQls=,1qP7U2fQdYWh46x4WtxSNGIn9yw=
34,-18,ODM2y1cMauNf6rr3VMeYZAksQls=,20iNGc3caDKlxlOrtxajTGNPwf0=
39,-17,ODM2y1cMauNf6rr3VMeYZAksQls=,YTBvX+4/McTA2MnjEj13KFd6uC4=
38,-18,ODM2y1cMauNf6rr3VMeYZAksQls=,YTBvX+4/McTA2MnjEj13KFd6uC4=
41,-17,ODM2y1cMauNf6rr3VMeYZAksQls=,1qP7U2fQdYWh46x4WtxSNGIn9yw=
38,-17,ODM2y1cMauNf6rr3VMeYZAksQls=,YTBvX+4/McTA2MnjEj13KFd6uC4=
40,-17,ODM2y1cMauNf6rr3VMeYZAksQls=,1qP7U2fQdYWh46x4WtxSNGIn9yw=
37,-18,ODM2y1cMauNf6rr3VMeYZAksQls=,YTBvX+4/McTA2MnjEj13KFd6uC4=
35,-18,ODM2y1cMauNf6rr3VMeYZAksQls=,20iNGc3caDKlxlOrtxajTGNPwf0=
34,-6,9xkBZvnCqC297iVhBQeUr+yMShw=,TpDX8f3NjV6ZVBxLPySd3RD6dMA=
37,-5,9xkBZvnCqC297iVhBQeUr+yMShw=,Pk57vN26j2yDdC0rV2sdppUasTQ=
35,-6,9xkBZvnCqC297iVhBQeUr+yMShw=,TpDX8f3NjV6ZVBxLPySd3RD6dMA=
37,-4,9xkBZvnCqC297iVhBQeUr+yMShw=,VpE02Yxox/mOrz1/L4M3XEmAJ1Y=
34,-3,9xkBZvnCqC297iVhBQeUr+yMShw=,xMMWABGkhXjog79wLOZjf3IJBtw=
35,-3,9xkBZvnCqC297iVhBQeUr+yMShw=,xMMWABGkhXjog79wLOZjf3IJBtw=
35,-4,9xkBZvnCqC297iVhBQeUr+yMShw=,xMMWABGkhXjog79wLOZjf3IJBtw=
34,-4,9xkBZvnCqC297iVhBQeUr+yMShw=,xMMWABGkhXjog79wLOZjf3IJBtw=
36,-6,9xkBZvnCqC297iVhBQeUr+yMShw=,Pk57vN26j2yDdC0rV2sdppUasTQ=
35,-5,9xkBZvnCqC297iVhBQeUr+yMShw=,TpDX8f3NjV6ZVBxLPySd3RD6dMA=
34,-5,9xkBZvnCqC297iVhBQeUr+yMShw=,TpDX8f3NjV6ZVBxLPySd3RD6dMA=
37,-6,9xkBZvnCqC297iVhBQeUr+yMShw=,Pk57vN26j2yDdC0rV2sdppUasTQ=
36,-5,9xkBZvnCqC297iVhBQeUr+yMShw=,Pk57vN26j2yDdC0rV2sdppUasTQ=
36,-3,9xkBZvnCqC297iVhBQeUr+yMShw=,VpE02Yxox/mOrz1/L4M3XEmAJ1Y=
37,-3,9xkBZvnCqC297iVhBQeUr+yMShw=,VpE02Yxox/mOrz1/L4M3XEmAJ1Y=
36,-4,9xkBZvnCqC297iVhBQeUr+yMShw=,VpE02Yxox/mOrz1/L4M3XEmAJ1Y=
39,-8,cT1wpLlXtISylVeR9fPVdJkZgyk=,Pk57vN26j2yDdC0rV2sdppUasTQ=
39,-10,cT1wpLlXtISylVeR9fPVdJkZgyk=,q9ExxRpciatCMIh8EtXrNCMvHmo=
38,-9,cT1wpLlXtISylVeR9fPVdJkZgyk=,q9ExxRpciatCMIh8EtXrNCMvHmo=
41,-9,cT1wpLlXtISylVeR9fPVdJkZgyk=,k4Y59ULMg0DiN8IUWFg3Dd3g9G0=
41,-10,cT1wpLlXtISylVeR9fPVdJkZgyk=,k4Y59ULMg0DiN8IUWFg3Dd3g9G0=
38,-10,cT1wpLlXtISylVeR9fPVdJkZgyk=,q9ExxRpciatCMIh8EtXrNCMvHmo=
39,-9,cT1wpLlXtISylVeR9fPVdJkZgyk=,q9ExxRpciatCMIh8EtXrNCMvHmo=
40,-10,cT1wpLlXtISylVeR9fPVdJkZgyk=,k4Y59ULMg0DiN8IUWFg3Dd3g9G0=
38,-8,cT1wpLlXtISylVeR9fPVdJkZgyk=,Pk57vN26j2yDdC0rV2sdppUasTQ=
38,-7,cT1wpLlXtISylVeR9fPVdJkZgyk=,Pk57vN26j2yDdC0rV2sdppUasTQ=
40,-8,cT1wpLlXtISylVeR9fPVdJkZgyk=,0jToEI3hwnunX1LheFcz3vfwPrE=
39,-7,cT1wpLlXtISylVeR9fPVdJkZgyk=,Pk57vN26j2yDdC0rV2sdppUasTQ=
40,-7,cT1wpLlXtISylVeR9fPVdJkZgyk=,0jToEI3hwnunX1LheFcz3vfwPrE=
41,-8,cT1wpLlXtISylVeR9fPVdJkZgyk=,0jToEI3hwnunX1LheFcz3vfwPrE=
40,-9,cT1wpLlXtISylVeR9fPVdJkZgyk=,k4Y59ULMg0DiN8IUWFg3Dd3g9G0=
41,-7,cT1wpLlXtISylVeR9fPVdJkZgyk=,0jToEI3hwnunX1LheFcz3vfwPrE=
36,-8,cT1wpLlXtISylVeR9fPVdJkZgyk=,Pk57vN26j2yDdC0rV2sdppUasTQ=
34,-10,cT1wpLlXtISylVeR9fPVdJkZgyk=,MB1SXl5kOtuQt5jmwSERVsfSP8g=
36,-9,cT1wpLlXtISylVeR9fPVdJkZgyk=,q9ExxRpciatCMIh8EtXrNCMvHmo=
36,-10,cT1wpLlXtISylVeR9fPVdJkZgyk=,q9ExxRpciatCMIh8EtXrNCMvHmo=
35,-9,cT1wpLlXtISylVeR9fPVdJkZgyk=,MB1SXl5kOtuQt5jmwSERVsfSP8g=
35,-8,cT1wpLlXtISylVeR9fPVdJkZgyk=,TpDX8f3NjV6ZVBxLPySd3RD6dMA=
34,-8,cT1wpLlXtISylVeR9fPVdJkZgyk=,TpDX8f3NjV6ZVBxLPySd3RD6dMA=
34,-9,cT1wpLlXtISylVeR9fPVdJkZgyk=,MB1SXl5kOtuQt5jmwSERVsfSP8g=
35,-10,RGy0U46uOHtW8OsvUHAgIclcKPE=,MB1SXl5kOtuQt5jmwSERVsfSP8g=
35,-7,RGy0U46uOHtW8OsvUHAgIclcKPE=,TpDX8f3NjV6ZVBxLPySd3RD6dMA=
36,-7,RGy0U46uOHtW8OsvUHAgIclcKPE=,Pk57vN26j2yDdC0rV2sdppUasTQ=
37,-7,RGy0U46uOHtW8OsvUHAgIclcKPE=,Pk57vN26j2yDdC0rV2sdppUasTQ=
37,-9,RGy0U46uOHtW8OsvUHAgIclcKPE=,q9ExxRpciatCMIh8EtXrNCMvHmo=
37,-10,RGy0U46uOHtW8OsvUHAgIclcKPE=,q9ExxRpciatCMIh8EtXrNCMvHmo=
34,-7,RGy0U46uOHtW8OsvUHAgIclcKPE=,TpDX8f3NjV6ZVBxLPySd3RD6dMA=
37,-8,RGy0U46uOHtW8OsvUHAgIclcKPE=,Pk57vN26j2yDdC0rV2sdppUasTQ=
40,-12,RGy0U46uOHtW8OsvUHAgIclcKPE=,k4Y59ULMg0DiN8IUWFg3Dd3g9G0=
38,-14,RGy0U46uOHtW8OsvUHAgIclcKPE=,BAnL14/yPw0AVrr2JBEVx+Py7rs=
41,-11,RGy0U46uOHtW8OsvUHAgIclcKPE=,k4Y59ULMg0DiN8IUWFg3Dd3g9G0=
38,-11,RGy0U46uOHtW8OsvUHAgIclcKPE=,q9ExxRpciatCMIh8EtXrNCMvHmo=
39,-11,RGy0U46uOHtW8OsvUHAgIclcKPE=,q9ExxRpciatCMIh8EtXrNCMvHmo=
40,-11,RGy0U46uOHtW8OsvUHAgIclcKPE=,k4Y59ULMg0DiN8IUWFg3Dd3g9G0=
40,-13,RGy0U46uOHtW8OsvUHAgIclcKPE=,6HPqElnx3sLh2pUArzPzzb6q7Dc=
41,-14,RGy0U46uOHtW8OsvUHAgIclcKPE=,6HPqElnx3sLh2pUArzPzzb6q7Dc=
41,-13,RGy0U46uOHtW8OsvUHAgIclcKPE=,6HPqElnx3sLh2pUArzPzzb6q7Dc=
39,-14,RGy0U46uOHtW8OsvUHAgIclcKPE=,BAnL14/yPw0AVrr2JBEVx+Py7rs=
38,-13,RGy0U46uOHtW8OsvUHAgIclcKPE=,BAnL14/yPw0AVrr2JBEVx+Py7rs=
39,-12,RGy0U46uOHtW8OsvUHAgIclcKPE=,q9ExxRpciatCMIh8EtXrNCMvHmo=
39,-13,RGy0U46uOHtW8OsvUHAgIclcKPE=,BAnL14/yPw0AVrr2JBEVx+Py7rs=
40,-14,RGy0U46uOHtW8OsvUHAgIclcKPE=,6HPqElnx3sLh2pUArzPzzb6q7Dc=
38,-12,RGy0U46uOHtW8OsvUHAgIclcKPE=,q9ExxRpciatCMIh8EtXrNCMvHmo=
41,-12,RGy0U46uOHtW8OsvUHAgIclcKPE=,k4Y59ULMg0DiN8IUWFg3Dd3g9G0=
39,-16,X6Fm6NPkklmPRNnxWsxHKqYa81I=,BAnL14/yPw0AVrr2JBEVx+Py7rs=
41,-16,X6Fm6NPkklmPRNnxWsxHKqYa81I=,6HPqElnx3sLh2pUArzPzzb6q7Dc=
37,-12,X6Fm6NPkklmPRNnxWsxHKqYa81I=,q9ExxRpciatCMIh8EtXrNCMvHmo=
40,-16,X6Fm6NPkklmPRNnxWsxHKqYa81I=,6HPqElnx3sLh2pUArzPzzb6q7Dc=
41,-15,X6Fm6NPkklmPRNnxWsxHKqYa81I=,6HPqElnx3sLh2pUArzPzzb6q7Dc=
38,-15,X6Fm6NPkklmPRNnxWsxHKqYa81I=,BAnL14/yPw0AVrr2JBEVx+Py7rs=
39,-15,X6Fm6NPkklmPRNnxWsxHKqYa81I=,BAnL14/yPw0AVrr2JBEVx+Py7rs=
40,-15,X6Fm6NPkklmPRNnxWsxHKqYa81I=,6HPqElnx3sLh2pUArzPzzb6q7Dc=
36,-11,X6Fm6NPkklmPRNnxWsxHKqYa81I=,q9ExxRpciatCMIh8EtXrNCMvHmo=
38,-16,X6Fm6NPkklmPRNnxWsxHKqYa81I=,BAnL14/yPw0AVrr2JBEVx+Py7rs=
37,-11,X6Fm6NPkklmPRNnxWsxHKqYa81I=,q9ExxRpciatCMIh8EtXrNCMvHmo=
36,-13,X6Fm6NPkklmPRNnxWsxHKqYa81I=,BAnL14/yPw0AVrr2JBEVx+Py7rs=
36,-14,X6Fm6NPkklmPRNnxWsxHKqYa81I=,BAnL14/yPw0AVrr2JBEVx+Py7rs=
34,-11,X6Fm6NPkklmPRNnxWsxHKqYa81I=,MB1SXl5kOtuQt5jmwSERVsfSP8g=
34,-14,X6Fm6NPkklmPRNnxWsxHKqYa81I=,L0L4soyITASs29+N2/4S0hDo5t4=
36,-12,X6Fm6NPkklmPRNnxWsxHKqYa81I=,q9ExxRpciatCMIh8EtXrNCMvHmo=
37,-14,X6Fm6NPkklmPRNnxWsxHKqYa81I=,BAnL14/yPw0AVrr2JBEVx+Py7rs=
35,-12,X6Fm6NPkklmPRNnxWsxHKqYa81I=,MB1SXl5kOtuQt5jmwSERVsfSP8g=
35,-11,X6Fm6NPkklmPRNnxWsxHKqYa81I=,MB1SXl5kOtuQt5jmwSERVsfSP8g=
34,-12,X6Fm6NPkklmPRNnxWsxHKqYa81I=,MB1SXl5kOtuQt5jmwSERVsfSP8g=
37,-13,X6Fm6NPkklmPRNnxWsxHKqYa81I=,BAnL14/yPw0AVrr2JBEVx+Py7rs=
35,-13,X6Fm6NPkklmPRNnxWsxHKqYa81I=,L0L4soyITASs29+N2/4S0hDo5t4=
34,-13,X6Fm6NPkklmPRNnxWsxHKqYa81I=,L0L4soyITASs29+N2/4S0hDo5t4=
35,-14,X6Fm6NPkklmPRNnxWsxHKqYa81I=,L0L4soyITASs29+N2/4S0hDo5t4=
35,-16,X6Fm6NPkklmPRNnxWsxHKqYa81I=,L0L4soyITASs29+N2/4S0hDo5t4=
36,-15,X6Fm6NPkklmPRNnxWsxHKqYa81I=,BAnL14/yPw0AVrr2JBEVx+Py7rs=
37,-16,X6Fm6NPkklmPRNnxWsxHKqYa81I=,BAnL14/yPw0AVrr2JBEVx+Py7rs=
36,-16,X6Fm6NPkklmPRNnxWsxHKqYa81I=,BAnL14/yPw0AVrr2JBEVx+Py7rs=
37,-15,X6Fm6NPkklmPRNnxWsxHKqYa81I=,BAnL14/yPw0AVrr2JBEVx+Py7rs=
34,-15,X6Fm6NPkklmPRNnxWsxHKqYa81I=,L0L4soyITASs29+N2/4S0hDo5t4=
35,-15,X6Fm6NPkklmPRNnxWsxHKqYa81I=,L0L4soyITASs29+N2/4S0hDo5t4=
34,-16,X6Fm6NPkklmPRNnxWsxHKqYa81I=,L0L4soyITASs29+N2/4S0hDo5t4=
45,-11,X6Fm6NPkklmPRNnxWsxHKqYa81I=,XJ5KKCMWiqhgFFRtSOg3oW2SHJw=
45,-12,X6Fm6NPkklmPRNnxWsxHKqYa81I=,XJ5KKCMWiqhgFFRtSOg3oW2SHJw=
43,-11,X6Fm6NPkklmPRNnxWsxHKqYa81I=,k4Y59ULMg0DiN8IUWFg3Dd3g9G0=
42,-12,X6Fm6NPkklmPRNnxWsxHKqYa81I=,k4Y59ULMg0DiN8IUWFg3Dd3g9G0=
42,-13,X6Fm6NPkklmPRNnxWsxHKqYa81I=,6HPqElnx3sLh2pUArzPzzb6q7Dc=
43,-14,X6Fm6NPkklmPRNnxWsxHKqYa81I=,6HPqElnx3sLh2pUArzPzzb6q7Dc=
44,-13,X6Fm6NPkklmPRNnxWsxHKqYa81I=,+L0/uF2AqeFKxVB/K3c5WDRdtZ0=
43,-13,X6Fm6NPkklmPRNnxWsxHKqYa81I=,6HPqElnx3sLh2pUArzPzzb6q7Dc=
44,-14,X6Fm6NPkklmPRNnxWsxHKqYa81I=,+L0/uF2AqeFKxVB/K3c5WDRdtZ0=
44,-12,X6Fm6NPkklmPRNnxWsxHKqYa81I=,XJ5KKCMWiqhgFFRtSOg3oW2SHJw=
43,-12,X6Fm6NPkklmPRNnxWsxHKqYa81I=,k4Y59ULMg0DiN8IUWFg3Dd3g9G0=
45,-14,X6Fm6NPkklmPRNnxWsxHKqYa81I=,+L0/uF2AqeFKxVB/K3c5WDRdtZ0=
42,-14,X6Fm6NPkklmPRNnxWsxHKqYa81I=,6HPqElnx3sLh2pUArzPzzb6q7Dc=
45,-13,X6Fm6NPkklmPRNnxWsxHKqYa81I=,+L0/uF2AqeFKxVB/K3c5WDRdtZ0=
42,-11,X6Fm6NPkklmPRNnxWsxHKqYa81I=,k4Y59ULMg0DiN8IUWFg3Dd3g9G0=
44,-11,X6Fm6NPkklmPRNnxWsxHKqYa81I=,XJ5KKCMWiqhgFFRtSOg3oW2SHJw=
43,-16,X6Fm6NPkklmPRNnxWsxHKqYa81I=,6HPqElnx3sLh2pUArzPzzb6q7Dc=
43,-15,X6Fm6NPkklmPRNnxWsxHKqYa81I=,6HPqElnx3sLh2pUArzPzzb6q7Dc=
44,-16,X6Fm6NPkklmPRNnxWsxHKqYa81I=,+L0/uF2AqeFKxVB/K3c5WDRdtZ0=
44,-15,X6Fm6NPkklmPRNnxWsxHKqYa81I=,+L0/uF2AqeFKxVB/K3c5WDRdtZ0=
45,-15,X6Fm6NPkklmPRNnxWsxHKqYa81I=,+L0/uF2AqeFKxVB/K3c5WDRdtZ0=
45,-16,X6Fm6NPkklmPRNnxWsxHKqYa81I=,+L0/uF2AqeFKxVB/K3c5WDRdtZ0=
42,-16,X6Fm6NPkklmPRNnxWsxHKqYa81I=,6HPqElnx3sLh2pUArzPzzb6q7Dc=
42,-15,X6Fm6NPkklmPRNnxWsxHKqYa81I=,6HPqElnx3sLh2pUArzPzzb6q7Dc=
47,-13,o7bxRKdBByg9S35x0bgVF43ohWM=,+L0/uF2AqeFKxVB/K3c5WDRdtZ0=
47,-11,o7bxRKdBByg9S35x0bgVF43ohWM=,XJ5KKCMWiqhgFFRtSOg3oW2SHJw=
46,-13,o7bxRKdBByg9S35x0bgVF43ohWM=,+L0/uF2AqeFKxVB/K3c5WDRdtZ0=
46,-11,o7bxRKdBByg9S35x0bgVF43ohWM=,XJ5KKCMWiqhgFFRtSOg3oW2SHJw=
47,-14,o7bxRKdBByg9S35x0bgVF43ohWM=,+L0/uF2AqeFKxVB/K3c5WDRdtZ0=
46,-14,o7bxRKdBByg9S35x0bgVF43ohWM=,+L0/uF2AqeFKxVB/K3c5WDRdtZ0=
47,-12,o7bxRKdBByg9S35x0bgVF43ohWM=,XJ5KKCMWiqhgFFRtSOg3oW2SHJw=
46,-12,o7bxRKdBByg9S35x0bgVF43ohWM=,XJ5KKCMWiqhgFFRtSOg3oW2SHJw=
43,-7,o7bxRKdBByg9S35x0bgVF43ohWM=,0jToEI3hwnunX1LheFcz3vfwPrE=
43,-9,o7bxRKdBByg9S35x0bgVF43ohWM=,k4Y59ULMg0DiN8IUWFg3Dd3g9G0=
44,-8,o7bxRKdBByg9S35x0bgVF43ohWM=,B5I2TNY4Th7TXAm+4M9T2RX36W0=
44,-10,o7bxRKdBByg9S35x0bgVF43ohWM=,XJ5KKCMWiqhgFFRtSOg3oW2SHJw=
45,-10,o7bxRKdBByg9S35x0bgVF43ohWM=,XJ5KKCMWiqhgFFRtSOg3oW2SHJw=
45,-9,o7bxRKdBByg9S35x0bgVF43ohWM=,XJ5KKCMWiqhgFFRtSOg3oW2SHJw=
43,-10,o7bxRKdBByg9S35x0bgVF43ohWM=,k4Y59ULMg0DiN8IUWFg3Dd3g9G0=
45,-8,o7bxRKdBByg9S35x0bgVF43ohWM=,B5I2TNY4Th7TXAm+4M9T2RX36W0=
42,-9,o7bxRKdBByg9S35x0bgVF43ohWM=,k4Y59ULMg0DiN8IUWFg3Dd3g9G0=
44,-9,o7bxRKdBByg9S35x0bgVF43ohWM=,XJ5KKCMWiqhgFFRtSOg3oW2SHJw=
44,-7,o7bxRKdBByg9S35x0bgVF43ohWM=,B5I2TNY4Th7TXAm+4M9T2RX36W0=
43,-8,o7bxRKdBByg9S35x0bgVF43ohWM=,0jToEI3hwnunX1LheFcz3vfwPrE=
42,-7,o7bxRKdBByg9S35x0bgVF43ohWM=,0jToEI3hwnunX1LheFcz3vfwPrE=
42,-10,o7bxRKdBByg9S35x0bgVF43ohWM=,k4Y59ULMg0DiN8IUWFg3Dd3g9G0=
45,-7,o7bxRKdBByg9S35x0bgVF43ohWM=,B5I2TNY4Th7TXAm+4M9T2RX36W0=
42,-8,o7bxRKdBByg9S35x0bgVF43ohWM=,0jToEI3hwnunX1LheFcz3vfwPrE=
46,-10,Pucs3QJJFmVBPvf1+mRKi3lt84g=,XJ5KKCMWiqhgFFRtSOg3oW2SHJw=
47,-10,Pucs3QJJFmVBPvf1+mRKi3lt84g=,XJ5KKCMWiqhgFFRtSOg3oW2SHJw=
47,-7,Pucs3QJJFmVBPvf1+mRKi3lt84g=,B5I2TNY4Th7TXAm+4M9T2RX36W0=
46,-7,Pucs3QJJFmVBPvf1+mRKi3lt84g=,B5I2TNY4Th7TXAm+4M9T2RX36W0=
46,-9,Pucs3QJJFmVBPvf1+mRKi3lt84g=,XJ5KKCMWiqhgFFRtSOg3oW2SHJw=
47,-9,Pucs3QJJFmVBPvf1+mRKi3lt84g=,XJ5KKCMWiqhgFFRtSOg3oW2SHJw=
47,-8,Pucs3QJJFmVBPvf1+mRKi3lt84g=,B5I2TNY4Th7TXAm+4M9T2RX36W0=
46,-8,Pucs3QJJFmVBPvf1+mRKi3lt84g=,B5I2TNY4Th7TXAm+4M9T2RX36W0=
41,-5,Pucs3QJJFmVBPvf1+mRKi3lt84g=,0jToEI3hwnunX1LheFcz3vfwPrE=
40,-6,Pucs3QJJFmVBPvf1+mRKi3lt84g=,0jToEI3hwnunX1LheFcz3vfwPrE=
41,-6,Pucs3QJJFmVBPvf1+mRKi3lt84g=,0jToEI3hwnunX1LheFcz3vfwPrE=
42,-6,Pucs3QJJFmVBPvf1+mRKi3lt84g=,0jToEI3hwnunX1LheFcz3vfwPrE=
39,-6,Pucs3QJJFmVBPvf1+mRKi3lt84g=,Pk57vN26j2yDdC0rV2sdppUasTQ=
43,-6,Pucs3QJJFmVBPvf1+mRKi3lt84g=,0jToEI3hwnunX1LheFcz3vfwPrE=
45,-3,Pucs3QJJFmVBPvf1+mRKi3lt84g=,JmSaW0gILNzv2ZVjgmRSnBnta7o=
45,-4,Pucs3QJJFmVBPvf1+mRKi3lt84g=,JmSaW0gILNzv2ZVjgmRSnBnta7o=
45,-6,Pucs3QJJFmVBPvf1+mRKi3lt84g=,B5I2TNY4Th7TXAm+4M9T2RX36W0=
44,-6,Pucs3QJJFmVBPvf1+mRKi3lt84g=,B5I2TNY4Th7TXAm+4M9T2RX36W0=
38,-6,Pucs3QJJFmVBPvf1+mRKi3lt84g=,Pk57vN26j2yDdC0rV2sdppUasTQ=
45,-5,Pucs3QJJFmVBPvf1+mRKi3lt84g=,B5I2TNY4Th7TXAm+4M9T2RX36W0=
43,-5,Pucs3QJJFmVBPvf1+mRKi3lt84g=,0jToEI3hwnunX1LheFcz3vfwPrE=
38,-5,Pucs3QJJFmVBPvf1+mRKi3lt84g=,Pk57vN26j2yDdC0rV2sdppUasTQ=
42,-5,Pucs3QJJFmVBPvf1+mRKi3lt84g=,0jToEI3hwnunX1LheFcz3vfwPrE=
40,-5,Pucs3QJJFmVBPvf1+mRKi3lt84g=,0jToEI3hwnunX1LheFcz3vfwPrE=
44,-4,Pucs3QJJFmVBPvf1+mRKi3lt84g=,JmSaW0gILNzv2ZVjgmRSnBnta7o=
39,-5,Pucs3QJJFmVBPvf1+mRKi3lt84g=,Pk57vN26j2yDdC0rV2sdppUasTQ=
43,-4,Pucs3QJJFmVBPvf1+mRKi3lt84g=,dfZXWGffbfFaHJR7BpBkdc4HZNs=
44,-5,Pucs3QJJFmVBPvf1+mRKi3lt84g=,B5I2TNY4Th7TXAm+4M9T2RX36W0=
40,-3,Pucs3QJJFmVBPvf1+mRKi3lt84g=,dfZXWGffbfFaHJR7BpBkdc4HZNs=
40,-4,Pucs3QJJFmVBPvf1+mRKi3lt84g=,dfZXWGffbfFaHJR7BpBkdc4HZNs=
38,-4,Pucs3QJJFmVBPvf1+mRKi3lt84g=,VpE02Yxox/mOrz1/L4M3XEmAJ1Y=
42,-4,Pucs3QJJFmVBPvf1+mRKi3lt84g=,dfZXWGffbfFaHJR7BpBkdc4HZNs=
41,-3,Pucs3QJJFmVBPvf1+mRKi3lt84g=,dfZXWGffbfFaHJR7BpBkdc4HZNs=
38,-3,Pucs3QJJFmVBPvf1+mRKi3lt84g=,VpE02Yxox/mOrz1/L4M3XEmAJ1Y=
44,-3,Pucs3QJJFmVBPvf1+mRKi3lt84g=,JmSaW0gILNzv2ZVjgmRSnBnta7o=
42,-3,Pucs3QJJFmVBPvf1+mRKi3lt84g=,dfZXWGffbfFaHJR7BpBkdc4HZNs=
43,-3,Pucs3QJJFmVBPvf1+mRKi3lt84g=,dfZXWGffbfFaHJR7BpBkdc4HZNs=
41,-4,Pucs3QJJFmVBPvf1+mRKi3lt84g=,dfZXWGffbfFaHJR7BpBkdc4HZNs=
39,-3,Pucs3QJJFmVBPvf1+mRKi3lt84g=,VpE02Yxox/mOrz1/L4M3XEmAJ1Y=
39,-4,Pucs3QJJFmVBPvf1+mRKi3lt84g=,VpE02Yxox/mOrz1/L4M3XEmAJ1Y=
45,-2,Pucs3QJJFmVBPvf1+mRKi3lt84g=,JmSaW0gILNzv2ZVjgmRSnBnta7o=
43,-1,Pucs3QJJFmVBPvf1+mRKi3lt84g=,dfZXWGffbfFaHJR7BpBkdc4HZNs=
45,-1,Pucs3QJJFmVBPvf1+mRKi3lt84g=,JmSaW0gILNzv2ZVjgmRSnBnta7o=
42,-1,Pucs3QJJFmVBPvf1+mRKi3lt84g=,dfZXWGffbfFaHJR7BpBkdc4HZNs=
44,-2,Pucs3QJJFmVBPvf1+mRKi3lt84g=,JmSaW0gILNzv2ZVjgmRSnBnta7o=
44,-1,Pucs3QJJFmVBPvf1+mRKi3lt84g=,JmSaW0gILNzv2ZVjgmRSnBnta7o=
42,-2,Pucs3QJJFmVBPvf1+mRKi3lt84g=,dfZXWGffbfFaHJR7BpBkdc4HZNs=
43,-2,Pucs3QJJFmVBPvf1+mRKi3lt84g=,dfZXWGffbfFaHJR7BpBkdc4HZNs=
47,-4,Pucs3QJJFmVBPvf1+mRKi3lt84g=,JmSaW0gILNzv2ZVjgmRSnBnta7o=
47,-3,Pucs3QJJFmVBPvf1+mRKi3lt84g=,JmSaW0gILNzv2ZVjgmRSnBnta7o=
46,-3,Pucs3QJJFmVBPvf1+mRKi3lt84g=,JmSaW0gILNzv2ZVjgmRSnBnta7o=
46,-4,Pucs3QJJFmVBPvf1+mRKi3lt84g=,JmSaW0gILNzv2ZVjgmRSnBnta7o=
47,-5,Pucs3QJJFmVBPvf1+mRKi3lt84g=,B5I2TNY4Th7TXAm+4M9T2RX36W0=
46,-6,Pucs3QJJFmVBPvf1+mRKi3lt84g=,B5I2TNY4Th7TXAm+4M9T2RX36W0=
47,-6,Pucs3QJJFmVBPvf1+mRKi3lt84g=,B5I2TNY4Th7TXAm+4M9T2RX36W0=
46,-5,Pucs3QJJFmVBPvf1+mRKi3lt84g=,B5I2TNY4Th7TXAm+4M9T2RX36W0=
47,-1,Pucs3QJJFmVBPvf1+mRKi3lt84g=,JmSaW0gILNzv2ZVjgmRSnBnta7o=
47,-2,Pucs3QJJFmVBPvf1+mRKi3lt84g=,JmSaW0gILNzv2ZVjgmRSnBnta7o=
46,-1,Pucs3QJJFmVBPvf1+mRKi3lt84g=,JmSaW0gILNzv2ZVjgmRSnBnta7o=
46,-2,Pucs3QJJFmVBPvf1+mRKi3lt84g=,JmSaW0gILNzv2ZVjgmRSnBnta7o=
46,-16,Pucs3QJJFmVBPvf1+mRKi3lt84g=,+L0/uF2AqeFKxVB/K3c5WDRdtZ0=
46,-15,Pucs3QJJFmVBPvf1+mRKi3lt84g=,+L0/uF2AqeFKxVB/K3c5WDRdtZ0=
47,-16,Pucs3QJJFmVBPvf1+mRKi3lt84g=,+L0/uF2AqeFKxVB/K3c5WDRdtZ0=
47,-15,Pucs3QJJFmVBPvf1+mRKi3lt84g=,+L0/uF2AqeFKxVB/K3c5WDRdtZ0=
40,-2,Pucs3QJJFmVBPvf1+mRKi3lt84g=,dfZXWGffbfFaHJR7BpBkdc4HZNs=
40,-1,Pucs3QJJFmVBPvf1+mRKi3lt84g=,dfZXWGffbfFaHJR7BpBkdc4HZNs=
38,-2,Pucs3QJJFmVBPvf1+mRKi3lt84g=,VpE02Yxox/mOrz1/L4M3XEmAJ1Y=
41,-2,Pucs3QJJFmVBPvf1+mRKi3lt84g=,dfZXWGffbfFaHJR7BpBkdc4HZNs=
41,-1,Pucs3QJJFmVBPvf1+mRKi3lt84g=,dfZXWGffbfFaHJR7BpBkdc4HZNs=
35,-1,Pucs3QJJFmVBPvf1+mRKi3lt84g=,xMMWABGkhXjog79wLOZjf3IJBtw=
37,-2,Pucs3QJJFmVBPvf1+mRKi3lt84g=,VpE02Yxox/mOrz1/L4M3XEmAJ1Y=
35,-2,Pucs3QJJFmVBPvf1+mRKi3lt84g=,xMMWABGkhXjog79wLOZjf3IJBtw=
36,-2,Pucs3QJJFmVBPvf1+mRKi3lt84g=,VpE02Yxox/mOrz1/L4M3XEmAJ1Y=
34,-1,Pucs3QJJFmVBPvf1+mRKi3lt84g=,xMMWABGkhXjog79wLOZjf3IJBtw=
39,-1,Pucs3QJJFmVBPvf1+mRKi3lt84g=,VpE02Yxox/mOrz1/L4M3XEmAJ1Y=
39,-2,Pucs3QJJFmVBPvf1+mRKi3lt84g=,VpE02Yxox/mOrz1/L4M3XEmAJ1Y=
38,-1,Pucs3QJJFmVBPvf1+mRKi3lt84g=,VpE02Yxox/mOrz1/L4M3XEmAJ1Y=
34,-2,Pucs3QJJFmVBPvf1+mRKi3lt84g=,xMMWABGkhXjog79wLOZjf3IJBtw=
36,-1,Pucs3QJJFmVBPvf1+mRKi3lt84g=,VpE02Yxox/mOrz1/L4M3XEmAJ1Y=
37,-1,Pucs3QJJFmVBPvf1+mRKi3lt84g=,VpE02Yxox/mOrz1/L4M3XEmAJ1Y=
33,-2,Pucs3QJJFmVBPvf1+mRKi3lt84g=,xMMWABGkhXjog79wLOZjf3IJBtw=
32,-2,Pucs3QJJFmVBPvf1+mRKi3lt84g=,xMMWABGkhXjog79wLOZjf3IJBtw=
32,-1,Pucs3QJJFmVBPvf1+mRKi3lt84g=,xMMWABGkhXjog79wLOZjf3IJBtw=
33,-1,Pucs3QJJFmVBPvf1+mRKi3lt84g=,xMMWABGkhXjog79wLOZjf3IJBtw=
33,-3,Pucs3QJJFmVBPvf1+mRKi3lt84g=,xMMWABGkhXjog79wLOZjf3IJBtw=
33,-4,Pucs3QJJFmVBPvf1+mRKi3lt84g=,xMMWABGkhXjog79wLOZjf3IJBtw=
32,-5,Pucs3QJJFmVBPvf1+mRKi3lt84g=,TpDX8f3NjV6ZVBxLPySd3RD6dMA=
32,-3,Pucs3QJJFmVBPvf1+mRKi3lt84g=,xMMWABGkhXjog79wLOZjf3IJBtw=
32,-6,Pucs3QJJFmVBPvf1+mRKi3lt84g=,TpDX8f3NjV6ZVBxLPySd3RD6dMA=
32,-4,Pucs3QJJFmVBPvf1+mRKi3lt84g=,xMMWABGkhXjog79wLOZjf3IJBtw=
33,-6,Pucs3QJJFmVBPvf1+mRKi3lt84g=,TpDX8f3NjV6ZVBxLPySd3RD6dMA=
33,-5,Pucs3QJJFmVBPvf1+mRKi3lt84g=,TpDX8f3NjV6ZVBxLPySd3RD6dMA=
32,-12,Pucs3QJJFmVBPvf1+mRKi3lt84g=,MB1SXl5kOtuQt5jmwSERVsfSP8g=
32,-11,Pucs3QJJFmVBPvf1+mRKi3lt84g=,MB1SXl5kOtuQt5jmwSERVsfSP8g=
32,-16,Pucs3QJJFmVBPvf1+mRKi3lt84g=,L0L4soyITASs29+N2/4S0hDo5t4=
32,-8,Pucs3QJJFmVBPvf1+mRKi3lt84g=,TpDX8f3NjV6ZVBxLPySd3RD6dMA=
32,-10,Pucs3QJJFmVBPvf1+mRKi3lt84g=,MB1SXl5kOtuQt5jmwSERVsfSP8g=
32,-15,Pucs3QJJFmVBPvf1+mRKi3lt84g=,L0L4soyITASs29+N2/4S0hDo5t4=
33,-7,Pucs3QJJFmVBPvf1+mRKi3lt84g=,TpDX8f3NjV6ZVBxLPySd3RD6dMA=
33,-8,Pucs3QJJFmVBPvf1+mRKi3lt84g=,TpDX8f3NjV6ZVBxLPySd3RD6dMA=
32,-7,Pucs3QJJFmVBPvf1+mRKi3lt84g=,TpDX8f3NjV6ZVBxLPySd3RD6dMA=
33,-9,Pucs3QJJFmVBPvf1+mRKi3lt84g=,MB1SXl5kOtuQt5jmwSERVsfSP8g=
33,-16,Pucs3QJJFmVBPvf1+mRKi3lt84g=,L0L4soyITASs29+N2/4S0hDo5t4=
32,-13,Pucs3QJJFmVBPvf1+mRKi3lt84g=,L0L4soyITASs29+N2/4S0hDo5t4=
33,-11,Pucs3QJJFmVBPvf1+mRKi3lt84g=,MB1SXl5kOtuQt5jmwSERVsfSP8g=
33,-15,Pucs3QJJFmVBPvf1+mRKi3lt84g=,L0L4soyITASs29+N2/4S0hDo5t4=
33,-10,Pucs3QJJFmVBPvf1+mRKi3lt84g=,MB1SXl5kOtuQt5jmwSERVsfSP8g=
33,-13,Pucs3QJJFmVBPvf1+mRKi3lt84g=,L0L4soyITASs29+N2/4S0hDo5t4=
33,-12,Pucs3QJJFmVBPvf1+mRKi3lt84g=,MB1SXl5kOtuQt5jmwSERVsfSP8g=
32,-14,Pucs3QJJFmVBPvf1+mRKi3lt84g=,L0L4soyITASs29+N2/4S0hDo5t4=
33,-14,Pucs3QJJFmVBPvf1+mRKi3lt84g=,L0L4soyITASs29+N2/4S0hDo5t4=
32,-9,Pucs3QJJFmVBPvf1+mRKi3lt84g=,MB1SXl5kOtuQt5jmwSERVsfSP8g=
