-63,0,OESX0VZOsBlPoFN/V6P9N9mC+3k=,tEZYhy2U313ZqkLjNqCMurXEMrs=
-62,3,OESX0VZOsBlPoFN/V6P9N9mC+3k=,tEZYhy2U313ZqkLjNqCMurXEMrs=
-57,3,2HdlEbH12KwQxe/kzZVA9NCQIhg=,tEZYhy2U313ZqkLjNqCMurXEMrs=
-49,15,2HdlEbH12KwQxe/kzZVA9NCQIhg=,tEZYhy2U313ZqkLjNqCMurXEMrs=
-52,15,2HdlEbH12KwQxe/kzZVA9NCQIhg=,tEZYhy2U313ZqkLjNqCMurXEMrs=
-60,3,tGHJSigSgJ1g7nsq0rdRtKUnB8U=,tEZYhy2U313ZqkLjNqCMurXEMrs=
-54,15,tGHJSigSgJ1g7nsq0rdRtKUnB8U=,tEZYhy2U313ZqkLjNqCMurXEMrs=
-51,15,tGHJSigSgJ1g7nsq0rdRtKUnB8U=,tEZYhy2U313ZqkLjNqCMurXEMrs=
-60,2,tGHJSigSgJ1g7nsq0rdRtKUnB8U=,tEZYhy2U313ZqkLjNqCMurXEMrs=
-60,15,tGHJSigSgJ1g7nsq0rdRtKUnB8U=,tEZYhy2U313ZqkLjNqCMurXEMrs=
-59,15,tGHJSigSgJ1g7nsq0rdRtKUnB8U=,tEZYhy2U313ZqkLjNqCMurXEMrs=
-61,15,tGHJSigSgJ1g7nsq0rdRtKUnB8U=,tEZYhy2U313ZqkLjNqCMurXEMrs=
-62,15,tGHJSigSgJ1g7nsq0rdRtKUnB8U=,tEZYhy2U313ZqkLjNqCMurXEMrs=
-63,15,tGHJSigSgJ1g7nsq0rdRtKUnB8U=,tEZYhy2U313ZqkLjNqCMurXEMrs=
-64,15,tGHJSigSgJ1g7nsq0rdRtKUnB8U=,tEZYhy2U313ZqkLjNqCMurXEMrs=
-50,15,tGHJSigSgJ1g7nsq0rdRtKUnB8U=,tEZYhy2U313ZqkLjNqCMurXEMrs=
-59,1,tGHJSigSgJ1g7nsq0rdRtKUnB8U=,tEZYhy2U313ZqkLjNqCMurXEMrs=
-60,1,tGHJSigSgJ1g7nsq0rdRtKUnB8U=,tEZYhy2U313ZqkLjNqCMurXEMrs=
-63,3,tGHJSigSgJ1g7nsq0rdRtKUnB8U=,tEZYhy2U313ZqkLjNqCMurXEMrs=
-57,15,tGHJSigSgJ1g7nsq0rdRtKUnB8U=,tEZYhy2U313ZqkLjNqCMurXEMrs=
-56,15,tGHJSigSgJ1g7nsq0rdRtKUnB8U=,tEZYhy2U313ZqkLjNqCMurXEMrs=
-61,3,caezTO5Kd3nxR8ecetxKGtKd1Cg=,tEZYhy2U313ZqkLjNqCMurXEMrs=
-56,3,caezTO5Kd3nxR8ecetxKGtKd1Cg=,tEZYhy2U313ZqkLjNqCMurXEMrs=
-53,15,caezTO5Kd3nxR8ecetxKGtKd1Cg=,tEZYhy2U313ZqkLjNqCMurXEMrs=
-55,15,caezTO5Kd3nxR8ecetxKGtKd1Cg=,tEZYhy2U313ZqkLjNqCMurXEMrs=
-54,14,caezTO5Kd3nxR8ecetxKGtKd1Cg=,tEZYhy2U313ZqkLjNqCMurXEMrs=
-51,14,caezTO5Kd3nxR8ecetxKGtKd1Cg=,tEZYhy2U313ZqkLjNqCMurXEMrs=
-53,14,caezTO5Kd3nxR8ecetxKGtKd1Cg=,tEZYhy2U313ZqkLjNqCMurXEMrs=
-59,14,caezTO5Kd3nxR8ecetxKGtKd1Cg=,tEZYhy2U313ZqkLjNqCMurXEMrs=
-55,14,caezTO5Kd3nxR8ecetxKGtKd1Cg=,tEZYhy2U313ZqkLjNqCMurXEMrs=
-60,14,caezTO5Kd3nxR8ecetxKGtKd1Cg=,tEZYhy2U313ZqkLjNqCMurXEMrs=
-61,14,caezTO5Kd3nxR8ecetxKGtKd1Cg=,tEZYhy2U313ZqkLjNqCMurXEMrs=
-62,14,caezTO5Kd3nxR8ecetxKGtKd1Cg=,tEZYhy2U313ZqkLjNqCMurXEMrs=
-63,14,caezTO5Kd3nxR8ecetxKGtKd1Cg=,tEZYhy2U313ZqkLjNqCMurXEMrs=
-64,14,caezTO5Kd3nxR8ecetxKGtKd1Cg=,tEZYhy2U313ZqkLjNqCMurXEMrs=
-64,0,caezTO5Kd3nxR8ecetxKGtKd1Cg=,tEZYhy2U313ZqkLjNqCMurXEMrs=
-52,14,caezTO5Kd3nxR8ecetxKGtKd1Cg=,tEZYhy2U313ZqkLjNqCMurXEMrs=
-60,0,caezTO5Kd3nxR8ecetxKGtKd1Cg=,tEZYhy2U313ZqkLjNqCMurXEMrs=
-57,14,caezTO5Kd3nxR8ecetxKGtKd1Cg=,tEZYhy2U313ZqkLjNqCMurXEMrs=
-55,3,caezTO5Kd3nxR8ecetxKGtKd1Cg=,tEZYhy2U313ZqkLjNqCMurXEMrs=
-59,2,caezTO5Kd3nxR8ecetxKGtKd1Cg=,tEZYhy2U313ZqkLjNqCMurXEMrs=
-58,14,caezTO5Kd3nxR8ecetxKGtKd1Cg=,tEZYhy2U313ZqkLjNqCMurXEMrs=
-62,2,caezTO5Kd3nxR8ecetxKGtKd1Cg=,tEZYhy2U313ZqkLjNqCMurXEMrs=
-58,15,caezTO5Kd3nxR8ecetxKGtKd1Cg=,tEZYhy2U313ZqkLjNqCMurXEMrs=
-61,0,caezTO5Kd3nxR8ecetxKGtKd1Cg=,tEZYhy2U313ZqkLjNqCMurXEMrs=
-55,13,caezTO5Kd3nxR8ecetxKGtKd1Cg=,tEZYhy2U313ZqkLjNqCMurXEMrs=
-51,13,caezTO5Kd3nxR8ecetxKGtKd1Cg=,tEZYhy2U313ZqkLjNqCMurXEMrs=
-54,13,caezTO5Kd3nxR8ecetxKGtKd1Cg=,tEZYhy2U313ZqkLjNqCMurXEMrs=
-61,1,caezTO5Kd3nxR8ecetxKGtKd1Cg=,tEZYhy2U313ZqkLjNqCMurXEMrs=
-49,14,caezTO5Kd3nxR8ecetxKGtKd1Cg=,tEZYhy2U313ZqkLjNqCMurXEMrs=
-60,13,caezTO5Kd3nxR8ecetxKGtKd1Cg=,tEZYhy2U313ZqkLjNqCMurXEMrs=
-61,13,caezTO5Kd3nxR8ecetxKGtKd1Cg=,tEZYhy2U313ZqkLjNqCMurXEMrs=
-63,13,caezTO5Kd3nxR8ecetxKGtKd1Cg=,tEZYhy2U313ZqkLjNqCMurXEMrs=
-62,13,caezTO5Kd3nxR8ecetxKGtKd1Cg=,tEZYhy2U313ZqkLjNqCMurXEMrs=
-64,13,caezTO5Kd3nxR8ecetxKGtKd1Cg=,tEZYhy2U313ZqkLjNqCMurXEMrs=
-52,13,caezTO5Kd3nxR8ecetxKGtKd1Cg=,tEZYhy2U313ZqkLjNqCMurXEMrs=
-50,13,caezTO5Kd3nxR8ecetxKGtKd1Cg=,tEZYhy2U313ZqkLjNqCMurXEMrs=
-56,13,caezTO5Kd3nxR8ecetxKGtKd1Cg=,tEZYhy2U313ZqkLjNqCMurXEMrs=
-59,3,caezTO5Kd3nxR8ecetxKGtKd1Cg=,tEZYhy2U313ZqkLjNqCMurXEMrs=
-59,13,caezTO5Kd3nxR8ecetxKGtKd1Cg=,tEZYhy2U313ZqkLjNqCMurXEMrs=
-50,14,caezTO5Kd3nxR8ecetxKGtKd1Cg=,tEZYhy2U313ZqkLjNqCMurXEMrs=
-49,13,caezTO5Kd3nxR8ecetxKGtKd1Cg=,tEZYhy2U313ZqkLjNqCMurXEMrs=
-62,1,caezTO5Kd3nxR8ecetxKGtKd1Cg=,tEZYhy2U313ZqkLjNqCMurXEMrs=
-54,3,caezTO5Kd3nxR8ecetxKGtKd1Cg=,tEZYhy2U313ZqkLjNqCMurXEMrs=
-49,12,caezTO5Kd3nxR8ecetxKGtKd1Cg=,tEZYhy2U313ZqkLjNqCMurXEMrs=
-55,12,caezTO5Kd3nxR8ecetxKGtKd1Cg=,tEZYhy2U313ZqkLjNqCMurXEMrs=
-51,12,caezTO5Kd3nxR8ecetxKGtKd1Cg=,tEZYhy2U313ZqkLjNqCMurXEMrs=
-54,12,caezTO5Kd3nxR8ecetxKGtKd1Cg=,tEZYhy2U313ZqkLjNqCMurXEMrs=
-53,12,caezTO5Kd3nxR8ecetxKGtKd1Cg=,tEZYhy2U313ZqkLjNqCMurXEMrs=
-61,12,caezTO5Kd3nxR8ecetxKGtKd1Cg=,tEZYhy2U313ZqkLjNqCMurXEMrs=
-58,12,caezTO5Kd3nxR8ecetxKGtKd1Cg=,tEZYhy2U313ZqkLjNqCMurXEMrs=
-56,12,caezTO5Kd3nxR8ecetxKGtKd1Cg=,tEZYhy2U313ZqkLjNqCMurXEMrs=
-63,12,caezTO5Kd3nxR8ecetxKGtKd1Cg=,tEZYhy2U313ZqkLjNqCMurXEMrs=
-64,12,caezTO5Kd3nxR8ecetxKGtKd1Cg=,tEZYhy2U313ZqkLjNqCMurXEMrs=
-52,12,caezTO5Kd3nxR8ecetxKGtKd1Cg=,tEZYhy2U313ZqkLjNqCMurXEMrs=
-53,3,caezTO5Kd3nxR8ecetxKGtKd1Cg=,tEZYhy2U313ZqkLjNqCMurXEMrs=
-58,3,caezTO5Kd3nxR8ecetxKGtKd1Cg=,tEZYhy2U313ZqkLjNqCMurXEMrs=
-61,2,caezTO5Kd3nxR8ecetxKGtKd1Cg=,tEZYhy2U313ZqkLjNqCMurXEMrs=
-59,12,caezTO5Kd3nxR8ecetxKGtKd1Cg=,tEZYhy2U313ZqkLjNqCMurXEMrs=
-53,13,caezTO5Kd3nxR8ecetxKGtKd1Cg=,tEZYhy2U313ZqkLjNqCMurXEMrs=
-57,12,caezTO5Kd3nxR8ecetxKGtKd1Cg=,tEZYhy2U313ZqkLjNqCMurXEMrs=
-63,1,caezTO5Kd3nxR8ecetxKGtKd1Cg=,tEZYhy2U313ZqkLjNqCMurXEMrs=
-62,0,caezTO5Kd3nxR8ecetxKGtKd1Cg=,tEZYhy2U313ZqkLjNqCMurXEMrs=
-56,14,caezTO5Kd3nxR8ecetxKGtKd1Cg=,tEZYhy2U313ZqkLjNqCMurXEMrs=
-64,3,caezTO5Kd3nxR8ecetxKGtKd1Cg=,tEZYhy2U313ZqkLjNqCMurXEMrs=
-58,2,caezTO5Kd3nxR8ecetxKGtKd1Cg=,tEZYhy2U313ZqkLjNqCMurXEMrs=
-49,2,caezTO5Kd3nxR8ecetxKGtKd1Cg=,tEZYhy2U313ZqkLjNqCMurXEMrs=
-52,3,caezTO5Kd3nxR8ecetxKGtKd1Cg=,tEZYhy2U313ZqkLjNqCMurXEMrs=
-57,13,caezTO5Kd3nxR8ecetxKGtKd1Cg=,tEZYhy2U313ZqkLjNqCMurXEMrs=
-58,13,caezTO5Kd3nxR8ecetxKGtKd1Cg=,tEZYhy2U313ZqkLjNqCMurXEMrs=
-59,0,caezTO5Kd3nxR8ecetxKGtKd1Cg=,tEZYhy2U313ZqkLjNqCMurXEMrs=
-49,0,caezTO5Kd3nxR8ecetxKGtKd1Cg=,tEZYhy2U313ZqkLjNqCMurXEMrs=
-50,1,caezTO5Kd3nxR8ecetxKGtKd1Cg=,tEZYhy2U313ZqkLjNqCMurXEMrs=
-54,11,caezTO5Kd3nxR8ecetxKGtKd1Cg=,tEZYhy2U313ZqkLjNqCMurXEMrs=
-51,3,caezTO5Kd3nxR8ecetxKGtKd1Cg=,tEZYhy2U313ZqkLjNqCMurXEMrs=
-53,11,caezTO5Kd3nxR8ecetxKGtKd1Cg=,tEZYhy2U313ZqkLjNqCMurXEMrs=
-52,11,caezTO5Kd3nxR8ecetxKGtKd1Cg=,tEZYhy2U313ZqkLjNqCMurXEMrs=
-63,2,caezTO5Kd3nxR8ecetxKGtKd1Cg=,tEZYhy2U313ZqkLjNqCMurXEMrs=
-62,11,caezTO5Kd3nxR8ecetxKGtKd1Cg=,tEZYhy2U313ZqkLjNqCMurXEMrs=
-49,11,caezTO5Kd3nxR8ecetxKGtKd1Cg=,tEZYhy2U313ZqkLjNqCMurXEMrs=
-63,11,caezTO5Kd3nxR8ecetxKGtKd1Cg=,tEZYhy2U313ZqkLjNqCMurXEMrs=
-64,11,caezTO5Kd3nxR8ecetxKGtKd1Cg=,tEZYhy2U313ZqkLjNqCMurXEMrs=
-62,12,caezTO5Kd3nxR8ecetxKGtKd1Cg=,tEZYhy2U313ZqkLjNqCMurXEMrs=
-50,12,caezTO5Kd3nxR8ecetxKGtKd1Cg=,tEZYhy2U313ZqkLjNqCMurXEMrs=
-51,11,caezTO5Kd3nxR8ecetxKGtKd1Cg=,tEZYhy2U313ZqkLjNqCMurXEMrs=
-49,1,caezTO5Kd3nxR8ecetxKGtKd1Cg=,tEZYhy2U313ZqkLjNqCMurXEMrs=
-50,2,caezTO5Kd3nxR8ecetxKGtKd1Cg=,tEZYhy2U313ZqkLjNqCMurXEMrs=
-60,12,caezTO5Kd3nxR8ecetxKGtKd1Cg=,tEZYhy2U313ZqkLjNqCMurXEMrs=
-64,1,caezTO5Kd3nxR8ecetxKGtKd1Cg=,tEZYhy2U313ZqkLjNqCMurXEMrs=
-57,11,caezTO5Kd3nxR8ecetxKGtKd1Cg=,tEZYhy2U313ZqkLjNqCMurXEMrs=
-49,10,caezTO5Kd3nxR8ecetxKGtKd1Cg=,tEZYhy2U313ZqkLjNqCMurXEMrs=
-53,10,caezTO5Kd3nxR8ecetxKGtKd1Cg=,tEZYhy2U313ZqkLjNqCMurXEMrs=
-55,11,caezTO5Kd3nxR8ecetxKGtKd1Cg=,tEZYhy2U313ZqkLjNqCMurXEMrs=
-56,10,caezTO5Kd3nxR8ecetxKGtKd1Cg=,tEZYhy2U313ZqkLjNqCMurXEMrs=
-64,2,caezTO5Kd3nxR8ecetxKGtKd1Cg=,tEZYhy2U313ZqkLjNqCMurXEMrs=
-50,0,caezTO5Kd3nxR8ecetxKGtKd1Cg=,tEZYhy2U313ZqkLjNqCMurXEMrs=
-59,10,caezTO5Kd3nxR8ecetxKGtKd1Cg=,tEZYhy2U313ZqkLjNqCMurXEMrs=
-51,0,caezTO5Kd3nxR8ecetxKGtKd1Cg=,tEZYhy2U313ZqkLjNqCMurXEMrs=
-50,11,caezTO5Kd3nxR8ecetxKGtKd1Cg=,tEZYhy2U313ZqkLjNqCMurXEMrs=
-59,11,caezTO5Kd3nxR8ecetxKGtKd1Cg=,tEZYhy2U313ZqkLjNqCMurXEMrs=
-62,10,caezTO5Kd3nxR8ecetxKGtKd1Cg=,tEZYhy2U313ZqkLjNqCMurXEMrs=
-52,10,caezTO5Kd3nxR8ecetxKGtKd1Cg=,tEZYhy2U313ZqkLjNqCMurXEMrs=
-51,10,caezTO5Kd3nxR8ecetxKGtKd1Cg=,tEZYhy2U313ZqkLjNqCMurXEMrs=
-61,10,caezTO5Kd3nxR8ecetxKGtKd1Cg=,tEZYhy2U313ZqkLjNqCMurXEMrs=
-56,11,caezTO5Kd3nxR8ecetxKGtKd1Cg=,tEZYhy2U313ZqkLjNqCMurXEMrs=
-61,11,caezTO5Kd3nxR8ecetxKGtKd1Cg=,tEZYhy2U313ZqkLjNqCMurXEMrs=
-50,10,caezTO5Kd3nxR8ecetxKGtKd1Cg=,tEZYhy2U313ZqkLjNqCMurXEMrs=
-54,10,caezTO5Kd3nxR8ecetxKGtKd1Cg=,tEZYhy2U313ZqkLjNqCMurXEMrs=
-63,10,caezTO5Kd3nxR8ecetxKGtKd1Cg=,tEZYhy2U313ZqkLjNqCMurXEMrs=
-58,11,caezTO5Kd3nxR8ecetxKGtKd1Cg=,tEZYhy2U313ZqkLjNqCMurXEMrs=
-60,11,caezTO5Kd3nxR8ecetxKGtKd1Cg=,tEZYhy2U313ZqkLjNqCMurXEMrs=
-60,10,caezTO5Kd3nxR8ecetxKGtKd1Cg=,tEZYhy2U313ZqkLjNqCMurXEMrs=
-51,1,caezTO5Kd3nxR8ecetxKGtKd1Cg=,tEZYhy2U313ZqkLjNqCMurXEMrs=
-55,10,caezTO5Kd3nxR8ecetxKGtKd1Cg=,tEZYhy2U313ZqkLjNqCMurXEMrs=
-64,10,caezTO5Kd3nxR8ecetxKGtKd1Cg=,tEZYhy2U313ZqkLjNqCMurXEMrs=
-57,10,caezTO5Kd3nxR8ecetxKGtKd1Cg=,tEZYhy2U313ZqkLjNqCMurXEMrs=
-51,2,caezTO5Kd3nxR8ecetxKGtKd1Cg=,tEZYhy2U313ZqkLjNqCMurXEMrs=
-50,3,caezTO5Kd3nxR8ecetxKGtKd1Cg=,tEZYhy2U313ZqkLjNqCMurXEMrs=
-52,1,caezTO5Kd3nxR8ecetxKGtKd1Cg=,tEZYhy2U313ZqkLjNqCMurXEMrs=
-52,0,caezTO5Kd3nxR8ecetxKGtKd1Cg=,tEZYhy2U313ZqkLjNqCMurXEMrs=
-58,10,caezTO5Kd3nxR8ecetxKGtKd1Cg=,tEZYhy2U313ZqkLjNqCMurXEMrs=
-50,9,caezTO5Kd3nxR8ecetxKGtKd1Cg=,tEZYhy2U313ZqkLjNqCMurXEMrs=
-49,9,caezTO5Kd3nxR8ecetxKGtKd1Cg=,tEZYhy2U313ZqkLjNqCMurXEMrs=
-51,9,caezTO5Kd3nxR8ecetxKGtKd1Cg=,tEZYhy2U313ZqkLjNqCMurXEMrs=
-53,9,caezTO5Kd3nxR8ecetxKGtKd1Cg=,tEZYhy2U313ZqkLjNqCMurXEMrs=
-55,9,caezTO5Kd3nxR8ecetxKGtKd1Cg=,tEZYhy2U313ZqkLjNqCMurXEMrs=
-56,9,caezTO5Kd3nxR8ecetxKGtKd1Cg=,tEZYhy2U313ZqkLjNqCMurXEMrs=
-52,9,caezTO5Kd3nxR8ecetxKGtKd1Cg=,tEZYhy2U313ZqkLjNqCMurXEMrs=
-57,9,caezTO5Kd3nxR8ecetxKGtKd1Cg=,tEZYhy2U313ZqkLjNqCMurXEMrs=
-54,9,caezTO5Kd3nxR8ecetxKGtKd1Cg=,tEZYhy2U313ZqkLjNqCMurXEMrs=
-49,3,caezTO5Kd3nxR8ecetxKGtKd1Cg=,tEZYhy2U313ZqkLjNqCMurXEMrs=
-62,9,caezTO5Kd3nxR8ecetxKGtKd1Cg=,tEZYhy2U313ZqkLjNqCMurXEMrs=
-59,9,caezTO5Kd3nxR8ecetxKGtKd1Cg=,tEZYhy2U313ZqkLjNqCMurXEMrs=
-58,9,caezTO5Kd3nxR8ecetxKGtKd1Cg=,tEZYhy2U313ZqkLjNqCMurXEMrs=
-63,9,caezTO5Kd3nxR8ecetxKGtKd1Cg=,tEZYhy2U313ZqkLjNqCMurXEMrs=
-60,9,caezTO5Kd3nxR8ecetxKGtKd1Cg=,tEZYhy2U313ZqkLjNqCMurXEMrs=
-64,9,caezTO5Kd3nxR8ecetxKGtKd1Cg=,tEZYhy2U313ZqkLjNqCMurXEMrs=
-58,1,caezTO5Kd3nxR8ecetxKGtKd1Cg=,tEZYhy2U313ZqkLjNqCMurXEMrs=
-50,8,caezTO5Kd3nxR8ecetxKGtKd1Cg=,tEZYhy2U313ZqkLjNqCMurXEMrs=
-61,9,caezTO5Kd3nxR8ecetxKGtKd1Cg=,tEZYhy2U313ZqkLjNqCMurXEMrs=
-52,2,caezTO5Kd3nxR8ecetxKGtKd1Cg=,tEZYhy2U313ZqkLjNqCMurXEMrs=
-53,0,caezTO5Kd3nxR8ecetxKGtKd1Cg=,tEZYhy2U313ZqkLjNqCMurXEMrs=
-49,8,caezTO5Kd3nxR8ecetxKGtKd1Cg=,tEZYhy2U313ZqkLjNqCMurXEMrs=
-58,0,caezTO5Kd3nxR8ecetxKGtKd1Cg=,tEZYhy2U313ZqkLjNqCMurXEMrs=
-53,1,caezTO5Kd3nxR8ecetxKGtKd1Cg=,tEZYhy2U313ZqkLjNqCMurXEMrs=
-64,4,caezTO5Kd3nxR8ecetxKGtKd1Cg=,tEZYhy2U313ZqkLjNqCMurXEMrs=
-51,8,caezTO5Kd3nxR8ecetxKGtKd1Cg=,tEZYhy2U313ZqkLjNqCMurXEMrs=
-52,8,caezTO5Kd3nxR8ecetxKGtKd1Cg=,tEZYhy2U313ZqkLjNqCMurXEMrs=
-53,8,caezTO5Kd3nxR8ecetxKGtKd1Cg=,tEZYhy2U313ZqkLjNqCMurXEMrs=
-55,8,caezTO5Kd3nxR8ecetxKGtKd1Cg=,tEZYhy2U313ZqkLjNqCMurXEMrs=
-56,8,caezTO5Kd3nxR8ecetxKGtKd1Cg=,tEZYhy2U313ZqkLjNqCMurXEMrs=
-57,2,caezTO5Kd3nxR8ecetxKGtKd1Cg=,tEZYhy2U313ZqkLjNqCMurXEMrs=
-58,8,caezTO5Kd3nxR8ecetxKGtKd1Cg=,tEZYhy2U313ZqkLjNqCMurXEMrs=
-59,8,caezTO5Kd3nxR8ecetxKGtKd1Cg=,tEZYhy2U313ZqkLjNqCMurXEMrs=
-54,8,caezTO5Kd3nxR8ecetxKGtKd1Cg=,tEZYhy2U313ZqkLjNqCMurXEMrs=
-60,8,caezTO5Kd3nxR8ecetxKGtKd1Cg=,tEZYhy2U313ZqkLjNqCMurXEMrs=
-63,4,caezTO5Kd3nxR8ecetxKGtKd1Cg=,tEZYhy2U313ZqkLjNqCMurXEMrs=
-57,8,caezTO5Kd3nxR8ecetxKGtKd1Cg=,tEZYhy2U313ZqkLjNqCMurXEMrs=
-63,8,caezTO5Kd3nxR8ecetxKGtKd1Cg=,tEZYhy2U313ZqkLjNqCMurXEMrs=
-62,8,caezTO5Kd3nxR8ecetxKGtKd1Cg=,tEZYhy2U313ZqkLjNqCMurXEMrs=
-53,2,caezTO5Kd3nxR8ecetxKGtKd1Cg=,tEZYhy2U313ZqkLjNqCMurXEMrs=
-61,8,caezTO5Kd3nxR8ecetxKGtKd1Cg=,tEZYhy2U313ZqkLjNqCMurXEMrs=
-50,7,caezTO5Kd3nxR8ecetxKGtKd1Cg=,tEZYhy2U313ZqkLjNqCMurXEMrs=
-54,0,caezTO5Kd3nxR8ecetxKGtKd1Cg=,tEZYhy2U313ZqkLjNqCMurXEMrs=
-62,4,caezTO5Kd3nxR8ecetxKGtKd1Cg=,tEZYhy2U313ZqkLjNqCMurXEMrs=
-64,8,caezTO5Kd3nxR8ecetxKGtKd1Cg=,tEZYhy2U313ZqkLjNqCMurXEMrs=
-51,7,caezTO5Kd3nxR8ecetxKGtKd1Cg=,tEZYhy2U313ZqkLjNqCMurXEMrs=
-52,7,caezTO5Kd3nxR8ecetxKGtKd1Cg=,tEZYhy2U313ZqkLjNqCMurXEMrs=
-55,7,caezTO5Kd3nxR8ecetxKGtKd1Cg=,tEZYhy2U313ZqkLjNqCMurXEMrs=
-49,7,caezTO5Kd3nxR8ecetxKGtKd1Cg=,tEZYhy2U313ZqkLjNqCMurXEMrs=
-53,7,caezTO5Kd3nxR8ecetxKGtKd1Cg=,tEZYhy2U313ZqkLjNqCMurXEMrs=
-54,1,caezTO5Kd3nxR8ecetxKGtKd1Cg=,tEZYhy2U313ZqkLjNqCMurXEMrs=
-56,7,caezTO5Kd3nxR8ecetxKGtKd1Cg=,tEZYhy2U313ZqkLjNqCMurXEMrs=
-61,4,caezTO5Kd3nxR8ecetxKGtKd1Cg=,tEZYhy2U313ZqkLjNqCMurXEMrs=
-54,7,caezTO5Kd3nxR8ecetxKGtKd1Cg=,tEZYhy2U313ZqkLjNqCMurXEMrs=
-59,7,caezTO5Kd3nxR8ecetxKGtKd1Cg=,tEZYhy2U313ZqkLjNqCMurXEMrs=
-57,7,caezTO5Kd3nxR8ecetxKGtKd1Cg=,tEZYhy2U313ZqkLjNqCMurXEMrs=
-62,7,caezTO5Kd3nxR8ecetxKGtKd1Cg=,tEZYhy2U313ZqkLjNqCMurXEMrs=
-61,7,caezTO5Kd3nxR8ecetxKGtKd1Cg=,tEZYhy2U313ZqkLjNqCMurXEMrs=
-58,7,caezTO5Kd3nxR8ecetxKGtKd1Cg=,tEZYhy2U313ZqkLjNqCMurXEMrs=
-60,7,caezTO5Kd3nxR8ecetxKGtKd1Cg=,tEZYhy2U313ZqkLjNqCMurXEMrs=
-60,4,caezTO5Kd3nxR8ecetxKGtKd1Cg=,tEZYhy2U313ZqkLjNqCMurXEMrs=
-54,2,caezTO5Kd3nxR8ecetxKGtKd1Cg=,tEZYhy2U313ZqkLjNqCMurXEMrs=
-64,7,caezTO5Kd3nxR8ecetxKGtKd1Cg=,tEZYhy2U313ZqkLjNqCMurXEMrs=
-55,1,caezTO5Kd3nxR8ecetxKGtKd1Cg=,tEZYhy2U313ZqkLjNqCMurXEMrs=
-59,4,caezTO5Kd3nxR8ecetxKGtKd1Cg=,tEZYhy2U313ZqkLjNqCMurXEMrs=
-63,7,caezTO5Kd3nxR8ecetxKGtKd1Cg=,tEZYhy2U313ZqkLjNqCMurXEMrs=
-58,4,caezTO5Kd3nxR8ecetxKGtKd1Cg=,tEZYhy2U313ZqkLjNqCMurXEMrs=
-55,0,caezTO5Kd3nxR8ecetxKGtKd1Cg=,tEZYhy2U313ZqkLjNqCMurXEMrs=
-53,6,caezTO5Kd3nxR8ecetxKGtKd1Cg=,tEZYhy2U313ZqkLjNqCMurXEMrs=
-49,6,caezTO5Kd3nxR8ecetxKGtKd1Cg=,tEZYhy2U313ZqkLjNqCMurXEMrs=
-50,6,caezTO5Kd3nxR8ecetxKGtKd1Cg=,tEZYhy2U313ZqkLjNqCMurXEMrs=
-51,6,caezTO5Kd3nxR8ecetxKGtKd1Cg=,tEZYhy2U313ZqkLjNqCMurXEMrs=
-52,6,caezTO5Kd3nxR8ecetxKGtKd1Cg=,tEZYhy2U313ZqkLjNqCMurXEMrs=
-59,6,caezTO5Kd3nxR8ecetxKGtKd1Cg=,tEZYhy2U313ZqkLjNqCMurXEMrs=
-58,6,caezTO5Kd3nxR8ecetxKGtKd1Cg=,tEZYhy2U313ZqkLjNqCMurXEMrs=
-57,4,caezTO5Kd3nxR8ecetxKGtKd1Cg=,tEZYhy2U313ZqkLjNqCMurXEMrs=
-56,6,caezTO5Kd3nxR8ecetxKGtKd1Cg=,tEZYhy2U313ZqkLjNqCMurXEMrs=
-54,6,caezTO5Kd3nxR8ecetxKGtKd1Cg=,tEZYhy2U313ZqkLjNqCMurXEMrs=
-63,6,caezTO5Kd3nxR8ecetxKGtKd1Cg=,tEZYhy2U313ZqkLjNqCMurXEMrs=
-62,6,caezTO5Kd3nxR8ecetxKGtKd1Cg=,tEZYhy2U313ZqkLjNqCMurXEMrs=
-55,6,caezTO5Kd3nxR8ecetxKGtKd1Cg=,tEZYhy2U313ZqkLjNqCMurXEMrs=
-57,6,caezTO5Kd3nxR8ecetxKGtKd1Cg=,tEZYhy2U313ZqkLjNqCMurXEMrs=
-60,6,caezTO5Kd3nxR8ecetxKGtKd1Cg=,tEZYhy2U313ZqkLjNqCMurXEMrs=
-61,6,caezTO5Kd3nxR8ecetxKGtKd1Cg=,tEZYhy2U313ZqkLjNqCMurXEMrs=
-56,0,caezTO5Kd3nxR8ecetxKGtKd1Cg=,tEZYhy2U313ZqkLjNqCMurXEMrs=
-56,4,caezTO5Kd3nxR8ecetxKGtKd1Cg=,tEZYhy2U313ZqkLjNqCMurXEMrs=
-64,6,caezTO5Kd3nxR8ecetxKGtKd1Cg=,tEZYhy2U313ZqkLjNqCMurXEMrs=
-55,2,caezTO5Kd3nxR8ecetxKGtKd1Cg=,tEZYhy2U313ZqkLjNqCMurXEMrs=
-56,1,caezTO5Kd3nxR8ecetxKGtKd1Cg=,tEZYhy2U313ZqkLjNqCMurXEMrs=
-49,5,caezTO5Kd3nxR8ecetxKGtKd1Cg=,tEZYhy2U313ZqkLjNqCMurXEMrs=
-51,5,caezTO5Kd3nxR8ecetxKGtKd1Cg=,tEZYhy2U313ZqkLjNqCMurXEMrs=
-53,5,caezTO5Kd3nxR8ecetxKGtKd1Cg=,tEZYhy2U313ZqkLjNqCMurXEMrs=
-55,4,caezTO5Kd3nxR8ecetxKGtKd1Cg=,tEZYhy2U313ZqkLjNqCMurXEMrs=
-52,5,caezTO5Kd3nxR8ecetxKGtKd1Cg=,tEZYhy2U313ZqkLjNqCMurXEMrs=
-50,5,caezTO5Kd3nxR8ecetxKGtKd1Cg=,tEZYhy2U313ZqkLjNqCMurXEMrs=
-54,5,caezTO5Kd3nxR8ecetxKGtKd1Cg=,tEZYhy2U313ZqkLjNqCMurXEMrs=
-59,5,caezTO5Kd3nxR8ecetxKGtKd1Cg=,tEZYhy2U313ZqkLjNqCMurXEMrs=
-58,5,caezTO5Kd3nxR8ecetxKGtKd1Cg=,tEZYhy2U313ZqkLjNqCMurXEMrs=
-60,5,caezTO5Kd3nxR8ecetxKGtKd1Cg=,tEZYhy2U313ZqkLjNqCMurXEMrs=
-57,5,caezTO5Kd3nxR8ecetxKGtKd1Cg=,tEZYhy2U313ZqkLjNqCMurXEMrs=
-56,5,caezTO5Kd3nxR8ecetxKGtKd1Cg=,tEZYhy2U313ZqkLjNqCMurXEMrs=
-63,5,caezTO5Kd3nxR8ecetxKGtKd1Cg=,tEZYhy2U313ZqkLjNqCMurXEMrs=
-55,5,caezTO5Kd3nxR8ecetxKGtKd1Cg=,tEZYhy2U313ZqkLjNqCMurXEMrs=
-64,5,caezTO5Kd3nxR8ecetxKGtKd1Cg=,tEZYhy2U313ZqkLjNqCMurXEMrs=
-62,5,caezTO5Kd3nxR8ecetxKGtKd1Cg=,tEZYhy2U313ZqkLjNqCMurXEMrs=
-54,4,caezTO5Kd3nxR8ecetxKGtKd1Cg=,tEZYhy2U313ZqkLjNqCMurXEMrs=
-57,1,caezTO5Kd3nxR8ecetxKGtKd1Cg=,tEZYhy2U313ZqkLjNqCMurXEMrs=
-61,5,caezTO5Kd3nxR8ecetxKGtKd1Cg=,tEZYhy2U313ZqkLjNqCMurXEMrs=
-57,0,caezTO5Kd3nxR8ecetxKGtKd1Cg=,tEZYhy2U313ZqkLjNqCMurXEMrs=
-53,4,caezTO5Kd3nxR8ecetxKGtKd1Cg=,tEZYhy2U313ZqkLjNqCMurXEMrs=
-56,2,caezTO5Kd3nxR8ecetxKGtKd1Cg=,tEZYhy2U313ZqkLjNqCMurXEMrs=
-50,4,caezTO5Kd3nxR8ecetxKGtKd1Cg=,tEZYhy2U313ZqkLjNqCMurXEMrs=
-49,4,caezTO5Kd3nxR8ecetxKGtKd1Cg=,tEZYhy2U313ZqkLjNqCMurXEMrs=
-51,4,caezTO5Kd3nxR8ecetxKGtKd1Cg=,tEZYhy2U313ZqkLjNqCMurXEMrs=
-52,4,caezTO5Kd3nxR8ecetxKGtKd1Cg=,tEZYhy2U313ZqkLjNqCMurXEMrs=
-60,19,aF8UiuL0XeJ4P42mV626mfnl5L4=,lHVes6Bh35voH0KqbC6FTN9SssQ=
-61,16,aF8UiuL0XeJ4P42mV626mfnl5L4=,lHVes6Bh35voH0KqbC6FTN9SssQ=
-59,18,aF8UiuL0XeJ4P42mV626mfnl5L4=,lHVes6Bh35voH0KqbC6FTN9SssQ=
-60,18,aF8UiuL0XeJ4P42mV626mfnl5L4=,lHVes6Bh35voH0KqbC6FTN9SssQ=
-60,17,aF8UiuL0XeJ4P42mV626mfnl5L4=,lHVes6Bh35voH0KqbC6FTN9SssQ=
-59,16,aF8UiuL0XeJ4P42mV626mfnl5L4=,lHVes6Bh35voH0KqbC6FTN9SssQ=
-59,17,aF8UiuL0XeJ4P42mV626mfnl5L4=,lHVes6Bh35voH0KqbC6FTN9SssQ=
-63,16,aF8UiuL0XeJ4P42mV626mfnl5L4=,lHVes6Bh35voH0KqbC6FTN9SssQ=
-61,18,aF8UiuL0XeJ4P42mV626mfnl5L4=,lHVes6Bh35voH0KqbC6FTN9SssQ=
-59,19,aF8UiuL0XeJ4P42mV626mfnl5L4=,lHVes6Bh35voH0KqbC6FTN9SssQ=
-52,31,aF8UiuL0XeJ4P42mV626mfnl5L4=,lHVes6Bh35voH0KqbC6FTN9SssQ=
-62,18,aF8UiuL0XeJ4P42mV626mfnl5L4=,lHVes6Bh35voH0KqbC6FTN9SssQ=
-53,31,aF8UiuL0XeJ4P42mV626mfnl5L4=,lHVes6Bh35voH0KqbC6FTN9SssQ=
-57,19,aF8UiuL0XeJ4P42mV626mfnl5L4=,lHVes6Bh35voH0KqbC6FTN9SssQ=
-54,31,nys6s//fdiLxkkFJl/5yOGl/6ug=,lHVes6Bh35voH0KqbC6FTN9SssQ=
-63,18,nys6s//fdiLxkkFJl/5yOGl/6ug=,lHVes6Bh35voH0KqbC6FTN9SssQ=
-55,31,nys6s//fdiLxkkFJl/5yOGl/6ug=,lHVes6Bh35voH0KqbC6FTN9SssQ=
-50,31,nys6s//fdiLxkkFJl/5yOGl/6ug=,lHVes6Bh35voH0KqbC6FTN9SssQ=
-64,18,nys6s//fdiLxkkFJl/5yOGl/6ug=,lHVes6Bh35voH0KqbC6FTN9SssQ=
-57,31,nys6s//fdiLxkkFJl/5yOGl/6ug=,lHVes6Bh35voH0KqbC6FTN9SssQ=
-61,19,nys6s//fdiLxkkFJl/5yOGl/6ug=,lHVes6Bh35voH0KqbC6FTN9SssQ=
-51,31,nys6s//fdiLxkkFJl/5yOGl/6ug=,lHVes6Bh35voH0KqbC6FTN9SssQ=
-58,31,nys6s//fdiLxkkFJl/5yOGl/6ug=,lHVes6Bh35voH0KqbC6FTN9SssQ=
-59,31,nys6s//fdiLxkkFJl/5yOGl/6ug=,lHVes6Bh35voH0KqbC6FTN9SssQ=
-60,31,nys6s//fdiLxkkFJl/5yOGl/6ug=,lHVes6Bh35voH0KqbC6FTN9SssQ=
-58,19,nys6s//fdiLxkkFJl/5yOGl/6ug=,lHVes6Bh35voH0KqbC6FTN9SssQ=
-62,31,nys6s//fdiLxkkFJl/5yOGl/6ug=,lHVes6Bh35voH0KqbC6FTN9SssQ=
-64,16,nys6s//fdiLxkkFJl/5yOGl/6ug=,lHVes6Bh35voH0KqbC6FTN9SssQ=
-63,31,nys6s//fdiLxkkFJl/5yOGl/6ug=,lHVes6Bh35voH0KqbC6FTN9SssQ=
-56,31,nys6s//fdiLxkkFJl/5yOGl/6ug=,lHVes6Bh35voH0KqbC6FTN9SssQ=
-61,31,nys6s//fdiLxkkFJl/5yOGl/6ug=,lHVes6Bh35voH0KqbC6FTN9SssQ=
-56,19,nys6s//fdiLxkkFJl/5yOGl/6ug=,lHVes6Bh35voH0KqbC6FTN9SssQ=
-60,16,nys6s//fdiLxkkFJl/5yOGl/6ug=,lHVes6Bh35voH0KqbC6FTN9SssQ=
-64,31,nys6s//fdiLxkkFJl/5yOGl/6ug=,lHVes6Bh35voH0KqbC6FTN9SssQ=
-49,17,QkIFpOS+vqNVPWElXxCoEdSKakY=,lHVes6Bh35voH0KqbC6FTN9SssQ=
-49,31,QkIFpOS+vqNVPWElXxCoEdSKakY=,lHVes6Bh35voH0KqbC6FTN9SssQ=
-62,19,QkIFpOS+vqNVPWElXxCoEdSKakY=,lHVes6Bh35voH0KqbC6FTN9SssQ=
-61,17,QkIFpOS+vqNVPWElXxCoEdSKakY=,lHVes6Bh35voH0KqbC6FTN9SssQ=
-53,30,QkIFpOS+vqNVPWElXxCoEdSKakY=,lHVes6Bh35voH0KqbC6FTN9SssQ=
-50,17,QkIFpOS+vqNVPWElXxCoEdSKakY=,lHVes6Bh35voH0KqbC6FTN9SssQ=
-52,30,QkIFpOS+vqNVPWElXxCoEdSKakY=,lHVes6Bh35voH0KqbC6FTN9SssQ=
-55,30,QkIFpOS+vqNVPWElXxCoEdSKakY=,lHVes6Bh35voH0KqbC6FTN9SssQ=
-57,30,QkIFpOS+vqNVPWElXxCoEdSKakY=,lHVes6Bh35voH0KqbC6FTN9SssQ=
-58,30,QkIFpOS+vqNVPWElXxCoEdSKakY=,lHVes6Bh35voH0KqbC6FTN9SssQ=
-59,30,QkIFpOS+vqNVPWElXxCoEdSKakY=,lHVes6Bh35voH0KqbC6FTN9SssQ=
-60,30,QkIFpOS+vqNVPWElXxCoEdSKakY=,lHVes6Bh35voH0KqbC6FTN9SssQ=
-51,30,QkIFpOS+vqNVPWElXxCoEdSKakY=,lHVes6Bh35voH0KqbC6FTN9SssQ=
-61,30,QkIFpOS+vqNVPWElXxCoEdSKakY=,lHVes6Bh35voH0KqbC6FTN9SssQ=
-54,30,QkIFpOS+vqNVPWElXxCoEdSKakY=,lHVes6Bh35voH0KqbC6FTN9SssQ=
-62,30,QkIFpOS+vqNVPWElXxCoEdSKakY=,lHVes6Bh35voH0KqbC6FTN9SssQ=
-63,30,QkIFpOS+vqNVPWElXxCoEdSKakY=,lHVes6Bh35voH0KqbC6FTN9SssQ=
-64,30,QkIFpOS+vqNVPWElXxCoEdSKakY=,lHVes6Bh35voH0KqbC6FTN9SssQ=
-49,30,QkIFpOS+vqNVPWElXxCoEdSKakY=,lHVes6Bh35voH0KqbC6FTN9SssQ=
-55,19,QkIFpOS+vqNVPWElXxCoEdSKakY=,lHVes6Bh35voH0KqbC6FTN9SssQ=
-51,17,QkIFpOS+vqNVPWElXxCoEdSKakY=,lHVes6Bh35voH0KqbC6FTN9SssQ=
-50,30,QkIFpOS+vqNVPWElXxCoEdSKakY=,lHVes6Bh35voH0KqbC6FTN9SssQ=
-49,29,QkIFpOS+vqNVPWElXxCoEdSKakY=,lHVes6Bh35voH0KqbC6FTN9SssQ=
-56,30,QkIFpOS+vqNVPWElXxCoEdSKakY=,lHVes6Bh35voH0KqbC6FTN9SssQ=
-53,29,QkIFpOS+vqNVPWElXxCoEdSKakY=,lHVes6Bh35voH0KqbC6FTN9SssQ=
-63,19,QkIFpOS+vqNVPWElXxCoEdSKakY=,lHVes6Bh35voH0KqbC6FTN9SssQ=
-62,17,QkIFpOS+vqNVPWElXxCoEdSKakY=,lHVes6Bh35voH0KqbC6FTN9SssQ=
-54,29,QkIFpOS+vqNVPWElXxCoEdSKakY=,lHVes6Bh35voH0KqbC6FTN9SssQ=
-56,29,QkIFpOS+vqNVPWElXxCoEdSKakY=,lHVes6Bh35voH0KqbC6FTN9SssQ=
-60,29,QkIFpOS+vqNVPWElXxCoEdSKakY=,lHVes6Bh35voH0KqbC6FTN9SssQ=
-50,29,QkIFpOS+vqNVPWElXxCoEdSKakY=,lHVes6Bh35voH0KqbC6FTN9SssQ=
-59,29,QkIFpOS+vqNVPWElXxCoEdSKakY=,lHVes6Bh35voH0KqbC6FTN9SssQ=
-61,29,QkIFpOS+vqNVPWElXxCoEdSKakY=,lHVes6Bh35voH0KqbC6FTN9SssQ=
-62,29,QkIFpOS+vqNVPWElXxCoEdSKakY=,lHVes6Bh35voH0KqbC6FTN9SssQ=
-63,29,QkIFpOS+vqNVPWElXxCoEdSKakY=,lHVes6Bh35voH0KqbC6FTN9SssQ=
-64,29,QkIFpOS+vqNVPWElXxCoEdSKakY=,lHVes6Bh35voH0KqbC6FTN9SssQ=
-57,29,QkIFpOS+vqNVPWElXxCoEdSKakY=,lHVes6Bh35voH0KqbC6FTN9SssQ=
-51,29,QkIFpOS+vqNVPWElXxCoEdSKakY=,lHVes6Bh35voH0KqbC6FTN9SssQ=
-55,29,QkIFpOS+vqNVPWElXxCoEdSKakY=,lHVes6Bh35voH0KqbC6FTN9SssQ=
-54,19,QkIFpOS+vqNVPWElXxCoEdSKakY=,lHVes6Bh35voH0KqbC6FTN9SssQ=
-53,28,QkIFpOS+vqNVPWElXxCoEdSKakY=,lHVes6Bh35voH0KqbC6FTN9SssQ=
-58,29,QkIFpOS+vqNVPWElXxCoEdSKakY=,lHVes6Bh35voH0KqbC6FTN9SssQ=
-54,28,QkIFpOS+vqNVPWElXxCoEdSKakY=,lHVes6Bh35voH0KqbC6FTN9SssQ=
-63,17,QkIFpOS+vqNVPWElXxCoEdSKakY=,lHVes6Bh35voH0KqbC6FTN9SssQ=
-55,28,QkIFpOS+vqNVPWElXxCoEdSKakY=,lHVes6Bh35voH0KqbC6FTN9SssQ=
-64,19,QkIFpOS+vqNVPWElXxCoEdSKakY=,lHVes6Bh35voH0KqbC6FTN9SssQ=
-56,28,QkIFpOS+vqNVPWElXxCoEdSKakY=,lHVes6Bh35voH0KqbC6FTN9SssQ=
-57,28,QkIFpOS+vqNVPWElXxCoEdSKakY=,lHVes6Bh35voH0KqbC6FTN9SssQ=
-58,28,QkIFpOS+vqNVPWElXxCoEdSKakY=,lHVes6Bh35voH0KqbC6FTN9SssQ=
-59,28,QkIFpOS+vqNVPWElXxCoEdSKakY=,lHVes6Bh35voH0KqbC6FTN9SssQ=
-60,28,QkIFpOS+vqNVPWElXxCoEdSKakY=,lHVes6Bh35voH0KqbC6FTN9SssQ=
-61,28,QkIFpOS+vqNVPWElXxCoEdSKakY=,lHVes6Bh35voH0KqbC6FTN9SssQ=
-62,28,QkIFpOS+vqNVPWElXxCoEdSKakY=,lHVes6Bh35voH0KqbC6FTN9SssQ=
-63,28,QkIFpOS+vqNVPWElXxCoEdSKakY=,lHVes6Bh35voH0KqbC6FTN9SssQ=
-64,28,QkIFpOS+vqNVPWElXxCoEdSKakY=,lHVes6Bh35voH0KqbC6FTN9SssQ=
-49,28,QkIFpOS+vqNVPWElXxCoEdSKakY=,lHVes6Bh35voH0KqbC6FTN9SssQ=
-64,17,QkIFpOS+vqNVPWElXxCoEdSKakY=,lHVes6Bh35voH0KqbC6FTN9SssQ=
-53,19,QkIFpOS+vqNVPWElXxCoEdSKakY=,lHVes6Bh35voH0KqbC6FTN9SssQ=
-52,29,QkIFpOS+vqNVPWElXxCoEdSKakY=,lHVes6Bh35voH0KqbC6FTN9SssQ=
-52,28,QkIFpOS+vqNVPWElXxCoEdSKakY=,lHVes6Bh35voH0KqbC6FTN9SssQ=
-51,28,QkIFpOS+vqNVPWElXxCoEdSKakY=,lHVes6Bh35voH0KqbC6FTN9SssQ=
-52,27,QkIFpOS+vqNVPWElXxCoEdSKakY=,lHVes6Bh35voH0KqbC6FTN9SssQ=
-50,28,QkIFpOS+vqNVPWElXxCoEdSKakY=,lHVes6Bh35voH0KqbC6FTN9SssQ=
-52,19,QkIFpOS+vqNVPWElXxCoEdSKakY=,lHVes6Bh35voH0KqbC6FTN9SssQ=
-51,27,QkIFpOS+vqNVPWElXxCoEdSKakY=,lHVes6Bh35voH0KqbC6FTN9SssQ=
-55,27,QkIFpOS+vqNVPWElXxCoEdSKakY=,lHVes6Bh35voH0KqbC6FTN9SssQ=
-57,27,QkIFpOS+vqNVPWElXxCoEdSKakY=,lHVes6Bh35voH0KqbC6FTN9SssQ=
-56,27,QkIFpOS+vqNVPWElXxCoEdSKakY=,lHVes6Bh35voH0KqbC6FTN9SssQ=
-58,27,QkIFpOS+vqNVPWElXxCoEdSKakY=,lHVes6Bh35voH0KqbC6FTN9SssQ=
-59,27,QkIFpOS+vqNVPWElXxCoEdSKakY=,lHVes6Bh35voH0KqbC6FTN9SssQ=
-49,16,QkIFpOS+vqNVPWElXxCoEdSKakY=,lHVes6Bh35voH0KqbC6FTN9SssQ=
-49,27,QkIFpOS+vqNVPWElXxCoEdSKakY=,lHVes6Bh35voH0KqbC6FTN9SssQ=
-60,27,QkIFpOS+vqNVPWElXxCoEdSKakY=,lHVes6Bh35voH0KqbC6FTN9SssQ=
-61,27,QkIFpOS+vqNVPWElXxCoEdSKakY=,lHVes6Bh35voH0KqbC6FTN9SssQ=
-62,27,QkIFpOS+vqNVPWElXxCoEdSKakY=,lHVes6Bh35voH0KqbC6FTN9SssQ=
-63,27,QkIFpOS+vqNVPWElXxCoEdSKakY=,lHVes6Bh35voH0KqbC6FTN9SssQ=
-64,27,QkIFpOS+vqNVPWElXxCoEdSKakY=,lHVes6Bh35voH0KqbC6FTN9SssQ=
-50,27,QkIFpOS+vqNVPWElXxCoEdSKakY=,lHVes6Bh35voH0KqbC6FTN9SssQ=
-54,27,QkIFpOS+vqNVPWElXxCoEdSKakY=,lHVes6Bh35voH0KqbC6FTN9SssQ=
-62,16,QkIFpOS+vqNVPWElXxCoEdSKakY=,lHVes6Bh35voH0KqbC6FTN9SssQ=
-51,19,QkIFpOS+vqNVPWElXxCoEdSKakY=,lHVes6Bh35voH0KqbC6FTN9SssQ=
-49,26,QkIFpOS+vqNVPWElXxCoEdSKakY=,lHVes6Bh35voH0KqbC6FTN9SssQ=
-50,26,QkIFpOS+vqNVPWElXxCoEdSKakY=,lHVes6Bh35voH0KqbC6FTN9SssQ=
-58,18,QkIFpOS+vqNVPWElXxCoEdSKakY=,lHVes6Bh35voH0KqbC6FTN9SssQ=
-58,16,QkIFpOS+vqNVPWElXxCoEdSKakY=,lHVes6Bh35voH0KqbC6FTN9SssQ=
-53,26,QkIFpOS+vqNVPWElXxCoEdSKakY=,lHVes6Bh35voH0KqbC6FTN9SssQ=
-53,27,QkIFpOS+vqNVPWElXxCoEdSKakY=,lHVes6Bh35voH0KqbC6FTN9SssQ=
-50,16,QkIFpOS+vqNVPWElXxCoEdSKakY=,lHVes6Bh35voH0KqbC6FTN9SssQ=
-52,26,QkIFpOS+vqNVPWElXxCoEdSKakY=,lHVes6Bh35voH0KqbC6FTN9SssQ=
-56,26,QkIFpOS+vqNVPWElXxCoEdSKakY=,lHVes6Bh35voH0KqbC6FTN9SssQ=
-57,26,QkIFpOS+vqNVPWElXxCoEdSKakY=,lHVes6Bh35voH0KqbC6FTN9SssQ=
-50,18,QkIFpOS+vqNVPWElXxCoEdSKakY=,lHVes6Bh35voH0KqbC6FTN9SssQ=
-51,26,QkIFpOS+vqNVPWElXxCoEdSKakY=,lHVes6Bh35voH0KqbC6FTN9SssQ=
-58,26,QkIFpOS+vqNVPWElXxCoEdSKakY=,lHVes6Bh35voH0KqbC6FTN9SssQ=
-59,26,QkIFpOS+vqNVPWElXxCoEdSKakY=,lHVes6Bh35voH0KqbC6FTN9SssQ=
-60,26,QkIFpOS+vqNVPWElXxCoEdSKakY=,lHVes6Bh35voH0KqbC6FTN9SssQ=
-62,26,QkIFpOS+vqNVPWElXxCoEdSKakY=,lHVes6Bh35voH0KqbC6FTN9SssQ=
-63,26,QkIFpOS+vqNVPWElXxCoEdSKakY=,lHVes6Bh35voH0KqbC6FTN9SssQ=
-49,18,QkIFpOS+vqNVPWElXxCoEdSKakY=,lHVes6Bh35voH0KqbC6FTN9SssQ=
-61,26,QkIFpOS+vqNVPWElXxCoEdSKakY=,lHVes6Bh35voH0KqbC6FTN9SssQ=
-64,26,QkIFpOS+vqNVPWElXxCoEdSKakY=,lHVes6Bh35voH0KqbC6FTN9SssQ=
-54,26,QkIFpOS+vqNVPWElXxCoEdSKakY=,lHVes6Bh35voH0KqbC6FTN9SssQ=
-55,26,QkIFpOS+vqNVPWElXxCoEdSKakY=,lHVes6Bh35voH0KqbC6FTN9SssQ=
-51,18,QkIFpOS+vqNVPWElXxCoEdSKakY=,lHVes6Bh35voH0KqbC6FTN9SssQ=
-49,25,QkIFpOS+vqNVPWElXxCoEdSKakY=,lHVes6Bh35voH0KqbC6FTN9SssQ=
-52,17,QkIFpOS+vqNVPWElXxCoEdSKakY=,lHVes6Bh35voH0KqbC6FTN9SssQ=
-51,16,QkIFpOS+vqNVPWElXxCoEdSKakY=,lHVes6Bh35voH0KqbC6FTN9SssQ=
-50,19,QkIFpOS+vqNVPWElXxCoEdSKakY=,lHVes6Bh35voH0KqbC6FTN9SssQ=
-51,25,QkIFpOS+vqNVPWElXxCoEdSKakY=,lHVes6Bh35voH0KqbC6FTN9SssQ=
-54,25,QkIFpOS+vqNVPWElXxCoEdSKakY=,lHVes6Bh35voH0KqbC6FTN9SssQ=
-50,25,QkIFpOS+vqNVPWElXxCoEdSKakY=,lHVes6Bh35voH0KqbC6FTN9SssQ=
-55,25,QkIFpOS+vqNVPWElXxCoEdSKakY=,lHVes6Bh35voH0KqbC6FTN9SssQ=
-57,25,QkIFpOS+vqNVPWElXxCoEdSKakY=,lHVes6Bh35voH0KqbC6FTN9SssQ=
-58,25,QkIFpOS+vqNVPWElXxCoEdSKakY=,lHVes6Bh35voH0KqbC6FTN9SssQ=
-59,25,QkIFpOS+vqNVPWElXxCoEdSKakY=,lHVes6Bh35voH0KqbC6FTN9SssQ=
-60,25,QkIFpOS+vqNVPWElXxCoEdSKakY=,lHVes6Bh35voH0KqbC6FTN9SssQ=
-61,25,QkIFpOS+vqNVPWElXxCoEdSKakY=,lHVes6Bh35voH0KqbC6FTN9SssQ=
-62,25,QkIFpOS+vqNVPWElXxCoEdSKakY=,lHVes6Bh35voH0KqbC6FTN9SssQ=
-63,25,QkIFpOS+vqNVPWElXxCoEdSKakY=,lHVes6Bh35voH0KqbC6FTN9SssQ=
-53,25,QkIFpOS+vqNVPWElXxCoEdSKakY=,lHVes6Bh35voH0KqbC6FTN9SssQ=
-64,25,QkIFpOS+vqNVPWElXxCoEdSKakY=,lHVes6Bh35voH0KqbC6FTN9SssQ=
-49,24,QkIFpOS+vqNVPWElXxCoEdSKakY=,lHVes6Bh35voH0KqbC6FTN9SssQ=
-52,16,QkIFpOS+vqNVPWElXxCoEdSKakY=,lHVes6Bh35voH0KqbC6FTN9SssQ=
-50,24,QkIFpOS+vqNVPWElXxCoEdSKakY=,lHVes6Bh35voH0KqbC6FTN9SssQ=
-53,17,QkIFpOS+vqNVPWElXxCoEdSKakY=,lHVes6Bh35voH0KqbC6FTN9SssQ=
-56,25,QkIFpOS+vqNVPWElXxCoEdSKakY=,lHVes6Bh35voH0KqbC6FTN9SssQ=
-52,24,QkIFpOS+vqNVPWElXxCoEdSKakY=,lHVes6Bh35voH0KqbC6FTN9SssQ=
-51,24,QkIFpOS+vqNVPWElXxCoEdSKakY=,lHVes6Bh35voH0KqbC6FTN9SssQ=
-54,24,QkIFpOS+vqNVPWElXxCoEdSKakY=,lHVes6Bh35voH0KqbC6FTN9SssQ=
-49,19,QkIFpOS+vqNVPWElXxCoEdSKakY=,lHVes6Bh35voH0KqbC6FTN9SssQ=
-64,20,QkIFpOS+vqNVPWElXxCoEdSKakY=,lHVes6Bh35voH0KqbC6FTN9SssQ=
-53,24,QkIFpOS+vqNVPWElXxCoEdSKakY=,lHVes6Bh35voH0KqbC6FTN9SssQ=
-52,25,QkIFpOS+vqNVPWElXxCoEdSKakY=,lHVes6Bh35voH0KqbC6FTN9SssQ=
-52,18,QkIFpOS+vqNVPWElXxCoEdSKakY=,lHVes6Bh35voH0KqbC6FTN9SssQ=
-58,24,QkIFpOS+vqNVPWElXxCoEdSKakY=,lHVes6Bh35voH0KqbC6FTN9SssQ=
-59,24,QkIFpOS+vqNVPWElXxCoEdSKakY=,lHVes6Bh35voH0KqbC6FTN9SssQ=
-60,24,QkIFpOS+vqNVPWElXxCoEdSKakY=,lHVes6Bh35voH0KqbC6FTN9SssQ=
-61,24,QkIFpOS+vqNVPWElXxCoEdSKakY=,lHVes6Bh35voH0KqbC6FTN9SssQ=
-63,24,QkIFpOS+vqNVPWElXxCoEdSKakY=,lHVes6Bh35voH0KqbC6FTN9SssQ=
-57,24,QkIFpOS+vqNVPWElXxCoEdSKakY=,lHVes6Bh35voH0KqbC6FTN9SssQ=
-62,24,QkIFpOS+vqNVPWElXxCoEdSKakY=,lHVes6Bh35voH0KqbC6FTN9SssQ=
-64,24,QkIFpOS+vqNVPWElXxCoEdSKakY=,lHVes6Bh35voH0KqbC6FTN9SssQ=
-53,16,QkIFpOS+vqNVPWElXxCoEdSKakY=,lHVes6Bh35voH0KqbC6FTN9SssQ=
-55,24,QkIFpOS+vqNVPWElXxCoEdSKakY=,lHVes6Bh35voH0KqbC6FTN9SssQ=
-53,18,QkIFpOS+vqNVPWElXxCoEdSKakY=,lHVes6Bh35voH0KqbC6FTN9SssQ=
-52,23,QkIFpOS+vqNVPWElXxCoEdSKakY=,lHVes6Bh35voH0KqbC6FTN9SssQ=
-50,23,QkIFpOS+vqNVPWElXxCoEdSKakY=,lHVes6Bh35voH0KqbC6FTN9SssQ=
-53,23,QkIFpOS+vqNVPWElXxCoEdSKakY=,lHVes6Bh35voH0KqbC6FTN9SssQ=
-54,17,QkIFpOS+vqNVPWElXxCoEdSKakY=,lHVes6Bh35voH0KqbC6FTN9SssQ=
-54,23,QkIFpOS+vqNVPWElXxCoEdSKakY=,lHVes6Bh35voH0KqbC6FTN9SssQ=
-49,23,QkIFpOS+vqNVPWElXxCoEdSKakY=,lHVes6Bh35voH0KqbC6FTN9SssQ=
-51,23,QkIFpOS+vqNVPWElXxCoEdSKakY=,lHVes6Bh35voH0KqbC6FTN9SssQ=
-54,18,QkIFpOS+vqNVPWElXxCoEdSKakY=,lHVes6Bh35voH0KqbC6FTN9SssQ=
-58,17,QkIFpOS+vqNVPWElXxCoEdSKakY=,lHVes6Bh35voH0KqbC6FTN9SssQ=
-63,20,QkIFpOS+vqNVPWElXxCoEdSKakY=,lHVes6Bh35voH0KqbC6FTN9SssQ=
-62,20,QkIFpOS+vqNVPWElXxCoEdSKakY=,lHVes6Bh35voH0KqbC6FTN9SssQ=
-61,20,QkIFpOS+vqNVPWElXxCoEdSKakY=,lHVes6Bh35voH0KqbC6FTN9SssQ=
-60,20,QkIFpOS+vqNVPWElXxCoEdSKakY=,lHVes6Bh35voH0KqbC6FTN9SssQ=
-58,23,QkIFpOS+vqNVPWElXxCoEdSKakY=,lHVes6Bh35voH0KqbC6FTN9SssQ=
-59,23,QkIFpOS+vqNVPWElXxCoEdSKakY=,lHVes6Bh35voH0KqbC6FTN9SssQ=
-60,23,QkIFpOS+vqNVPWElXxCoEdSKakY=,lHVes6Bh35voH0KqbC6FTN9SssQ=
-61,23,QkIFpOS+vqNVPWElXxCoEdSKakY=,lHVes6Bh35voH0KqbC6FTN9SssQ=
-62,23,QkIFpOS+vqNVPWElXxCoEdSKakY=,lHVes6Bh35voH0KqbC6FTN9SssQ=
-63,23,QkIFpOS+vqNVPWElXxCoEdSKakY=,lHVes6Bh35voH0KqbC6FTN9SssQ=
-55,23,QkIFpOS+vqNVPWElXxCoEdSKakY=,lHVes6Bh35voH0KqbC6FTN9SssQ=
-64,23,QkIFpOS+vqNVPWElXxCoEdSKakY=,lHVes6Bh35voH0KqbC6FTN9SssQ=
-57,23,QkIFpOS+vqNVPWElXxCoEdSKakY=,lHVes6Bh35voH0KqbC6FTN9SssQ=
-59,20,QkIFpOS+vqNVPWElXxCoEdSKakY=,lHVes6Bh35voH0KqbC6FTN9SssQ=
-49,22,QkIFpOS+vqNVPWElXxCoEdSKakY=,lHVes6Bh35voH0KqbC6FTN9SssQ=
-54,16,QkIFpOS+vqNVPWElXxCoEdSKakY=,lHVes6Bh35voH0KqbC6FTN9SssQ=
-58,20,QkIFpOS+vqNVPWElXxCoEdSKakY=,lHVes6Bh35voH0KqbC6FTN9SssQ=
-50,22,QkIFpOS+vqNVPWElXxCoEdSKakY=,lHVes6Bh35voH0KqbC6FTN9SssQ=
-55,17,QkIFpOS+vqNVPWElXxCoEdSKakY=,lHVes6Bh35voH0KqbC6FTN9SssQ=
-57,20,QkIFpOS+vqNVPWElXxCoEdSKakY=,lHVes6Bh35voH0KqbC6FTN9SssQ=
-52,22,QkIFpOS+vqNVPWElXxCoEdSKakY=,lHVes6Bh35voH0KqbC6FTN9SssQ=
-51,22,QkIFpOS+vqNVPWElXxCoEdSKakY=,lHVes6Bh35voH0KqbC6FTN9SssQ=
-56,24,QkIFpOS+vqNVPWElXxCoEdSKakY=,lHVes6Bh35voH0KqbC6FTN9SssQ=
-54,22,QkIFpOS+vqNVPWElXxCoEdSKakY=,lHVes6Bh35voH0KqbC6FTN9SssQ=
-53,22,QkIFpOS+vqNVPWElXxCoEdSKakY=,lHVes6Bh35voH0KqbC6FTN9SssQ=
-55,22,QkIFpOS+vqNVPWElXxCoEdSKakY=,lHVes6Bh35voH0KqbC6FTN9SssQ=
-56,23,QkIFpOS+vqNVPWElXxCoEdSKakY=,lHVes6Bh35voH0KqbC6FTN9SssQ=
-55,16,QkIFpOS+vqNVPWElXxCoEdSKakY=,lHVes6Bh35voH0KqbC6FTN9SssQ=
-60,22,QkIFpOS+vqNVPWElXxCoEdSKakY=,lHVes6Bh35voH0KqbC6FTN9SssQ=
-61,22,QkIFpOS+vqNVPWElXxCoEdSKakY=,lHVes6Bh35voH0KqbC6FTN9SssQ=
-62,22,QkIFpOS+vqNVPWElXxCoEdSKakY=,lHVes6Bh35voH0KqbC6FTN9SssQ=
-63,22,QkIFpOS+vqNVPWElXxCoEdSKakY=,lHVes6Bh35voH0KqbC6FTN9SssQ=
-59,22,QkIFpOS+vqNVPWElXxCoEdSKakY=,lHVes6Bh35voH0KqbC6FTN9SssQ=
-64,22,QkIFpOS+vqNVPWElXxCoEdSKakY=,lHVes6Bh35voH0KqbC6FTN9SssQ=
-56,22,QkIFpOS+vqNVPWElXxCoEdSKakY=,lHVes6Bh35voH0KqbC6FTN9SssQ=
-58,22,QkIFpOS+vqNVPWElXxCoEdSKakY=,lHVes6Bh35voH0KqbC6FTN9SssQ=
-57,22,QkIFpOS+vqNVPWElXxCoEdSKakY=,lHVes6Bh35voH0KqbC6FTN9SssQ=
-49,21,QkIFpOS+vqNVPWElXxCoEdSKakY=,lHVes6Bh35voH0KqbC6FTN9SssQ=
-55,18,QkIFpOS+vqNVPWElXxCoEdSKakY=,lHVes6Bh35voH0KqbC6FTN9SssQ=
-56,17,QkIFpOS+vqNVPWElXxCoEdSKakY=,lHVes6Bh35voH0KqbC6FTN9SssQ=
-56,20,QkIFpOS+vqNVPWElXxCoEdSKakY=,lHVes6Bh35voH0KqbC6FTN9SssQ=
-50,21,QkIFpOS+vqNVPWElXxCoEdSKakY=,lHVes6Bh35voH0KqbC6FTN9SssQ=
-54,21,QkIFpOS+vqNVPWElXxCoEdSKakY=,lHVes6Bh35voH0KqbC6FTN9SssQ=
-52,21,QkIFpOS+vqNVPWElXxCoEdSKakY=,lHVes6Bh35voH0KqbC6FTN9SssQ=
-56,18,QkIFpOS+vqNVPWElXxCoEdSKakY=,lHVes6Bh35voH0KqbC6FTN9SssQ=
-53,21,QkIFpOS+vqNVPWElXxCoEdSKakY=,lHVes6Bh35voH0KqbC6FTN9SssQ=
-55,21,QkIFpOS+vqNVPWElXxCoEdSKakY=,lHVes6Bh35voH0KqbC6FTN9SssQ=
-58,21,QkIFpOS+vqNVPWElXxCoEdSKakY=,lHVes6Bh35voH0KqbC6FTN9SssQ=
-60,21,QkIFpOS+vqNVPWElXxCoEdSKakY=,lHVes6Bh35voH0KqbC6FTN9SssQ=
-61,21,QkIFpOS+vqNVPWElXxCoEdSKakY=,lHVes6Bh35voH0KqbC6FTN9SssQ=
-62,21,QkIFpOS+vqNVPWElXxCoEdSKakY=,lHVes6Bh35voH0KqbC6FTN9SssQ=
-63,21,QkIFpOS+vqNVPWElXxCoEdSKakY=,lHVes6Bh35voH0KqbC6FTN9SssQ=
-59,21,QkIFpOS+vqNVPWElXxCoEdSKakY=,lHVes6Bh35voH0KqbC6FTN9SssQ=
-64,21,QkIFpOS+vqNVPWElXxCoEdSKakY=,lHVes6Bh35voH0KqbC6FTN9SssQ=
-56,21,QkIFpOS+vqNVPWElXxCoEdSKakY=,lHVes6Bh35voH0KqbC6FTN9SssQ=
-55,20,QkIFpOS+vqNVPWElXxCoEdSKakY=,lHVes6Bh35voH0KqbC6FTN9SssQ=
-57,21,QkIFpOS+vqNVPWElXxCoEdSKakY=,lHVes6Bh35voH0KqbC6FTN9SssQ=
-54,20,QkIFpOS+vqNVPWElXxCoEdSKakY=,lHVes6Bh35voH0KqbC6FTN9SssQ=
-49,20,QkIFpOS+vqNVPWElXxCoEdSKakY=,lHVes6Bh35voH0KqbC6FTN9SssQ=
-57,17,QkIFpOS+vqNVPWElXxCoEdSKakY=,lHVes6Bh35voH0KqbC6FTN9SssQ=
-51,20,QkIFpOS+vqNVPWElXxCoEdSKakY=,lHVes6Bh35voH0KqbC6FTN9SssQ=
-50,20,QkIFpOS+vqNVPWElXxCoEdSKakY=,lHVes6Bh35voH0KqbC6FTN9SssQ=
-57,16,QkIFpOS+vqNVPWElXxCoEdSKakY=,lHVes6Bh35voH0KqbC6FTN9SssQ=
-52,20,QkIFpOS+vqNVPWElXxCoEdSKakY=,lHVes6Bh35voH0KqbC6FTN9SssQ=
-57,18,QkIFpOS+vqNVPWElXxCoEdSKakY=,lHVes6Bh35voH0KqbC6FTN9SssQ=
-51,21,QkIFpOS+vqNVPWElXxCoEdSKakY=,lHVes6Bh35voH0KqbC6FTN9SssQ=
-53,20,QkIFpOS+vqNVPWElXxCoEdSKakY=,lHVes6Bh35voH0KqbC6FTN9SssQ=
-56,16,QkIFpOS+vqNVPWElXxCoEdSKakY=,lHVes6Bh35voH0KqbC6FTN9SssQ=
-40,31,ipS1eciWIolWuKSocdgqQrkjGJw=,vJdxPucoYrNULY4JceyWSjoLypQ=
-43,31,ipS1eciWIolWuKSocdgqQrkjGJw=,vJdxPucoYrNULY4JceyWSjoLypQ=
-40,19,ipS1eciWIolWuKSocdgqQrkjGJw=,vJdxPucoYrNULY4JceyWSjoLypQ=
-42,31,ipS1eciWIolWuKSocdgqQrkjGJw=,vJdxPucoYrNULY4JceyWSjoLypQ=
-39,31,ipS1eciWIolWuKSocdgqQrkjGJw=,vJdxPucoYrNULY4JceyWSjoLypQ=
-33,31,ipS1eciWIolWuKSocdgqQrkjGJw=,vJdxPucoYrNULY4JceyWSjoLypQ=
-41,31,ipS1eciWIolWuKSocdgqQrkjGJw=,vJdxPucoYrNULY4JceyWSjoLypQ=
-44,31,ipS1eciWIolWuKSocdgqQrkjGJw=,vJdxPucoYrNULY4JceyWSjoLypQ=
-39,19,ipS1eciWIolWuKSocdgqQrkjGJw=,vJdxPucoYrNULY4JceyWSjoLypQ=
-45,31,ipS1eciWIolWuKSocdgqQrkjGJw=,vJdxPucoYrNULY4JceyWSjoLypQ=
-35,31,ipS1eciWIolWuKSocdgqQrkjGJw=,vJdxPucoYrNULY4JceyWSjoLypQ=
-34,31,ipS1eciWIolWuKSocdgqQrkjGJw=,vJdxPucoYrNULY4JceyWSjoLypQ=
-37,31,ipS1eciWIolWuKSocdgqQrkjGJw=,vJdxPucoYrNULY4JceyWSjoLypQ=
-38,31,ipS1eciWIolWuKSocdgqQrkjGJw=,vJdxPucoYrNULY4JceyWSjoLypQ=
-43,16,fX5ZvGWDUvekZrz8wDaVqqbfBBI=,vJdxPucoYrNULY4JceyWSjoLypQ=
-41,16,fX5ZvGWDUvekZrz8wDaVqqbfBBI=,vJdxPucoYrNULY4JceyWSjoLypQ=
-38,19,fX5ZvGWDUvekZrz8wDaVqqbfBBI=,vJdxPucoYrNULY4JceyWSjoLypQ=
-42,18,fX5ZvGWDUvekZrz8wDaVqqbfBBI=,vJdxPucoYrNULY4JceyWSjoLypQ=
-41,19,fX5ZvGWDUvekZrz8wDaVqqbfBBI=,vJdxPucoYrNULY4JceyWSjoLypQ=
-41,18,fX5ZvGWDUvekZrz8wDaVqqbfBBI=,vJdxPucoYrNULY4JceyWSjoLypQ=
-42,19,fX5ZvGWDUvekZrz8wDaVqqbfBBI=,vJdxPucoYrNULY4JceyWSjoLypQ=
-37,19,fX5ZvGWDUvekZrz8wDaVqqbfBBI=,vJdxPucoYrNULY4JceyWSjoLypQ=
-36,31,fX5ZvGWDUvekZrz8wDaVqqbfBBI=,vJdxPucoYrNULY4JceyWSjoLypQ=
-47,31,fX5ZvGWDUvekZrz8wDaVqqbfBBI=,vJdxPucoYrNULY4JceyWSjoLypQ=
-36,19,fX5ZvGWDUvekZrz8wDaVqqbfBBI=,vJdxPucoYrNULY4JceyWSjoLypQ=
-33,30,fX5ZvGWDUvekZrz8wDaVqqbfBBI=,vJdxPucoYrNULY4JceyWSjoLypQ=
-45,16,fX5ZvGWDUvekZrz8wDaVqqbfBBI=,vJdxPucoYrNULY4JceyWSjoLypQ=
-46,31,fX5ZvGWDUvekZrz8wDaVqqbfBBI=,vJdxPucoYrNULY4JceyWSjoLypQ=
-42,17,fX5ZvGWDUvekZrz8wDaVqqbfBBI=,vJdxPucoYrNULY4JceyWSjoLypQ=
-34,30,fX5ZvGWDUvekZrz8wDaVqqbfBBI=,vJdxPucoYrNULY4JceyWSjoLypQ=
-46,16,fX5ZvGWDUvekZrz8wDaVqqbfBBI=,vJdxPucoYrNULY4JceyWSjoLypQ=
-48,31,fX5ZvGWDUvekZrz8wDaVqqbfBBI=,vJdxPucoYrNULY4JceyWSjoLypQ=
-35,30,fX5ZvGWDUvekZrz8wDaVqqbfBBI=,vJdxPucoYrNULY4JceyWSjoLypQ=
-43,17,fX5ZvGWDUvekZrz8wDaVqqbfBBI=,vJdxPucoYrNULY4JceyWSjoLypQ=
-47,16,fX5ZvGWDUvekZrz8wDaVqqbfBBI=,vJdxPucoYrNULY4JceyWSjoLypQ=
-36,30,fX5ZvGWDUvekZrz8wDaVqqbfBBI=,vJdxPucoYrNULY4JceyWSjoLypQ=
-41,17,fX5ZvGWDUvekZrz8wDaVqqbfBBI=,vJdxPucoYrNULY4JceyWSjoLypQ=
-44,19,fX5ZvGWDUvekZrz8wDaVqqbfBBI=,vJdxPucoYrNULY4JceyWSjoLypQ=
-35,19,fX5ZvGWDUvekZrz8wDaVqqbfBBI=,vJdxPucoYrNULY4JceyWSjoLypQ=
-45,19,fX5ZvGWDUvekZrz8wDaVqqbfBBI=,vJdxPucoYrNULY4JceyWSjoLypQ=
-46,19,81Zwyg8kNejYA3k3uzy/L3pmhvA=,vJdxPucoYrNULY4JceyWSjoLypQ=
-48,16,81Zwyg8kNejYA3k3uzy/L3pmhvA=,vJdxPucoYrNULY4JceyWSjoLypQ=
-42,16,81Zwyg8kNejYA3k3uzy/L3pmhvA=,vJdxPucoYrNULY4JceyWSjoLypQ=
-34,19,81Zwyg8kNejYA3k3uzy/L3pmhvA=,vJdxPucoYrNULY4JceyWSjoLypQ=
-33,18,81Zwyg8kNejYA3k3uzy/L3pmhvA=,vJdxPucoYrNULY4JceyWSjoLypQ=
-43,19,81Zwyg8kNejYA3k3uzy/L3pmhvA=,vJdxPucoYrNULY4JceyWSjoLypQ=
-47,19,81Zwyg8kNejYA3k3uzy/L3pmhvA=,vJdxPucoYrNULY4JceyWSjoLypQ=
-48,19,81Zwyg8kNejYA3k3uzy/L3pmhvA=,vJdxPucoYrNULY4JceyWSjoLypQ=
-37,18,81Zwyg8kNejYA3k3uzy/L3pmhvA=,vJdxPucoYrNULY4JceyWSjoLypQ=
-38,18,81Zwyg8kNejYA3k3uzy/L3pmhvA=,vJdxPucoYrNULY4JceyWSjoLypQ=
-33,19,81Zwyg8kNejYA3k3uzy/L3pmhvA=,vJdxPucoYrNULY4JceyWSjoLypQ=
-34,18,81Zwyg8kNejYA3k3uzy/L3pmhvA=,vJdxPucoYrNULY4JceyWSjoLypQ=
-39,18,81Zwyg8kNejYA3k3uzy/L3pmhvA=,vJdxPucoYrNULY4JceyWSjoLypQ=
-37,30,81Zwyg8kNejYA3k3uzy/L3pmhvA=,vJdxPucoYrNULY4JceyWSjoLypQ=
-35,18,81Zwyg8kNejYA3k3uzy/L3pmhvA=,vJdxPucoYrNULY4JceyWSjoLypQ=
-38,30,81Zwyg8kNejYA3k3uzy/L3pmhvA=,vJdxPucoYrNULY4JceyWSjoLypQ=
-48,20,81Zwyg8kNejYA3k3uzy/L3pmhvA=,vJdxPucoYrNULY4JceyWSjoLypQ=
-40,18,81Zwyg8kNejYA3k3uzy/L3pmhvA=,vJdxPucoYrNULY4JceyWSjoLypQ=
-39,30,81Zwyg8kNejYA3k3uzy/L3pmhvA=,vJdxPucoYrNULY4JceyWSjoLypQ=
-40,17,81Zwyg8kNejYA3k3uzy/L3pmhvA=,vJdxPucoYrNULY4JceyWSjoLypQ=
-36,18,81Zwyg8kNejYA3k3uzy/L3pmhvA=,vJdxPucoYrNULY4JceyWSjoLypQ=
-41,30,81Zwyg8kNejYA3k3uzy/L3pmhvA=,vJdxPucoYrNULY4JceyWSjoLypQ=
-40,30,81Zwyg8kNejYA3k3uzy/L3pmhvA=,vJdxPucoYrNULY4JceyWSjoLypQ=
-44,16,81Zwyg8kNejYA3k3uzy/L3pmhvA=,vJdxPucoYrNULY4JceyWSjoLypQ=
-47,20,81Zwyg8kNejYA3k3uzy/L3pmhvA=,vJdxPucoYrNULY4JceyWSjoLypQ=
-43,30,81Zwyg8kNejYA3k3uzy/L3pmhvA=,vJdxPucoYrNULY4JceyWSjoLypQ=
-45,30,81Zwyg8kNejYA3k3uzy/L3pmhvA=,vJdxPucoYrNULY4JceyWSjoLypQ=
-43,18,81Zwyg8kNejYA3k3uzy/L3pmhvA=,vJdxPucoYrNULY4JceyWSjoLypQ=
-46,30,81Zwyg8kNejYA3k3uzy/L3pmhvA=,vJdxPucoYrNULY4JceyWSjoLypQ=
-46,20,81Zwyg8kNejYA3k3uzy/L3pmhvA=,vJdxPucoYrNULY4JceyWSjoLypQ=
-42,30,81Zwyg8kNejYA3k3uzy/L3pmhvA=,vJdxPucoYrNULY4JceyWSjoLypQ=
-33,29,81Zwyg8kNejYA3k3uzy/L3pmhvA=,vJdxPucoYrNULY4JceyWSjoLypQ=
-47,30,81Zwyg8kNejYA3k3uzy/L3pmhvA=,vJdxPucoYrNULY4JceyWSjoLypQ=
-34,29,81Zwyg8kNejYA3k3uzy/L3pmhvA=,vJdxPucoYrNULY4JceyWSjoLypQ=
-48,30,81Zwyg8kNejYA3k3uzy/L3pmhvA=,vJdxPucoYrNULY4JceyWSjoLypQ=
-35,29,81Zwyg8kNejYA3k3uzy/L3pmhvA=,vJdxPucoYrNULY4JceyWSjoLypQ=
-40,16,81Zwyg8kNejYA3k3uzy/L3pmhvA=,vJdxPucoYrNULY4JceyWSjoLypQ=
-37,29,81Zwyg8kNejYA3k3uzy/L3pmhvA=,vJdxPucoYrNULY4JceyWSjoLypQ=
-44,18,81Zwyg8kNejYA3k3uzy/L3pmhvA=,vJdxPucoYrNULY4JceyWSjoLypQ=
-44,30,81Zwyg8kNejYA3k3uzy/L3pmhvA=,vJdxPucoYrNULY4JceyWSjoLypQ=
-36,29,81Zwyg8kNejYA3k3uzy/L3pmhvA=,vJdxPucoYrNULY4JceyWSjoLypQ=
-44,17,81Zwyg8kNejYA3k3uzy/L3pmhvA=,vJdxPucoYrNULY4JceyWSjoLypQ=
-38,29,81Zwyg8kNejYA3k3uzy/L3pmhvA=,vJdxPucoYrNULY4JceyWSjoLypQ=
-45,20,81Zwyg8kNejYA3k3uzy/L3pmhvA=,vJdxPucoYrNULY4JceyWSjoLypQ=
-39,29,81Zwyg8kNejYA3k3uzy/L3pmhvA=,vJdxPucoYrNULY4JceyWSjoLypQ=
-42,29,81Zwyg8kNejYA3k3uzy/L3pmhvA=,vJdxPucoYrNULY4JceyWSjoLypQ=
-44,20,81Zwyg8kNejYA3k3uzy/L3pmhvA=,vJdxPucoYrNULY4JceyWSjoLypQ=
-43,29,81Zwyg8kNejYA3k3uzy/L3pmhvA=,vJdxPucoYrNULY4JceyWSjoLypQ=
-40,29,81Zwyg8kNejYA3k3uzy/L3pmhvA=,vJdxPucoYrNULY4JceyWSjoLypQ=
-43,20,81Zwyg8kNejYA3k3uzy/L3pmhvA=,vJdxPucoYrNULY4JceyWSjoLypQ=
-41,29,81Zwyg8kNejYA3k3uzy/L3pmhvA=,vJdxPucoYrNULY4JceyWSjoLypQ=
-46,29,81Zwyg8kNejYA3k3uzy/L3pmhvA=,vJdxPucoYrNULY4JceyWSjoLypQ=
-48,29,81Zwyg8kNejYA3k3uzy/L3pmhvA=,vJdxPucoYrNULY4JceyWSjoLypQ=
-44,29,81Zwyg8kNejYA3k3uzy/L3pmhvA=,vJdxPucoYrNULY4JceyWSjoLypQ=
-42,20,81Zwyg8kNejYA3k3uzy/L3pmhvA=,vJdxPucoYrNULY4JceyWSjoLypQ=
-45,29,81Zwyg8kNejYA3k3uzy/L3pmhvA=,vJdxPucoYrNULY4JceyWSjoLypQ=
-47,29,81Zwyg8kNejYA3k3uzy/L3pmhvA=,vJdxPucoYrNULY4JceyWSjoLypQ=
-35,28,81Zwyg8kNejYA3k3uzy/L3pmhvA=,vJdxPucoYrNULY4JceyWSjoLypQ=
-36,28,81Zwyg8kNejYA3k3uzy/L3pmhvA=,vJdxPucoYrNULY4JceyWSjoLypQ=
-34,28,81Zwyg8kNejYA3k3uzy/L3pmhvA=,vJdxPucoYrNULY4JceyWSjoLypQ=
-41,20,81Zwyg8kNejYA3k3uzy/L3pmhvA=,vJdxPucoYrNULY4JceyWSjoLypQ=
-33,28,81Zwyg8kNejYA3k3uzy/L3pmhvA=,vJdxPucoYrNULY4JceyWSjoLypQ=
-45,17,81Zwyg8kNejYA3k3uzy/L3pmhvA=,vJdxPucoYrNULY4JceyWSjoLypQ=
-37,28,81Zwyg8kNejYA3k3uzy/L3pmhvA=,vJdxPucoYrNULY4JceyWSjoLypQ=
-38,28,81Zwyg8kNejYA3k3uzy/L3pmhvA=,vJdxPucoYrNULY4JceyWSjoLypQ=
-40,20,81Zwyg8kNejYA3k3uzy/L3pmhvA=,vJdxPucoYrNULY4JceyWSjoLypQ=
-39,20,81Zwyg8kNejYA3k3uzy/L3pmhvA=,vJdxPucoYrNULY4JceyWSjoLypQ=
-39,28,81Zwyg8kNejYA3k3uzy/L3pmhvA=,vJdxPucoYrNULY4JceyWSjoLypQ=
-46,17,81Zwyg8kNejYA3k3uzy/L3pmhvA=,vJdxPucoYrNULY4JceyWSjoLypQ=
-45,18,81Zwyg8kNejYA3k3uzy/L3pmhvA=,vJdxPucoYrNULY4JceyWSjoLypQ=
-46,18,81Zwyg8kNejYA3k3uzy/L3pmhvA=,vJdxPucoYrNULY4JceyWSjoLypQ=
-48,17,81Zwyg8kNejYA3k3uzy/L3pmhvA=,vJdxPucoYrNULY4JceyWSjoLypQ=
-38,20,81Zwyg8kNejYA3k3uzy/L3pmhvA=,vJdxPucoYrNULY4JceyWSjoLypQ=
-47,18,81Zwyg8kNejYA3k3uzy/L3pmhvA=,vJdxPucoYrNULY4JceyWSjoLypQ=
-47,17,81Zwyg8kNejYA3k3uzy/L3pmhvA=,vJdxPucoYrNULY4JceyWSjoLypQ=
-41,28,81Zwyg8kNejYA3k3uzy/L3pmhvA=,vJdxPucoYrNULY4JceyWSjoLypQ=
-40,28,81Zwyg8kNejYA3k3uzy/L3pmhvA=,vJdxPucoYrNULY4JceyWSjoLypQ=
-42,28,81Zwyg8kNejYA3k3uzy/L3pmhvA=,vJdxPucoYrNULY4JceyWSjoLypQ=
-48,18,81Zwyg8kNejYA3k3uzy/L3pmhvA=,vJdxPucoYrNULY4JceyWSjoLypQ=
-37,20,81Zwyg8kNejYA3k3uzy/L3pmhvA=,vJdxPucoYrNULY4JceyWSjoLypQ=
-43,28,81Zwyg8kNejYA3k3uzy/L3pmhvA=,vJdxPucoYrNULY4JceyWSjoLypQ=
-44,28,81Zwyg8kNejYA3k3uzy/L3pmhvA=,vJdxPucoYrNULY4JceyWSjoLypQ=
-33,27,81Zwyg8kNejYA3k3uzy/L3pmhvA=,vJdxPucoYrNULY4JceyWSjoLypQ=
-36,20,81Zwyg8kNejYA3k3uzy/L3pmhvA=,vJdxPucoYrNULY4JceyWSjoLypQ=
-46,28,81Zwyg8kNejYA3k3uzy/L3pmhvA=,vJdxPucoYrNULY4JceyWSjoLypQ=
-47,28,81Zwyg8kNejYA3k3uzy/L3pmhvA=,vJdxPucoYrNULY4JceyWSjoLypQ=
-45,28,81Zwyg8kNejYA3k3uzy/L3pmhvA=,vJdxPucoYrNULY4JceyWSjoLypQ=
-48,28,81Zwyg8kNejYA3k3uzy/L3pmhvA=,vJdxPucoYrNULY4JceyWSjoLypQ=
-35,27,81Zwyg8kNejYA3k3uzy/L3pmhvA=,vJdxPucoYrNULY4JceyWSjoLypQ=
-35,20,81Zwyg8kNejYA3k3uzy/L3pmhvA=,vJdxPucoYrNULY4JceyWSjoLypQ=
-36,27,81Zwyg8kNejYA3k3uzy/L3pmhvA=,vJdxPucoYrNULY4JceyWSjoLypQ=
-37,27,81Zwyg8kNejYA3k3uzy/L3pmhvA=,vJdxPucoYrNULY4JceyWSjoLypQ=
-34,20,81Zwyg8kNejYA3k3uzy/L3pmhvA=,vJdxPucoYrNULY4JceyWSjoLypQ=
-33,16,81Zwyg8kNejYA3k3uzy/L3pmhvA=,vJdxPucoYrNULY4JceyWSjoLypQ=
-34,27,81Zwyg8kNejYA3k3uzy/L3pmhvA=,vJdxPucoYrNULY4JceyWSjoLypQ=
-38,27,81Zwyg8kNejYA3k3uzy/L3pmhvA=,vJdxPucoYrNULY4JceyWSjoLypQ=
-39,27,81Zwyg8kNejYA3k3uzy/L3pmhvA=,vJdxPucoYrNULY4JceyWSjoLypQ=
-33,17,81Zwyg8kNejYA3k3uzy/L3pmhvA=,vJdxPucoYrNULY4JceyWSjoLypQ=
-40,27,81Zwyg8kNejYA3k3uzy/L3pmhvA=,vJdxPucoYrNULY4JceyWSjoLypQ=
-33,20,81Zwyg8kNejYA3k3uzy/L3pmhvA=,vJdxPucoYrNULY4JceyWSjoLypQ=
-41,27,81Zwyg8kNejYA3k3uzy/L3pmhvA=,vJdxPucoYrNULY4JceyWSjoLypQ=
-42,27,81Zwyg8kNejYA3k3uzy/L3pmhvA=,vJdxPucoYrNULY4JceyWSjoLypQ=
-45,27,81Zwyg8kNejYA3k3uzy/L3pmhvA=,vJdxPucoYrNULY4JceyWSjoLypQ=
-43,27,81Zwyg8kNejYA3k3uzy/L3pmhvA=,vJdxPucoYrNULY4JceyWSjoLypQ=
-48,21,81Zwyg8kNejYA3k3uzy/L3pmhvA=,vJdxPucoYrNULY4JceyWSjoLypQ=
-33,26,81Zwyg8kNejYA3k3uzy/L3pmhvA=,vJdxPucoYrNULY4JceyWSjoLypQ=
-48,27,81Zwyg8kNejYA3k3uzy/L3pmhvA=,vJdxPucoYrNULY4JceyWSjoLypQ=
-34,26,81Zwyg8kNejYA3k3uzy/L3pmhvA=,vJdxPucoYrNULY4JceyWSjoLypQ=
-46,27,81Zwyg8kNejYA3k3uzy/L3pmhvA=,vJdxPucoYrNULY4JceyWSjoLypQ=
-47,21,81Zwyg8kNejYA3k3uzy/L3pmhvA=,vJdxPucoYrNULY4JceyWSjoLypQ=
-47,27,81Zwyg8kNejYA3k3uzy/L3pmhvA=,vJdxPucoYrNULY4JceyWSjoLypQ=
-37,26,81Zwyg8kNejYA3k3uzy/L3pmhvA=,vJdxPucoYrNULY4JceyWSjoLypQ=
-35,26,81Zwyg8kNejYA3k3uzy/L3pmhvA=,vJdxPucoYrNULY4JceyWSjoLypQ=
-39,17,81Zwyg8kNejYA3k3uzy/L3pmhvA=,vJdxPucoYrNULY4JceyWSjoLypQ=
-44,27,81Zwyg8kNejYA3k3uzy/L3pmhvA=,vJdxPucoYrNULY4JceyWSjoLypQ=
-38,26,81Zwyg8kNejYA3k3uzy/L3pmhvA=,vJdxPucoYrNULY4JceyWSjoLypQ=
-46,21,81Zwyg8kNejYA3k3uzy/L3pmhvA=,vJdxPucoYrNULY4JceyWSjoLypQ=
-36,26,81Zwyg8kNejYA3k3uzy/L3pmhvA=,vJdxPucoYrNULY4JceyWSjoLypQ=
-41,26,81Zwyg8kNejYA3k3uzy/L3pmhvA=,vJdxPucoYrNULY4JceyWSjoLypQ=
-34,17,81Zwyg8kNejYA3k3uzy/L3pmhvA=,vJdxPucoYrNULY4JceyWSjoLypQ=
-39,26,81Zwyg8kNejYA3k3uzy/L3pmhvA=,vJdxPucoYrNULY4JceyWSjoLypQ=
-40,26,81Zwyg8kNejYA3k3uzy/L3pmhvA=,vJdxPucoYrNULY4JceyWSjoLypQ=
-34,16,81Zwyg8kNejYA3k3uzy/L3pmhvA=,vJdxPucoYrNULY4JceyWSjoLypQ=
-45,21,81Zwyg8kNejYA3k3uzy/L3pmhvA=,vJdxPucoYrNULY4JceyWSjoLypQ=
-42,26,81Zwyg8kNejYA3k3uzy/L3pmhvA=,vJdxPucoYrNULY4JceyWSjoLypQ=
-44,26,81Zwyg8kNejYA3k3uzy/L3pmhvA=,vJdxPucoYrNULY4JceyWSjoLypQ=
-39,16,81Zwyg8kNejYA3k3uzy/L3pmhvA=,vJdxPucoYrNULY4JceyWSjoLypQ=
-43,26,81Zwyg8kNejYA3k3uzy/L3pmhvA=,vJdxPucoYrNULY4JceyWSjoLypQ=
-46,26,81Zwyg8kNejYA3k3uzy/L3pmhvA=,vJdxPucoYrNULY4JceyWSjoLypQ=
-47,26,81Zwyg8kNejYA3k3uzy/L3pmhvA=,vJdxPucoYrNULY4JceyWSjoLypQ=
-44,21,81Zwyg8kNejYA3k3uzy/L3pmhvA=,vJdxPucoYrNULY4JceyWSjoLypQ=
-48,26,81Zwyg8kNejYA3k3uzy/L3pmhvA=,vJdxPucoYrNULY4JceyWSjoLypQ=
-34,25,81Zwyg8kNejYA3k3uzy/L3pmhvA=,vJdxPucoYrNULY4JceyWSjoLypQ=
-33,25,81Zwyg8kNejYA3k3uzy/L3pmhvA=,vJdxPucoYrNULY4JceyWSjoLypQ=
-45,26,81Zwyg8kNejYA3k3uzy/L3pmhvA=,vJdxPucoYrNULY4JceyWSjoLypQ=
-35,25,81Zwyg8kNejYA3k3uzy/L3pmhvA=,vJdxPucoYrNULY4JceyWSjoLypQ=
-36,25,81Zwyg8kNejYA3k3uzy/L3pmhvA=,vJdxPucoYrNULY4JceyWSjoLypQ=
-43,21,81Zwyg8kNejYA3k3uzy/L3pmhvA=,vJdxPucoYrNULY4JceyWSjoLypQ=
-38,25,81Zwyg8kNejYA3k3uzy/L3pmhvA=,vJdxPucoYrNULY4JceyWSjoLypQ=
-37,25,81Zwyg8kNejYA3k3uzy/L3pmhvA=,vJdxPucoYrNULY4JceyWSjoLypQ=
-39,25,81Zwyg8kNejYA3k3uzy/L3pmhvA=,vJdxPucoYrNULY4JceyWSjoLypQ=
-35,16,81Zwyg8kNejYA3k3uzy/L3pmhvA=,vJdxPucoYrNULY4JceyWSjoLypQ=
-42,21,81Zwyg8kNejYA3k3uzy/L3pmhvA=,vJdxPucoYrNULY4JceyWSjoLypQ=
-43,25,81Zwyg8kNejYA3k3uzy/L3pmhvA=,vJdxPucoYrNULY4JceyWSjoLypQ=
-41,21,81Zwyg8kNejYA3k3uzy/L3pmhvA=,vJdxPucoYrNULY4JceyWSjoLypQ=
-42,25,81Zwyg8kNejYA3k3uzy/L3pmhvA=,vJdxPucoYrNULY4JceyWSjoLypQ=
-40,25,81Zwyg8kNejYA3k3uzy/L3pmhvA=,vJdxPucoYrNULY4JceyWSjoLypQ=
-44,25,81Zwyg8kNejYA3k3uzy/L3pmhvA=,vJdxPucoYrNULY4JceyWSjoLypQ=
-41,25,81Zwyg8kNejYA3k3uzy/L3pmhvA=,vJdxPucoYrNULY4JceyWSjoLypQ=
-35,17,81Zwyg8kNejYA3k3uzy/L3pmhvA=,vJdxPucoYrNULY4JceyWSjoLypQ=
-40,21,81Zwyg8kNejYA3k3uzy/L3pmhvA=,vJdxPucoYrNULY4JceyWSjoLypQ=
-48,25,81Zwyg8kNejYA3k3uzy/L3pmhvA=,vJdxPucoYrNULY4JceyWSjoLypQ=
-34,24,81Zwyg8kNejYA3k3uzy/L3pmhvA=,vJdxPucoYrNULY4JceyWSjoLypQ=
-33,24,81Zwyg8kNejYA3k3uzy/L3pmhvA=,vJdxPucoYrNULY4JceyWSjoLypQ=
-39,21,81Zwyg8kNejYA3k3uzy/L3pmhvA=,vJdxPucoYrNULY4JceyWSjoLypQ=
-47,25,81Zwyg8kNejYA3k3uzy/L3pmhvA=,vJdxPucoYrNULY4JceyWSjoLypQ=
-35,24,81Zwyg8kNejYA3k3uzy/L3pmhvA=,vJdxPucoYrNULY4JceyWSjoLypQ=
-38,21,81Zwyg8kNejYA3k3uzy/L3pmhvA=,vJdxPucoYrNULY4JceyWSjoLypQ=
-45,25,81Zwyg8kNejYA3k3uzy/L3pmhvA=,vJdxPucoYrNULY4JceyWSjoLypQ=
-38,24,81Zwyg8kNejYA3k3uzy/L3pmhvA=,vJdxPucoYrNULY4JceyWSjoLypQ=
-46,25,81Zwyg8kNejYA3k3uzy/L3pmhvA=,vJdxPucoYrNULY4JceyWSjoLypQ=
-37,24,81Zwyg8kNejYA3k3uzy/L3pmhvA=,vJdxPucoYrNULY4JceyWSjoLypQ=
-37,21,81Zwyg8kNejYA3k3uzy/L3pmhvA=,vJdxPucoYrNULY4JceyWSjoLypQ=
-39,24,81Zwyg8kNejYA3k3uzy/L3pmhvA=,vJdxPucoYrNULY4JceyWSjoLypQ=
-36,24,81Zwyg8kNejYA3k3uzy/L3pmhvA=,vJdxPucoYrNULY4JceyWSjoLypQ=
-40,24,81Zwyg8kNejYA3k3uzy/L3pmhvA=,vJdxPucoYrNULY4JceyWSjoLypQ=
-36,16,81Zwyg8kNejYA3k3uzy/L3pmhvA=,vJdxPucoYrNULY4JceyWSjoLypQ=
-41,24,81Zwyg8kNejYA3k3uzy/L3pmhvA=,vJdxPucoYrNULY4JceyWSjoLypQ=
-36,21,81Zwyg8kNejYA3k3uzy/L3pmhvA=,vJdxPucoYrNULY4JceyWSjoLypQ=
-42,24,81Zwyg8kNejYA3k3uzy/L3pmhvA=,vJdxPucoYrNULY4JceyWSjoLypQ=
-35,21,81Zwyg8kNejYA3k3uzy/L3pmhvA=,vJdxPucoYrNULY4JceyWSjoLypQ=
-43,24,81Zwyg8kNejYA3k3uzy/L3pmhvA=,vJdxPucoYrNULY4JceyWSjoLypQ=
-36,17,81Zwyg8kNejYA3k3uzy/L3pmhvA=,vJdxPucoYrNULY4JceyWSjoLypQ=
-46,24,81Zwyg8kNejYA3k3uzy/L3pmhvA=,vJdxPucoYrNULY4JceyWSjoLypQ=
-34,21,81Zwyg8kNejYA3k3uzy/L3pmhvA=,vJdxPucoYrNULY4JceyWSjoLypQ=
-45,24,81Zwyg8kNejYA3k3uzy/L3pmhvA=,vJdxPucoYrNULY4JceyWSjoLypQ=
-47,24,81Zwyg8kNejYA3k3uzy/L3pmhvA=,vJdxPucoYrNULY4JceyWSjoLypQ=
-34,23,81Zwyg8kNejYA3k3uzy/L3pmhvA=,vJdxPucoYrNULY4JceyWSjoLypQ=
-48,24,81Zwyg8kNejYA3k3uzy/L3pmhvA=,vJdxPucoYrNULY4JceyWSjoLypQ=
-33,23,81Zwyg8kNejYA3k3uzy/L3pmhvA=,vJdxPucoYrNULY4JceyWSjoLypQ=
-37,23,81Zwyg8kNejYA3k3uzy/L3pmhvA=,vJdxPucoYrNULY4JceyWSjoLypQ=
-44,24,81Zwyg8kNejYA3k3uzy/L3pmhvA=,vJdxPucoYrNULY4JceyWSjoLypQ=
-39,23,81Zwyg8kNejYA3k3uzy/L3pmhvA=,vJdxPucoYrNULY4JceyWSjoLypQ=
-35,23,81Zwyg8kNejYA3k3uzy/L3pmhvA=,vJdxPucoYrNULY4JceyWSjoLypQ=
-33,21,81Zwyg8kNejYA3k3uzy/L3pmhvA=,vJdxPucoYrNULY4JceyWSjoLypQ=
-41,23,81Zwyg8kNejYA3k3uzy/L3pmhvA=,vJdxPucoYrNULY4JceyWSjoLypQ=
-42,23,81Zwyg8kNejYA3k3uzy/L3pmhvA=,vJdxPucoYrNULY4JceyWSjoLypQ=
-37,16,81Zwyg8kNejYA3k3uzy/L3pmhvA=,vJdxPucoYrNULY4JceyWSjoLypQ=
-43,23,81Zwyg8kNejYA3k3uzy/L3pmhvA=,vJdxPucoYrNULY4JceyWSjoLypQ=
-48,22,81Zwyg8kNejYA3k3uzy/L3pmhvA=,vJdxPucoYrNULY4JceyWSjoLypQ=
-40,23,81Zwyg8kNejYA3k3uzy/L3pmhvA=,vJdxPucoYrNULY4JceyWSjoLypQ=
-38,23,81Zwyg8kNejYA3k3uzy/L3pmhvA=,vJdxPucoYrNULY4JceyWSjoLypQ=
-36,23,81Zwyg8kNejYA3k3uzy/L3pmhvA=,vJdxPucoYrNULY4JceyWSjoLypQ=
-44,23,81Zwyg8kNejYA3k3uzy/L3pmhvA=,vJdxPucoYrNULY4JceyWSjoLypQ=
-45,23,81Zwyg8kNejYA3k3uzy/L3pmhvA=,vJdxPucoYrNULY4JceyWSjoLypQ=
-36,22,81Zwyg8kNejYA3k3uzy/L3pmhvA=,vJdxPucoYrNULY4JceyWSjoLypQ=
-37,22,81Zwyg8kNejYA3k3uzy/L3pmhvA=,vJdxPucoYrNULY4JceyWSjoLypQ=
-40,22,81Zwyg8kNejYA3k3uzy/L3pmhvA=,vJdxPucoYrNULY4JceyWSjoLypQ=
-34,22,81Zwyg8kNejYA3k3uzy/L3pmhvA=,vJdxPucoYrNULY4JceyWSjoLypQ=
-38,22,81Zwyg8kNejYA3k3uzy/L3pmhvA=,vJdxPucoYrNULY4JceyWSjoLypQ=
-37,17,81Zwyg8kNejYA3k3uzy/L3pmhvA=,vJdxPucoYrNULY4JceyWSjoLypQ=
-41,22,81Zwyg8kNejYA3k3uzy/L3pmhvA=,vJdxPucoYrNULY4JceyWSjoLypQ=
-46,23,81Zwyg8kNejYA3k3uzy/L3pmhvA=,vJdxPucoYrNULY4JceyWSjoLypQ=
-48,23,81Zwyg8kNejYA3k3uzy/L3pmhvA=,vJdxPucoYrNULY4JceyWSjoLypQ=
-33,22,81Zwyg8kNejYA3k3uzy/L3pmhvA=,vJdxPucoYrNULY4JceyWSjoLypQ=
-42,22,81Zwyg8kNejYA3k3uzy/L3pmhvA=,vJdxPucoYrNULY4JceyWSjoLypQ=
-38,17,81Zwyg8kNejYA3k3uzy/L3pmhvA=,vJdxPucoYrNULY4JceyWSjoLypQ=
-47,22,81Zwyg8kNejYA3k3uzy/L3pmhvA=,vJdxPucoYrNULY4JceyWSjoLypQ=
-47,23,81Zwyg8kNejYA3k3uzy/L3pmhvA=,vJdxPucoYrNULY4JceyWSjoLypQ=
-39,22,81Zwyg8kNejYA3k3uzy/L3pmhvA=,vJdxPucoYrNULY4JceyWSjoLypQ=
-44,22,81Zwyg8kNejYA3k3uzy/L3pmhvA=,vJdxPucoYrNULY4JceyWSjoLypQ=
-46,22,81Zwyg8kNejYA3k3uzy/L3pmhvA=,vJdxPucoYrNULY4JceyWSjoLypQ=
-38,16,81Zwyg8kNejYA3k3uzy/L3pmhvA=,vJdxPucoYrNULY4JceyWSjoLypQ=
-35,22,81Zwyg8kNejYA3k3uzy/L3pmhvA=,vJdxPucoYrNULY4JceyWSjoLypQ=
-43,22,81Zwyg8kNejYA3k3uzy/L3pmhvA=,vJdxPucoYrNULY4JceyWSjoLypQ=
-45,22,81Zwyg8kNejYA3k3uzy/L3pmhvA=,vJdxPucoYrNULY4JceyWSjoLypQ=
-34,15,XSnRlF5bOYWF+is5N94/3pMoR98=,9LZsuBHFjgMFUw/N2tss4849z9Y=
-43,1,XSnRlF5bOYWF+is5N94/3pMoR98=,9LZsuBHFjgMFUw/N2tss4849z9Y=
-44,1,tZLrweF2dbwEFIuVIW7eS0ZPjA0=,9LZsuBHFjgMFUw/N2tss4849z9Y=
-47,0,tZLrweF2dbwEFIuVIW7eS0ZPjA0=,9LZsuBHFjgMFUw/N2tss4849z9Y=
-33,15,tZLrweF2dbwEFIuVIW7eS0ZPjA0=,9LZsuBHFjgMFUw/N2tss4849z9Y=
-36,15,tZLrweF2dbwEFIuVIW7eS0ZPjA0=,9LZsuBHFjgMFUw/N2tss4849z9Y=
-38,15,tZLrweF2dbwEFIuVIW7eS0ZPjA0=,9LZsuBHFjgMFUw/N2tss4849z9Y=
-37,15,tZLrweF2dbwEFIuVIW7eS0ZPjA0=,9LZsuBHFjgMFUw/N2tss4849z9Y=
-42,2,tZLrweF2dbwEFIuVIW7eS0ZPjA0=,9LZsuBHFjgMFUw/N2tss4849z9Y=
-40,15,tZLrweF2dbwEFIuVIW7eS0ZPjA0=,9LZsuBHFjgMFUw/N2tss4849z9Y=
-39,15,tZLrweF2dbwEFIuVIW7eS0ZPjA0=,9LZsuBHFjgMFUw/N2tss4849z9Y=
-44,2,tZLrweF2dbwEFIuVIW7eS0ZPjA0=,9LZsuBHFjgMFUw/N2tss4849z9Y=
-35,15,tZLrweF2dbwEFIuVIW7eS0ZPjA0=,9LZsuBHFjgMFUw/N2tss4849z9Y=
-42,15,tZLrweF2dbwEFIuVIW7eS0ZPjA0=,9LZsuBHFjgMFUw/N2tss4849z9Y=
-41,3,zr14B6sDxIyhkKSoOammmyd4GBk=,9LZsuBHFjgMFUw/N2tss4849z9Y=
-45,1,zr14B6sDxIyhkKSoOammmyd4GBk=,9LZsuBHFjgMFUw/N2tss4849z9Y=
-41,15,zr14B6sDxIyhkKSoOammmyd4GBk=,9LZsuBHFjgMFUw/N2tss4849z9Y=
-44,15,zr14B6sDxIyhkKSoOammmyd4GBk=,9LZsuBHFjgMFUw/N2tss4849z9Y=
-45,2,zr14B6sDxIyhkKSoOammmyd4GBk=,9LZsuBHFjgMFUw/N2tss4849z9Y=
-46,3,zr14B6sDxIyhkKSoOammmyd4GBk=,9LZsuBHFjgMFUw/N2tss4849z9Y=
-43,2,zr14B6sDxIyhkKSoOammmyd4GBk=,9LZsuBHFjgMFUw/N2tss4849z9Y=
-45,15,zr14B6sDxIyhkKSoOammmyd4GBk=,9LZsuBHFjgMFUw/N2tss4849z9Y=
-48,0,zr14B6sDxIyhkKSoOammmyd4GBk=,9LZsuBHFjgMFUw/N2tss4849z9Y=
-33,14,zr14B6sDxIyhkKSoOammmyd4GBk=,9LZsuBHFjgMFUw/N2tss4849z9Y=
-43,15,zr14B6sDxIyhkKSoOammmyd4GBk=,9LZsuBHFjgMFUw/N2tss4849z9Y=
-42,3,zr14B6sDxIyhkKSoOammmyd4GBk=,9LZsuBHFjgMFUw/N2tss4849z9Y=
-46,2,zr14B6sDxIyhkKSoOammmyd4GBk=,9LZsuBHFjgMFUw/N2tss4849z9Y=
-47,3,zr14B6sDxIyhkKSoOammmyd4GBk=,9LZsuBHFjgMFUw/N2tss4849z9Y=
-36,14,zr14B6sDxIyhkKSoOammmyd4GBk=,9LZsuBHFjgMFUw/N2tss4849z9Y=
-44,0,zr14B6sDxIyhkKSoOammmyd4GBk=,9LZsuBHFjgMFUw/N2tss4849z9Y=
-48,15,zr14B6sDxIyhkKSoOammmyd4GBk=,9LZsuBHFjgMFUw/N2tss4849z9Y=
-38,14,zr14B6sDxIyhkKSoOammmyd4GBk=,9LZsuBHFjgMFUw/N2tss4849z9Y=
-46,15,zr14B6sDxIyhkKSoOammmyd4GBk=,9LZsuBHFjgMFUw/N2tss4849z9Y=
-47,15,zr14B6sDxIyhkKSoOammmyd4GBk=,9LZsuBHFjgMFUw/N2tss4849z9Y=
-40,3,uu8GnLX9KNFi7hTBhV68K1vKhBc=,9LZsuBHFjgMFUw/N2tss4849z9Y=
-35,14,uu8GnLX9KNFi7hTBhV68K1vKhBc=,9LZsuBHFjgMFUw/N2tss4849z9Y=
-41,14,uu8GnLX9KNFi7hTBhV68K1vKhBc=,9LZsuBHFjgMFUw/N2tss4849z9Y=
-34,14,uu8GnLX9KNFi7hTBhV68K1vKhBc=,9LZsuBHFjgMFUw/N2tss4849z9Y=
-42,14,uu8GnLX9KNFi7hTBhV68K1vKhBc=,9LZsuBHFjgMFUw/N2tss4849z9Y=
-44,14,uu8GnLX9KNFi7hTBhV68K1vKhBc=,9LZsuBHFjgMFUw/N2tss4849z9Y=
-45,14,uu8GnLX9KNFi7hTBhV68K1vKhBc=,9LZsuBHFjgMFUw/N2tss4849z9Y=
-45,3,uu8GnLX9KNFi7hTBhV68K1vKhBc=,9LZsuBHFjgMFUw/N2tss4849z9Y=
-47,14,uu8GnLX9KNFi7hTBhV68K1vKhBc=,9LZsuBHFjgMFUw/N2tss4849z9Y=
-48,14,uu8GnLX9KNFi7hTBhV68K1vKhBc=,9LZsuBHFjgMFUw/N2tss4849z9Y=
-33,13,uu8GnLX9KNFi7hTBhV68K1vKhBc=,9LZsuBHFjgMFUw/N2tss4849z9Y=
-43,0,uu8GnLX9KNFi7hTBhV68K1vKhBc=,9LZsuBHFjgMFUw/N2tss4849z9Y=
-40,14,uu8GnLX9KNFi7hTBhV68K1vKhBc=,9LZsuBHFjgMFUw/N2tss4849z9Y=
-39,14,uu8GnLX9KNFi7hTBhV68K1vKhBc=,9LZsuBHFjgMFUw/N2tss4849z9Y=
-37,14,uu8GnLX9KNFi7hTBhV68K1vKhBc=,9LZsuBHFjgMFUw/N2tss4849z9Y=
-43,14,uu8GnLX9KNFi7hTBhV68K1vKhBc=,9LZsuBHFjgMFUw/N2tss4849z9Y=
-34,13,uu8GnLX9KNFi7hTBhV68K1vKhBc=,9LZsuBHFjgMFUw/N2tss4849z9Y=
-46,14,uu8GnLX9KNFi7hTBhV68K1vKhBc=,9LZsuBHFjgMFUw/N2tss4849z9Y=
-35,13,uu8GnLX9KNFi7hTBhV68K1vKhBc=,9LZsuBHFjgMFUw/N2tss4849z9Y=
-45,0,uu8GnLX9KNFi7hTBhV68K1vKhBc=,9LZsuBHFjgMFUw/N2tss4849z9Y=
-36,13,uu8GnLX9KNFi7hTBhV68K1vKhBc=,9LZsuBHFjgMFUw/N2tss4849z9Y=
-46,1,uu8GnLX9KNFi7hTBhV68K1vKhBc=,9LZsuBHFjgMFUw/N2tss4849z9Y=
-38,13,uu8GnLX9KNFi7hTBhV68K1vKhBc=,9LZsuBHFjgMFUw/N2tss4849z9Y=
-37,13,uu8GnLX9KNFi7hTBhV68K1vKhBc=,9LZsuBHFjgMFUw/N2tss4849z9Y=
-40,13,uu8GnLX9KNFi7hTBhV68K1vKhBc=,9LZsuBHFjgMFUw/N2tss4849z9Y=
-39,13,uu8GnLX9KNFi7hTBhV68K1vKhBc=,9LZsuBHFjgMFUw/N2tss4849z9Y=
-39,3,uu8GnLX9KNFi7hTBhV68K1vKhBc=,9LZsuBHFjgMFUw/N2tss4849z9Y=
-41,13,uu8GnLX9KNFi7hTBhV68K1vKhBc=,9LZsuBHFjgMFUw/N2tss4849z9Y=
-42,13,uu8GnLX9KNFi7hTBhV68K1vKhBc=,9LZsuBHFjgMFUw/N2tss4849z9Y=
-43,13,uu8GnLX9KNFi7hTBhV68K1vKhBc=,9LZsuBHFjgMFUw/N2tss4849z9Y=
-47,2,uu8GnLX9KNFi7hTBhV68K1vKhBc=,9LZsuBHFjgMFUw/N2tss4849z9Y=
-44,13,uu8GnLX9KNFi7hTBhV68K1vKhBc=,9LZsuBHFjgMFUw/N2tss4849z9Y=
-44,3,uu8GnLX9KNFi7hTBhV68K1vKhBc=,9LZsuBHFjgMFUw/N2tss4849z9Y=
-45,13,uu8GnLX9KNFi7hTBhV68K1vKhBc=,9LZsuBHFjgMFUw/N2tss4849z9Y=
-46,13,uu8GnLX9KNFi7hTBhV68K1vKhBc=,9LZsuBHFjgMFUw/N2tss4849z9Y=
-47,13,uu8GnLX9KNFi7hTBhV68K1vKhBc=,9LZsuBHFjgMFUw/N2tss4849z9Y=
-33,12,uu8GnLX9KNFi7hTBhV68K1vKhBc=,9LZsuBHFjgMFUw/N2tss4849z9Y=
-34,12,uu8GnLX9KNFi7hTBhV68K1vKhBc=,9LZsuBHFjgMFUw/N2tss4849z9Y=
-48,13,uu8GnLX9KNFi7hTBhV68K1vKhBc=,9LZsuBHFjgMFUw/N2tss4849z9Y=
-43,3,uu8GnLX9KNFi7hTBhV68K1vKhBc=,9LZsuBHFjgMFUw/N2tss4849z9Y=
-36,12,uu8GnLX9KNFi7hTBhV68K1vKhBc=,9LZsuBHFjgMFUw/N2tss4849z9Y=
-47,1,uu8GnLX9KNFi7hTBhV68K1vKhBc=,9LZsuBHFjgMFUw/N2tss4849z9Y=
-37,12,uu8GnLX9KNFi7hTBhV68K1vKhBc=,9LZsuBHFjgMFUw/N2tss4849z9Y=
-38,12,uu8GnLX9KNFi7hTBhV68K1vKhBc=,9LZsuBHFjgMFUw/N2tss4849z9Y=
-39,12,uu8GnLX9KNFi7hTBhV68K1vKhBc=,9LZsuBHFjgMFUw/N2tss4849z9Y=
-40,12,uu8GnLX9KNFi7hTBhV68K1vKhBc=,9LZsuBHFjgMFUw/N2tss4849z9Y=
-41,12,uu8GnLX9KNFi7hTBhV68K1vKhBc=,9LZsuBHFjgMFUw/N2tss4849z9Y=
-35,12,uu8GnLX9KNFi7hTBhV68K1vKhBc=,9LZsuBHFjgMFUw/N2tss4849z9Y=
-38,3,uu8GnLX9KNFi7hTBhV68K1vKhBc=,9LZsuBHFjgMFUw/N2tss4849z9Y=
-42,12,uu8GnLX9KNFi7hTBhV68K1vKhBc=,9LZsuBHFjgMFUw/N2tss4849z9Y=
-48,2,uu8GnLX9KNFi7hTBhV68K1vKhBc=,9LZsuBHFjgMFUw/N2tss4849z9Y=
-43,12,uu8GnLX9KNFi7hTBhV68K1vKhBc=,9LZsuBHFjgMFUw/N2tss4849z9Y=
-45,12,uu8GnLX9KNFi7hTBhV68K1vKhBc=,9LZsuBHFjgMFUw/N2tss4849z9Y=
-46,12,uu8GnLX9KNFi7hTBhV68K1vKhBc=,9LZsuBHFjgMFUw/N2tss4849z9Y=
-47,12,uu8GnLX9KNFi7hTBhV68K1vKhBc=,9LZsuBHFjgMFUw/N2tss4849z9Y=
-44,12,uu8GnLX9KNFi7hTBhV68K1vKhBc=,9LZsuBHFjgMFUw/N2tss4849z9Y=
-33,11,uu8GnLX9KNFi7hTBhV68K1vKhBc=,9LZsuBHFjgMFUw/N2tss4849z9Y=
-33,0,uu8GnLX9KNFi7hTBhV68K1vKhBc=,9LZsuBHFjgMFUw/N2tss4849z9Y=
-34,11,uu8GnLX9KNFi7hTBhV68K1vKhBc=,9LZsuBHFjgMFUw/N2tss4849z9Y=
-33,1,uu8GnLX9KNFi7hTBhV68K1vKhBc=,9LZsuBHFjgMFUw/N2tss4849z9Y=
-48,12,uu8GnLX9KNFi7hTBhV68K1vKhBc=,9LZsuBHFjgMFUw/N2tss4849z9Y=
-48,1,uu8GnLX9KNFi7hTBhV68K1vKhBc=,9LZsuBHFjgMFUw/N2tss4849z9Y=
-35,11,uu8GnLX9KNFi7hTBhV68K1vKhBc=,9LZsuBHFjgMFUw/N2tss4849z9Y=
-36,11,uu8GnLX9KNFi7hTBhV68K1vKhBc=,9LZsuBHFjgMFUw/N2tss4849z9Y=
-37,11,uu8GnLX9KNFi7hTBhV68K1vKhBc=,9LZsuBHFjgMFUw/N2tss4849z9Y=
-41,11,uu8GnLX9KNFi7hTBhV68K1vKhBc=,9LZsuBHFjgMFUw/N2tss4849z9Y=
-38,11,uu8GnLX9KNFi7hTBhV68K1vKhBc=,9LZsuBHFjgMFUw/N2tss4849z9Y=
-39,11,uu8GnLX9KNFi7hTBhV68K1vKhBc=,9LZsuBHFjgMFUw/N2tss4849z9Y=
-46,0,uu8GnLX9KNFi7hTBhV68K1vKhBc=,9LZsuBHFjgMFUw/N2tss4849z9Y=
-34,0,uu8GnLX9KNFi7hTBhV68K1vKhBc=,9LZsuBHFjgMFUw/N2tss4849z9Y=
-40,11,uu8GnLX9KNFi7hTBhV68K1vKhBc=,9LZsuBHFjgMFUw/N2tss4849z9Y=
-42,11,uu8GnLX9KNFi7hTBhV68K1vKhBc=,9LZsuBHFjgMFUw/N2tss4849z9Y=
-43,11,uu8GnLX9KNFi7hTBhV68K1vKhBc=,9LZsuBHFjgMFUw/N2tss4849z9Y=
-45,11,uu8GnLX9KNFi7hTBhV68K1vKhBc=,9LZsuBHFjgMFUw/N2tss4849z9Y=
-34,1,uu8GnLX9KNFi7hTBhV68K1vKhBc=,9LZsuBHFjgMFUw/N2tss4849z9Y=
-44,11,uu8GnLX9KNFi7hTBhV68K1vKhBc=,9LZsuBHFjgMFUw/N2tss4849z9Y=
-37,3,uu8GnLX9KNFi7hTBhV68K1vKhBc=,9LZsuBHFjgMFUw/N2tss4849z9Y=
-46,11,uu8GnLX9KNFi7hTBhV68K1vKhBc=,9LZsuBHFjgMFUw/N2tss4849z9Y=
-35,0,uu8GnLX9KNFi7hTBhV68K1vKhBc=,9LZsuBHFjgMFUw/N2tss4849z9Y=
-35,1,uu8GnLX9KNFi7hTBhV68K1vKhBc=,9LZsuBHFjgMFUw/N2tss4849z9Y=
-33,2,uu8GnLX9KNFi7hTBhV68K1vKhBc=,9LZsuBHFjgMFUw/N2tss4849z9Y=
-48,3,uu8GnLX9KNFi7hTBhV68K1vKhBc=,9LZsuBHFjgMFUw/N2tss4849z9Y=
-33,10,uu8GnLX9KNFi7hTBhV68K1vKhBc=,9LZsuBHFjgMFUw/N2tss4849z9Y=
-35,10,uu8GnLX9KNFi7hTBhV68K1vKhBc=,9LZsuBHFjgMFUw/N2tss4849z9Y=
-34,10,uu8GnLX9KNFi7hTBhV68K1vKhBc=,9LZsuBHFjgMFUw/N2tss4849z9Y=
-36,10,uu8GnLX9KNFi7hTBhV68K1vKhBc=,9LZsuBHFjgMFUw/N2tss4849z9Y=
-37,10,uu8GnLX9KNFi7hTBhV68K1vKhBc=,9LZsuBHFjgMFUw/N2tss4849z9Y=
-48,11,uu8GnLX9KNFi7hTBhV68K1vKhBc=,9LZsuBHFjgMFUw/N2tss4849z9Y=
-47,11,uu8GnLX9KNFi7hTBhV68K1vKhBc=,9LZsuBHFjgMFUw/N2tss4849z9Y=
-38,10,uu8GnLX9KNFi7hTBhV68K1vKhBc=,9LZsuBHFjgMFUw/N2tss4849z9Y=
-39,10,uu8GnLX9KNFi7hTBhV68K1vKhBc=,9LZsuBHFjgMFUw/N2tss4849z9Y=
-40,10,uu8GnLX9KNFi7hTBhV68K1vKhBc=,9LZsuBHFjgMFUw/N2tss4849z9Y=
-41,10,uu8GnLX9KNFi7hTBhV68K1vKhBc=,9LZsuBHFjgMFUw/N2tss4849z9Y=
-34,2,uu8GnLX9KNFi7hTBhV68K1vKhBc=,9LZsuBHFjgMFUw/N2tss4849z9Y=
-43,10,uu8GnLX9KNFi7hTBhV68K1vKhBc=,9LZsuBHFjgMFUw/N2tss4849z9Y=
-42,10,uu8GnLX9KNFi7hTBhV68K1vKhBc=,9LZsuBHFjgMFUw/N2tss4849z9Y=
-44,10,uu8GnLX9KNFi7hTBhV68K1vKhBc=,9LZsuBHFjgMFUw/N2tss4849z9Y=
-45,10,uu8GnLX9KNFi7hTBhV68K1vKhBc=,9LZsuBHFjgMFUw/N2tss4849z9Y=
-33,9,uu8GnLX9KNFi7hTBhV68K1vKhBc=,9LZsuBHFjgMFUw/N2tss4849z9Y=
-36,1,uu8GnLX9KNFi7hTBhV68K1vKhBc=,9LZsuBHFjgMFUw/N2tss4849z9Y=
-36,0,uu8GnLX9KNFi7hTBhV68K1vKhBc=,9LZsuBHFjgMFUw/N2tss4849z9Y=
-34,9,uu8GnLX9KNFi7hTBhV68K1vKhBc=,9LZsuBHFjgMFUw/N2tss4849z9Y=
-36,3,uu8GnLX9KNFi7hTBhV68K1vKhBc=,9LZsuBHFjgMFUw/N2tss4849z9Y=
-35,9,uu8GnLX9KNFi7hTBhV68K1vKhBc=,9LZsuBHFjgMFUw/N2tss4849z9Y=
-47,10,uu8GnLX9KNFi7hTBhV68K1vKhBc=,9LZsuBHFjgMFUw/N2tss4849z9Y=
-48,10,uu8GnLX9KNFi7hTBhV68K1vKhBc=,9LZsuBHFjgMFUw/N2tss4849z9Y=
-36,9,uu8GnLX9KNFi7hTBhV68K1vKhBc=,9LZsuBHFjgMFUw/N2tss4849z9Y=
-46,10,uu8GnLX9KNFi7hTBhV68K1vKhBc=,9LZsuBHFjgMFUw/N2tss4849z9Y=
-37,9,uu8GnLX9KNFi7hTBhV68K1vKhBc=,9LZsuBHFjgMFUw/N2tss4849z9Y=
-39,9,uu8GnLX9KNFi7hTBhV68K1vKhBc=,9LZsuBHFjgMFUw/N2tss4849z9Y=
-40,9,uu8GnLX9KNFi7hTBhV68K1vKhBc=,9LZsuBHFjgMFUw/N2tss4849z9Y=
-35,2,uu8GnLX9KNFi7hTBhV68K1vKhBc=,9LZsuBHFjgMFUw/N2tss4849z9Y=
-43,9,uu8GnLX9KNFi7hTBhV68K1vKhBc=,9LZsuBHFjgMFUw/N2tss4849z9Y=
-41,9,uu8GnLX9KNFi7hTBhV68K1vKhBc=,9LZsuBHFjgMFUw/N2tss4849z9Y=
-38,9,uu8GnLX9KNFi7hTBhV68K1vKhBc=,9LZsuBHFjgMFUw/N2tss4849z9Y=
-42,9,uu8GnLX9KNFi7hTBhV68K1vKhBc=,9LZsuBHFjgMFUw/N2tss4849z9Y=
-45,9,uu8GnLX9KNFi7hTBhV68K1vKhBc=,9LZsuBHFjgMFUw/N2tss4849z9Y=
-47,9,uu8GnLX9KNFi7hTBhV68K1vKhBc=,9LZsuBHFjgMFUw/N2tss4849z9Y=
-44,9,uu8GnLX9KNFi7hTBhV68K1vKhBc=,9LZsuBHFjgMFUw/N2tss4849z9Y=
-46,9,uu8GnLX9KNFi7hTBhV68K1vKhBc=,9LZsuBHFjgMFUw/N2tss4849z9Y=
-37,0,uu8GnLX9KNFi7hTBhV68K1vKhBc=,9LZsuBHFjgMFUw/N2tss4849z9Y=
-33,8,uu8GnLX9KNFi7hTBhV68K1vKhBc=,9LZsuBHFjgMFUw/N2tss4849z9Y=
-48,9,uu8GnLX9KNFi7hTBhV68K1vKhBc=,9LZsuBHFjgMFUw/N2tss4849z9Y=
-34,8,uu8GnLX9KNFi7hTBhV68K1vKhBc=,9LZsuBHFjgMFUw/N2tss4849z9Y=
-37,1,uu8GnLX9KNFi7hTBhV68K1vKhBc=,9LZsuBHFjgMFUw/N2tss4849z9Y=
-36,8,uu8GnLX9KNFi7hTBhV68K1vKhBc=,9LZsuBHFjgMFUw/N2tss4849z9Y=
-37,8,uu8GnLX9KNFi7hTBhV68K1vKhBc=,9LZsuBHFjgMFUw/N2tss4849z9Y=
-36,2,uu8GnLX9KNFi7hTBhV68K1vKhBc=,9LZsuBHFjgMFUw/N2tss4849z9Y=
-39,8,uu8GnLX9KNFi7hTBhV68K1vKhBc=,9LZsuBHFjgMFUw/N2tss4849z9Y=
-38,8,uu8GnLX9KNFi7hTBhV68K1vKhBc=,9LZsuBHFjgMFUw/N2tss4849z9Y=
-40,8,uu8GnLX9KNFi7hTBhV68K1vKhBc=,9LZsuBHFjgMFUw/N2tss4849z9Y=
-42,8,uu8GnLX9KNFi7hTBhV68K1vKhBc=,9LZsuBHFjgMFUw/N2tss4849z9Y=
-41,8,uu8GnLX9KNFi7hTBhV68K1vKhBc=,9LZsuBHFjgMFUw/N2tss4849z9Y=
-43,8,uu8GnLX9KNFi7hTBhV68K1vKhBc=,9LZsuBHFjgMFUw/N2tss4849z9Y=
-35,3,uu8GnLX9KNFi7hTBhV68K1vKhBc=,9LZsuBHFjgMFUw/N2tss4849z9Y=
-48,8,uu8GnLX9KNFi7hTBhV68K1vKhBc=,9LZsuBHFjgMFUw/N2tss4849z9Y=
-34,7,uu8GnLX9KNFi7hTBhV68K1vKhBc=,9LZsuBHFjgMFUw/N2tss4849z9Y=
-35,8,uu8GnLX9KNFi7hTBhV68K1vKhBc=,9LZsuBHFjgMFUw/N2tss4849z9Y=
-47,8,uu8GnLX9KNFi7hTBhV68K1vKhBc=,9LZsuBHFjgMFUw/N2tss4849z9Y=
-38,1,uu8GnLX9KNFi7hTBhV68K1vKhBc=,9LZsuBHFjgMFUw/N2tss4849z9Y=
-37,7,uu8GnLX9KNFi7hTBhV68K1vKhBc=,9LZsuBHFjgMFUw/N2tss4849z9Y=
-38,7,uu8GnLX9KNFi7hTBhV68K1vKhBc=,9LZsuBHFjgMFUw/N2tss4849z9Y=
-36,7,uu8GnLX9KNFi7hTBhV68K1vKhBc=,9LZsuBHFjgMFUw/N2tss4849z9Y=
-38,0,uu8GnLX9KNFi7hTBhV68K1vKhBc=,9LZsuBHFjgMFUw/N2tss4849z9Y=
-33,7,uu8GnLX9KNFi7hTBhV68K1vKhBc=,9LZsuBHFjgMFUw/N2tss4849z9Y=
-45,8,uu8GnLX9KNFi7hTBhV68K1vKhBc=,9LZsuBHFjgMFUw/N2tss4849z9Y=
-44,8,uu8GnLX9KNFi7hTBhV68K1vKhBc=,9LZsuBHFjgMFUw/N2tss4849z9Y=
-39,7,uu8GnLX9KNFi7hTBhV68K1vKhBc=,9LZsuBHFjgMFUw/N2tss4849z9Y=
-37,2,uu8GnLX9KNFi7hTBhV68K1vKhBc=,9LZsuBHFjgMFUw/N2tss4849z9Y=
-41,7,uu8GnLX9KNFi7hTBhV68K1vKhBc=,9LZsuBHFjgMFUw/N2tss4849z9Y=
-35,7,uu8GnLX9KNFi7hTBhV68K1vKhBc=,9LZsuBHFjgMFUw/N2tss4849z9Y=
-48,7,uu8GnLX9KNFi7hTBhV68K1vKhBc=,9LZsuBHFjgMFUw/N2tss4849z9Y=
-39,1,uu8GnLX9KNFi7hTBhV68K1vKhBc=,9LZsuBHFjgMFUw/N2tss4849z9Y=
-45,7,uu8GnLX9KNFi7hTBhV68K1vKhBc=,9LZsuBHFjgMFUw/N2tss4849z9Y=
-42,7,uu8GnLX9KNFi7hTBhV68K1vKhBc=,9LZsuBHFjgMFUw/N2tss4849z9Y=
-33,6,uu8GnLX9KNFi7hTBhV68K1vKhBc=,9LZsuBHFjgMFUw/N2tss4849z9Y=
-39,0,uu8GnLX9KNFi7hTBhV68K1vKhBc=,9LZsuBHFjgMFUw/N2tss4849z9Y=
-46,8,uu8GnLX9KNFi7hTBhV68K1vKhBc=,9LZsuBHFjgMFUw/N2tss4849z9Y=
-35,6,uu8GnLX9KNFi7hTBhV68K1vKhBc=,9LZsuBHFjgMFUw/N2tss4849z9Y=
-38,6,uu8GnLX9KNFi7hTBhV68K1vKhBc=,9LZsuBHFjgMFUw/N2tss4849z9Y=
-38,2,uu8GnLX9KNFi7hTBhV68K1vKhBc=,9LZsuBHFjgMFUw/N2tss4849z9Y=
-46,7,uu8GnLX9KNFi7hTBhV68K1vKhBc=,9LZsuBHFjgMFUw/N2tss4849z9Y=
-40,7,uu8GnLX9KNFi7hTBhV68K1vKhBc=,9LZsuBHFjgMFUw/N2tss4849z9Y=
-43,7,uu8GnLX9KNFi7hTBhV68K1vKhBc=,9LZsuBHFjgMFUw/N2tss4849z9Y=
-44,7,uu8GnLX9KNFi7hTBhV68K1vKhBc=,9LZsuBHFjgMFUw/N2tss4849z9Y=
-47,7,uu8GnLX9KNFi7hTBhV68K1vKhBc=,9LZsuBHFjgMFUw/N2tss4849z9Y=
-39,6,uu8GnLX9KNFi7hTBhV68K1vKhBc=,9LZsuBHFjgMFUw/N2tss4849z9Y=
-34,6,uu8GnLX9KNFi7hTBhV68K1vKhBc=,9LZsuBHFjgMFUw/N2tss4849z9Y=
-44,6,uu8GnLX9KNFi7hTBhV68K1vKhBc=,9LZsuBHFjgMFUw/N2tss4849z9Y=
-40,1,uu8GnLX9KNFi7hTBhV68K1vKhBc=,9LZsuBHFjgMFUw/N2tss4849z9Y=
-42,6,uu8GnLX9KNFi7hTBhV68K1vKhBc=,9LZsuBHFjgMFUw/N2tss4849z9Y=
-46,6,uu8GnLX9KNFi7hTBhV68K1vKhBc=,9LZsuBHFjgMFUw/N2tss4849z9Y=
-40,0,uu8GnLX9KNFi7hTBhV68K1vKhBc=,9LZsuBHFjgMFUw/N2tss4849z9Y=
-37,6,uu8GnLX9KNFi7hTBhV68K1vKhBc=,9LZsuBHFjgMFUw/N2tss4849z9Y=
-36,6,uu8GnLX9KNFi7hTBhV68K1vKhBc=,9LZsuBHFjgMFUw/N2tss4849z9Y=
-45,6,uu8GnLX9KNFi7hTBhV68K1vKhBc=,9LZsuBHFjgMFUw/N2tss4849z9Y=
-41,6,uu8GnLX9KNFi7hTBhV68K1vKhBc=,9LZsuBHFjgMFUw/N2tss4849z9Y=
-34,5,uu8GnLX9KNFi7hTBhV68K1vKhBc=,9LZsuBHFjgMFUw/N2tss4849z9Y=
-37,5,uu8GnLX9KNFi7hTBhV68K1vKhBc=,9LZsuBHFjgMFUw/N2tss4849z9Y=
-36,5,uu8GnLX9KNFi7hTBhV68K1vKhBc=,9LZsuBHFjgMFUw/N2tss4849z9Y=
-47,6,uu8GnLX9KNFi7hTBhV68K1vKhBc=,9LZsuBHFjgMFUw/N2tss4849z9Y=
-40,6,uu8GnLX9KNFi7hTBhV68K1vKhBc=,9LZsuBHFjgMFUw/N2tss4849z9Y=
-35,5,uu8GnLX9KNFi7hTBhV68K1vKhBc=,9LZsuBHFjgMFUw/N2tss4849z9Y=
-43,6,uu8GnLX9KNFi7hTBhV68K1vKhBc=,9LZsuBHFjgMFUw/N2tss4849z9Y=
-39,2,uu8GnLX9KNFi7hTBhV68K1vKhBc=,9LZsuBHFjgMFUw/N2tss4849z9Y=
-39,5,uu8GnLX9KNFi7hTBhV68K1vKhBc=,9LZsuBHFjgMFUw/N2tss4849z9Y=
-38,5,uu8GnLX9KNFi7hTBhV68K1vKhBc=,9LZsuBHFjgMFUw/N2tss4849z9Y=
-33,5,uu8GnLX9KNFi7hTBhV68K1vKhBc=,9LZsuBHFjgMFUw/N2tss4849z9Y=
-34,3,uu8GnLX9KNFi7hTBhV68K1vKhBc=,9LZsuBHFjgMFUw/N2tss4849z9Y=
-48,6,uu8GnLX9KNFi7hTBhV68K1vKhBc=,9LZsuBHFjgMFUw/N2tss4849z9Y=
-40,5,uu8GnLX9KNFi7hTBhV68K1vKhBc=,9LZsuBHFjgMFUw/N2tss4849z9Y=
-41,2,uu8GnLX9KNFi7hTBhV68K1vKhBc=,9LZsuBHFjgMFUw/N2tss4849z9Y=
-43,5,uu8GnLX9KNFi7hTBhV68K1vKhBc=,9LZsuBHFjgMFUw/N2tss4849z9Y=
-41,5,uu8GnLX9KNFi7hTBhV68K1vKhBc=,9LZsuBHFjgMFUw/N2tss4849z9Y=
-44,5,uu8GnLX9KNFi7hTBhV68K1vKhBc=,9LZsuBHFjgMFUw/N2tss4849z9Y=
-42,5,uu8GnLX9KNFi7hTBhV68K1vKhBc=,9LZsuBHFjgMFUw/N2tss4849z9Y=
-46,5,uu8GnLX9KNFi7hTBhV68K1vKhBc=,9LZsuBHFjgMFUw/N2tss4849z9Y=
-45,5,uu8GnLX9KNFi7hTBhV68K1vKhBc=,9LZsuBHFjgMFUw/N2tss4849z9Y=
-41,0,uu8GnLX9KNFi7hTBhV68K1vKhBc=,9LZsuBHFjgMFUw/N2tss4849z9Y=
-41,1,uu8GnLX9KNFi7hTBhV68K1vKhBc=,9LZsuBHFjgMFUw/N2tss4849z9Y=
-47,5,uu8GnLX9KNFi7hTBhV68K1vKhBc=,9LZsuBHFjgMFUw/N2tss4849z9Y=
-33,4,uu8GnLX9KNFi7hTBhV68K1vKhBc=,9LZsuBHFjgMFUw/N2tss4849z9Y=
-34,4,uu8GnLX9KNFi7hTBhV68K1vKhBc=,9LZsuBHFjgMFUw/N2tss4849z9Y=
-48,5,uu8GnLX9KNFi7hTBhV68K1vKhBc=,9LZsuBHFjgMFUw/N2tss4849z9Y=
-40,2,uu8GnLX9KNFi7hTBhV68K1vKhBc=,9LZsuBHFjgMFUw/N2tss4849z9Y=
-35,4,uu8GnLX9KNFi7hTBhV68K1vKhBc=,9LZsuBHFjgMFUw/N2tss4849z9Y=
-36,4,uu8GnLX9KNFi7hTBhV68K1vKhBc=,9LZsuBHFjgMFUw/N2tss4849z9Y=
-37,4,uu8GnLX9KNFi7hTBhV68K1vKhBc=,9LZsuBHFjgMFUw/N2tss4849z9Y=
-39,4,uu8GnLX9KNFi7hTBhV68K1vKhBc=,9LZsuBHFjgMFUw/N2tss4849z9Y=
-40,4,uu8GnLX9KNFi7hTBhV68K1vKhBc=,9LZsuBHFjgMFUw/N2tss4849z9Y=
-41,4,uu8GnLX9KNFi7hTBhV68K1vKhBc=,9LZsuBHFjgMFUw/N2tss4849z9Y=
-42,4,uu8GnLX9KNFi7hTBhV68K1vKhBc=,9LZsuBHFjgMFUw/N2tss4849z9Y=
-38,4,uu8GnLX9KNFi7hTBhV68K1vKhBc=,9LZsuBHFjgMFUw/N2tss4849z9Y=
-43,4,uu8GnLX9KNFi7hTBhV68K1vKhBc=,9LZsuBHFjgMFUw/N2tss4849z9Y=
-46,4,uu8GnLX9KNFi7hTBhV68K1vKhBc=,9LZsuBHFjgMFUw/N2tss4849z9Y=
-44,4,uu8GnLX9KNFi7hTBhV68K1vKhBc=,9LZsuBHFjgMFUw/N2tss4849z9Y=
-45,4,uu8GnLX9KNFi7hTBhV68K1vKhBc=,9LZsuBHFjgMFUw/N2tss4849z9Y=
-47,4,uu8GnLX9KNFi7hTBhV68K1vKhBc=,9LZsuBHFjgMFUw/N2tss4849z9Y=
-42,0,uu8GnLX9KNFi7hTBhV68K1vKhBc=,9LZsuBHFjgMFUw/N2tss4849z9Y=
-48,4,uu8GnLX9KNFi7hTBhV68K1vKhBc=,9LZsuBHFjgMFUw/N2tss4849z9Y=
-42,1,uu8GnLX9KNFi7hTBhV68K1vKhBc=,9LZsuBHFjgMFUw/N2tss4849z9Y=
-33,3,uu8GnLX9KNFi7hTBhV68K1vKhBc=,9LZsuBHFjgMFUw/N2tss4849z9Y=
