-77,-124,64LJnT+y1ghRhX8pRLIhbXsU5/8=,jHsLQgZgp3iyHtmkT95IycNuMWQ=
-75,-126,64LJnT+y1ghRhX8pRLIhbXsU5/8=,jHsLQgZgp3iyHtmkT95IycNuMWQ=
-76,-126,64LJnT+y1ghRhX8pRLIhbXsU5/8=,jHsLQgZgp3iyHtmkT95IycNuMWQ=
-77,-127,64LJnT+y1ghRhX8pRLIhbXsU5/8=,jHsLQgZgp3iyHtmkT95IycNuMWQ=
-75,-127,64LJnT+y1ghRhX8pRLIhbXsU5/8=,jHsLQgZgp3iyHtmkT95IycNuMWQ=
-78,-124,64LJnT+y1ghRhX8pRLIhbXsU5/8=,jHsLQgZgp3iyHtmkT95IycNuMWQ=
-74,-124,64LJnT+y1ghRhX8pRLIhbXsU5/8=,jHsLQgZgp3iyHtmkT95IycNuMWQ=
-76,-125,64LJnT+y1ghRhX8pRLIhbXsU5/8=,jHsLQgZgp3iyHtmkT95IycNuMWQ=
-76,-124,64LJnT+y1ghRhX8pRLIhbXsU5/8=,jHsLQgZgp3iyHtmkT95IycNuMWQ=
-80,-127,64LJnT+y1ghRhX8pRLIhbXsU5/8=,jHsLQgZgp3iyHtmkT95IycNuMWQ=
-75,-124,64LJnT+y1ghRhX8pRLIhbXsU5/8=,jHsLQgZgp3iyHtmkT95IycNuMWQ=
-77,-125,64LJnT+y1ghRhX8pRLIhbXsU5/8=,jHsLQgZgp3iyHtmkT95IycNuMWQ=
-65,-113,64LJnT+y1ghRhX8pRLIhbXsU5/8=,jHsLQgZgp3iyHtmkT95IycNuMWQ=
-79,-124,64LJnT+y1ghRhX8pRLIhbXsU5/8=,jHsLQgZgp3iyHtmkT95IycNuMWQ=
-75,-125,64LJnT+y1ghRhX8pRLIhbXsU5/8=,jHsLQgZgp3iyHtmkT95IycNuMWQ=
-74,-125,64LJnT+y1ghRhX8pRLIhbXsU5/8=,jHsLQgZgp3iyHtmkT95IycNuMWQ=
-67,-113,64LJnT+y1ghRhX8pRLIhbXsU5/8=,jHsLQgZgp3iyHtmkT95IycNuMWQ=
-70,-113,64LJnT+y1ghRhX8pRLIhbXsU5/8=,jHsLQgZgp3iyHtmkT95IycNuMWQ=
-71,-113,64LJnT+y1ghRhX8pRLIhbXsU5/8=,jHsLQgZgp3iyHtmkT95IycNuMWQ=
-68,-113,64LJnT+y1ghRhX8pRLIhbXsU5/8=,jHsLQgZgp3iyHtmkT95IycNuMWQ=
-79,-127,64LJnT+y1ghRhX8pRLIhbXsU5/8=,jHsLQgZgp3iyHtmkT95IycNuMWQ=
-76,-127,VnqXndqsKdAZ8pZ3i022C0m3gNw=,jHsLQgZgp3iyHtmkT95IycNuMWQ=
-69,-113,VnqXndqsKdAZ8pZ3i022C0m3gNw=,jHsLQgZgp3iyHtmkT95IycNuMWQ=
-73,-113,VnqXndqsKdAZ8pZ3i022C0m3gNw=,jHsLQgZgp3iyHtmkT95IycNuMWQ=
-74,-113,VnqXndqsKdAZ8pZ3i022C0m3gNw=,jHsLQgZgp3iyHtmkT95IycNuMWQ=
-75,-113,VnqXndqsKdAZ8pZ3i022C0m3gNw=,jHsLQgZgp3iyHtmkT95IycNuMWQ=
-66,-113,VnqXndqsKdAZ8pZ3i022C0m3gNw=,jHsLQgZgp3iyHtmkT95IycNuMWQ=
-72,-113,VnqXndqsKdAZ8pZ3i022C0m3gNw=,jHsLQgZgp3iyHtmkT95IycNuMWQ=
-78,-113,VnqXndqsKdAZ8pZ3i022C0m3gNw=,jHsLQgZgp3iyHtmkT95IycNuMWQ=
-77,-126,VnqXndqsKdAZ8pZ3i022C0m3gNw=,jHsLQgZgp3iyHtmkT95IycNuMWQ=
-78,-125,VnqXndqsKdAZ8pZ3i022C0m3gNw=,jHsLQgZgp3iyHtmkT95IycNuMWQ=
-80,-113,VnqXndqsKdAZ8pZ3i022C0m3gNw=,jHsLQgZgp3iyHtmkT95IycNuMWQ=
-76,-113,VnqXndqsKdAZ8pZ3i022C0m3gNw=,jHsLQgZgp3iyHtmkT95IycNuMWQ=
-79,-113,VnqXndqsKdAZ8pZ3i022C0m3gNw=,jHsLQgZgp3iyHtmkT95IycNuMWQ=
-65,-114,VnqXndqsKdAZ8pZ3i022C0m3gNw=,jHsLQgZgp3iyHtmkT95IycNuMWQ=
-67,-114,VnqXndqsKdAZ8pZ3i022C0m3gNw=,jHsLQgZgp3iyHtmkT95IycNuMWQ=
-69,-114,VnqXndqsKdAZ8pZ3i022C0m3gNw=,jHsLQgZgp3iyHtmkT95IycNuMWQ=
-70,-114,VnqXndqsKdAZ8pZ3i022C0m3gNw=,jHsLQgZgp3iyHtmkT95IycNuMWQ=
-66,-114,VnqXndqsKdAZ8pZ3i022C0m3gNw=,jHsLQgZgp3iyHtmkT95IycNuMWQ=
-73,-124,VnqXndqsKdAZ8pZ3i022C0m3gNw=,jHsLQgZgp3iyHtmkT95IycNuMWQ=
-68,-114,VnqXndqsKdAZ8pZ3i022C0m3gNw=,jHsLQgZgp3iyHtmkT95IycNuMWQ=
-73,-114,VnqXndqsKdAZ8pZ3i022C0m3gNw=,jHsLQgZgp3iyHtmkT95IycNuMWQ=
-72,-114,VnqXndqsKdAZ8pZ3i022C0m3gNw=,jHsLQgZgp3iyHtmkT95IycNuMWQ=
-74,-114,VnqXndqsKdAZ8pZ3i022C0m3gNw=,jHsLQgZgp3iyHtmkT95IycNuMWQ=
-77,-113,VnqXndqsKdAZ8pZ3i022C0m3gNw=,jHsLQgZgp3iyHtmkT95IycNuMWQ=
-71,-114,VnqXndqsKdAZ8pZ3i022C0m3gNw=,jHsLQgZgp3iyHtmkT95IycNuMWQ=
-75,-114,VnqXndqsKdAZ8pZ3i022C0m3gNw=,jHsLQgZgp3iyHtmkT95IycNuMWQ=
-76,-114,VnqXndqsKdAZ8pZ3i022C0m3gNw=,jHsLQgZgp3iyHtmkT95IycNuMWQ=
-78,-126,VnqXndqsKdAZ8pZ3i022C0m3gNw=,jHsLQgZgp3iyHtmkT95IycNuMWQ=
-79,-125,VnqXndqsKdAZ8pZ3i022C0m3gNw=,jHsLQgZgp3iyHtmkT95IycNuMWQ=
-80,-114,VnqXndqsKdAZ8pZ3i022C0m3gNw=,jHsLQgZgp3iyHtmkT95IycNuMWQ=
-65,-115,VnqXndqsKdAZ8pZ3i022C0m3gNw=,jHsLQgZgp3iyHtmkT95IycNuMWQ=
-77,-114,VnqXndqsKdAZ8pZ3i022C0m3gNw=,jHsLQgZgp3iyHtmkT95IycNuMWQ=
-66,-115,VnqXndqsKdAZ8pZ3i022C0m3gNw=,jHsLQgZgp3iyHtmkT95IycNuMWQ=
-78,-114,VnqXndqsKdAZ8pZ3i022C0m3gNw=,jHsLQgZgp3iyHtmkT95IycNuMWQ=
-72,-124,VnqXndqsKdAZ8pZ3i022C0m3gNw=,jHsLQgZgp3iyHtmkT95IycNuMWQ=
-67,-115,VnqXndqsKdAZ8pZ3i022C0m3gNw=,jHsLQgZgp3iyHtmkT95IycNuMWQ=
-68,-115,VnqXndqsKdAZ8pZ3i022C0m3gNw=,jHsLQgZgp3iyHtmkT95IycNuMWQ=
-69,-115,VnqXndqsKdAZ8pZ3i022C0m3gNw=,jHsLQgZgp3iyHtmkT95IycNuMWQ=
-72,-115,VnqXndqsKdAZ8pZ3i022C0m3gNw=,jHsLQgZgp3iyHtmkT95IycNuMWQ=
-70,-115,VnqXndqsKdAZ8pZ3i022C0m3gNw=,jHsLQgZgp3iyHtmkT95IycNuMWQ=
-71,-115,VnqXndqsKdAZ8pZ3i022C0m3gNw=,jHsLQgZgp3iyHtmkT95IycNuMWQ=
-73,-115,VnqXndqsKdAZ8pZ3i022C0m3gNw=,jHsLQgZgp3iyHtmkT95IycNuMWQ=
-74,-115,VnqXndqsKdAZ8pZ3i022C0m3gNw=,jHsLQgZgp3iyHtmkT95IycNuMWQ=
-75,-115,VnqXndqsKdAZ8pZ3i022C0m3gNw=,jHsLQgZgp3iyHtmkT95IycNuMWQ=
-79,-126,VnqXndqsKdAZ8pZ3i022C0m3gNw=,jHsLQgZgp3iyHtmkT95IycNuMWQ=
-80,-115,VnqXndqsKdAZ8pZ3i022C0m3gNw=,jHsLQgZgp3iyHtmkT95IycNuMWQ=
-80,-126,VnqXndqsKdAZ8pZ3i022C0m3gNw=,jHsLQgZgp3iyHtmkT95IycNuMWQ=
-78,-127,VnqXndqsKdAZ8pZ3i022C0m3gNw=,jHsLQgZgp3iyHtmkT95IycNuMWQ=
-65,-127,VnqXndqsKdAZ8pZ3i022C0m3gNw=,jHsLQgZgp3iyHtmkT95IycNuMWQ=
-80,-124,VnqXndqsKdAZ8pZ3i022C0m3gNw=,jHsLQgZgp3iyHtmkT95IycNuMWQ=
-80,-125,VnqXndqsKdAZ8pZ3i022C0m3gNw=,jHsLQgZgp3iyHtmkT95IycNuMWQ=
-65,-125,VnqXndqsKdAZ8pZ3i022C0m3gNw=,jHsLQgZgp3iyHtmkT95IycNuMWQ=
-66,-127,VnqXndqsKdAZ8pZ3i022C0m3gNw=,jHsLQgZgp3iyHtmkT95IycNuMWQ=
-65,-126,VnqXndqsKdAZ8pZ3i022C0m3gNw=,jHsLQgZgp3iyHtmkT95IycNuMWQ=
-66,-126,VnqXndqsKdAZ8pZ3i022C0m3gNw=,jHsLQgZgp3iyHtmkT95IycNuMWQ=
-65,-116,VnqXndqsKdAZ8pZ3i022C0m3gNw=,jHsLQgZgp3iyHtmkT95IycNuMWQ=
-66,-116,VnqXndqsKdAZ8pZ3i022C0m3gNw=,jHsLQgZgp3iyHtmkT95IycNuMWQ=
-67,-116,VnqXndqsKdAZ8pZ3i022C0m3gNw=,jHsLQgZgp3iyHtmkT95IycNuMWQ=
-77,-115,VnqXndqsKdAZ8pZ3i022C0m3gNw=,jHsLQgZgp3iyHtmkT95IycNuMWQ=
-69,-116,VnqXndqsKdAZ8pZ3i022C0m3gNw=,jHsLQgZgp3iyHtmkT95IycNuMWQ=
-70,-116,VnqXndqsKdAZ8pZ3i022C0m3gNw=,jHsLQgZgp3iyHtmkT95IycNuMWQ=
-71,-124,VnqXndqsKdAZ8pZ3i022C0m3gNw=,jHsLQgZgp3iyHtmkT95IycNuMWQ=
-78,-115,VnqXndqsKdAZ8pZ3i022C0m3gNw=,jHsLQgZgp3iyHtmkT95IycNuMWQ=
-68,-116,VnqXndqsKdAZ8pZ3i022C0m3gNw=,jHsLQgZgp3iyHtmkT95IycNuMWQ=
-79,-115,VnqXndqsKdAZ8pZ3i022C0m3gNw=,jHsLQgZgp3iyHtmkT95IycNuMWQ=
-74,-116,VnqXndqsKdAZ8pZ3i022C0m3gNw=,jHsLQgZgp3iyHtmkT95IycNuMWQ=
-76,-115,VnqXndqsKdAZ8pZ3i022C0m3gNw=,jHsLQgZgp3iyHtmkT95IycNuMWQ=
-71,-116,VnqXndqsKdAZ8pZ3i022C0m3gNw=,jHsLQgZgp3iyHtmkT95IycNuMWQ=
-73,-116,VnqXndqsKdAZ8pZ3i022C0m3gNw=,jHsLQgZgp3iyHtmkT95IycNuMWQ=
-78,-116,VnqXndqsKdAZ8pZ3i022C0m3gNw=,jHsLQgZgp3iyHtmkT95IycNuMWQ=
-72,-116,VnqXndqsKdAZ8pZ3i022C0m3gNw=,jHsLQgZgp3iyHtmkT95IycNuMWQ=
-70,-124,VnqXndqsKdAZ8pZ3i022C0m3gNw=,jHsLQgZgp3iyHtmkT95IycNuMWQ=
-69,-124,VnqXndqsKdAZ8pZ3i022C0m3gNw=,jHsLQgZgp3iyHtmkT95IycNuMWQ=
-68,-124,VnqXndqsKdAZ8pZ3i022C0m3gNw=,jHsLQgZgp3iyHtmkT95IycNuMWQ=
-67,-124,VnqXndqsKdAZ8pZ3i022C0m3gNw=,jHsLQgZgp3iyHtmkT95IycNuMWQ=
-67,-127,VnqXndqsKdAZ8pZ3i022C0m3gNw=,jHsLQgZgp3iyHtmkT95IycNuMWQ=
-66,-125,VnqXndqsKdAZ8pZ3i022C0m3gNw=,jHsLQgZgp3iyHtmkT95IycNuMWQ=
-80,-116,VnqXndqsKdAZ8pZ3i022C0m3gNw=,jHsLQgZgp3iyHtmkT95IycNuMWQ=
-75,-116,VnqXndqsKdAZ8pZ3i022C0m3gNw=,jHsLQgZgp3iyHtmkT95IycNuMWQ=
-67,-126,VnqXndqsKdAZ8pZ3i022C0m3gNw=,jHsLQgZgp3iyHtmkT95IycNuMWQ=
-65,-117,VnqXndqsKdAZ8pZ3i022C0m3gNw=,jHsLQgZgp3iyHtmkT95IycNuMWQ=
-66,-117,VnqXndqsKdAZ8pZ3i022C0m3gNw=,jHsLQgZgp3iyHtmkT95IycNuMWQ=
-66,-124,VnqXndqsKdAZ8pZ3i022C0m3gNw=,jHsLQgZgp3iyHtmkT95IycNuMWQ=
-65,-124,VnqXndqsKdAZ8pZ3i022C0m3gNw=,jHsLQgZgp3iyHtmkT95IycNuMWQ=
-74,-126,VnqXndqsKdAZ8pZ3i022C0m3gNw=,jHsLQgZgp3iyHtmkT95IycNuMWQ=
-74,-127,VnqXndqsKdAZ8pZ3i022C0m3gNw=,jHsLQgZgp3iyHtmkT95IycNuMWQ=
-73,-125,VnqXndqsKdAZ8pZ3i022C0m3gNw=,jHsLQgZgp3iyHtmkT95IycNuMWQ=
-80,-123,VnqXndqsKdAZ8pZ3i022C0m3gNw=,jHsLQgZgp3iyHtmkT95IycNuMWQ=
-68,-117,VnqXndqsKdAZ8pZ3i022C0m3gNw=,jHsLQgZgp3iyHtmkT95IycNuMWQ=
-77,-116,VnqXndqsKdAZ8pZ3i022C0m3gNw=,jHsLQgZgp3iyHtmkT95IycNuMWQ=
-79,-116,VnqXndqsKdAZ8pZ3i022C0m3gNw=,jHsLQgZgp3iyHtmkT95IycNuMWQ=
-70,-117,VnqXndqsKdAZ8pZ3i022C0m3gNw=,jHsLQgZgp3iyHtmkT95IycNuMWQ=
-76,-116,VnqXndqsKdAZ8pZ3i022C0m3gNw=,jHsLQgZgp3iyHtmkT95IycNuMWQ=
-73,-117,VnqXndqsKdAZ8pZ3i022C0m3gNw=,jHsLQgZgp3iyHtmkT95IycNuMWQ=
-74,-117,VnqXndqsKdAZ8pZ3i022C0m3gNw=,jHsLQgZgp3iyHtmkT95IycNuMWQ=
-69,-117,VnqXndqsKdAZ8pZ3i022C0m3gNw=,jHsLQgZgp3iyHtmkT95IycNuMWQ=
-72,-117,VnqXndqsKdAZ8pZ3i022C0m3gNw=,jHsLQgZgp3iyHtmkT95IycNuMWQ=
-67,-117,VnqXndqsKdAZ8pZ3i022C0m3gNw=,jHsLQgZgp3iyHtmkT95IycNuMWQ=
-78,-117,VnqXndqsKdAZ8pZ3i022C0m3gNw=,jHsLQgZgp3iyHtmkT95IycNuMWQ=
-79,-117,VnqXndqsKdAZ8pZ3i022C0m3gNw=,jHsLQgZgp3iyHtmkT95IycNuMWQ=
-67,-125,VnqXndqsKdAZ8pZ3i022C0m3gNw=,jHsLQgZgp3iyHtmkT95IycNuMWQ=
-80,-117,VnqXndqsKdAZ8pZ3i022C0m3gNw=,jHsLQgZgp3iyHtmkT95IycNuMWQ=
-68,-127,VnqXndqsKdAZ8pZ3i022C0m3gNw=,jHsLQgZgp3iyHtmkT95IycNuMWQ=
-65,-118,VnqXndqsKdAZ8pZ3i022C0m3gNw=,jHsLQgZgp3iyHtmkT95IycNuMWQ=
-68,-126,VnqXndqsKdAZ8pZ3i022C0m3gNw=,jHsLQgZgp3iyHtmkT95IycNuMWQ=
-75,-117,VnqXndqsKdAZ8pZ3i022C0m3gNw=,jHsLQgZgp3iyHtmkT95IycNuMWQ=
-67,-118,VnqXndqsKdAZ8pZ3i022C0m3gNw=,jHsLQgZgp3iyHtmkT95IycNuMWQ=
-79,-114,VnqXndqsKdAZ8pZ3i022C0m3gNw=,jHsLQgZgp3iyHtmkT95IycNuMWQ=
-69,-118,VnqXndqsKdAZ8pZ3i022C0m3gNw=,jHsLQgZgp3iyHtmkT95IycNuMWQ=
-70,-118,VnqXndqsKdAZ8pZ3i022C0m3gNw=,jHsLQgZgp3iyHtmkT95IycNuMWQ=
-77,-117,VnqXndqsKdAZ8pZ3i022C0m3gNw=,jHsLQgZgp3iyHtmkT95IycNuMWQ=
-76,-117,VnqXndqsKdAZ8pZ3i022C0m3gNw=,jHsLQgZgp3iyHtmkT95IycNuMWQ=
-72,-118,VnqXndqsKdAZ8pZ3i022C0m3gNw=,jHsLQgZgp3iyHtmkT95IycNuMWQ=
-79,-123,VnqXndqsKdAZ8pZ3i022C0m3gNw=,jHsLQgZgp3iyHtmkT95IycNuMWQ=
-78,-123,VnqXndqsKdAZ8pZ3i022C0m3gNw=,jHsLQgZgp3iyHtmkT95IycNuMWQ=
-77,-123,VnqXndqsKdAZ8pZ3i022C0m3gNw=,jHsLQgZgp3iyHtmkT95IycNuMWQ=
-76,-123,VnqXndqsKdAZ8pZ3i022C0m3gNw=,jHsLQgZgp3iyHtmkT95IycNuMWQ=
-73,-118,VnqXndqsKdAZ8pZ3i022C0m3gNw=,jHsLQgZgp3iyHtmkT95IycNuMWQ=
-74,-118,VnqXndqsKdAZ8pZ3i022C0m3gNw=,jHsLQgZgp3iyHtmkT95IycNuMWQ=
-71,-118,VnqXndqsKdAZ8pZ3i022C0m3gNw=,jHsLQgZgp3iyHtmkT95IycNuMWQ=
-75,-118,VnqXndqsKdAZ8pZ3i022C0m3gNw=,jHsLQgZgp3iyHtmkT95IycNuMWQ=
-75,-123,VnqXndqsKdAZ8pZ3i022C0m3gNw=,jHsLQgZgp3iyHtmkT95IycNuMWQ=
-68,-118,VnqXndqsKdAZ8pZ3i022C0m3gNw=,jHsLQgZgp3iyHtmkT95IycNuMWQ=
-71,-117,VnqXndqsKdAZ8pZ3i022C0m3gNw=,jHsLQgZgp3iyHtmkT95IycNuMWQ=
-68,-125,VnqXndqsKdAZ8pZ3i022C0m3gNw=,jHsLQgZgp3iyHtmkT95IycNuMWQ=
-66,-118,VnqXndqsKdAZ8pZ3i022C0m3gNw=,jHsLQgZgp3iyHtmkT95IycNuMWQ=
-69,-127,VnqXndqsKdAZ8pZ3i022C0m3gNw=,jHsLQgZgp3iyHtmkT95IycNuMWQ=
-76,-118,VnqXndqsKdAZ8pZ3i022C0m3gNw=,jHsLQgZgp3iyHtmkT95IycNuMWQ=
-69,-126,VnqXndqsKdAZ8pZ3i022C0m3gNw=,jHsLQgZgp3iyHtmkT95IycNuMWQ=
-80,-118,VnqXndqsKdAZ8pZ3i022C0m3gNw=,jHsLQgZgp3iyHtmkT95IycNuMWQ=
-65,-119,VnqXndqsKdAZ8pZ3i022C0m3gNw=,jHsLQgZgp3iyHtmkT95IycNuMWQ=
-74,-123,VnqXndqsKdAZ8pZ3i022C0m3gNw=,jHsLQgZgp3iyHtmkT95IycNuMWQ=
-78,-118,VnqXndqsKdAZ8pZ3i022C0m3gNw=,jHsLQgZgp3iyHtmkT95IycNuMWQ=
-66,-119,VnqXndqsKdAZ8pZ3i022C0m3gNw=,jHsLQgZgp3iyHtmkT95IycNuMWQ=
-67,-119,VnqXndqsKdAZ8pZ3i022C0m3gNw=,jHsLQgZgp3iyHtmkT95IycNuMWQ=
-73,-123,VnqXndqsKdAZ8pZ3i022C0m3gNw=,jHsLQgZgp3iyHtmkT95IycNuMWQ=
-68,-119,VnqXndqsKdAZ8pZ3i022C0m3gNw=,jHsLQgZgp3iyHtmkT95IycNuMWQ=
-69,-119,VnqXndqsKdAZ8pZ3i022C0m3gNw=,jHsLQgZgp3iyHtmkT95IycNuMWQ=
-70,-119,VnqXndqsKdAZ8pZ3i022C0m3gNw=,jHsLQgZgp3iyHtmkT95IycNuMWQ=
-72,-123,VnqXndqsKdAZ8pZ3i022C0m3gNw=,jHsLQgZgp3iyHtmkT95IycNuMWQ=
-71,-123,VnqXndqsKdAZ8pZ3i022C0m3gNw=,jHsLQgZgp3iyHtmkT95IycNuMWQ=
-70,-123,VnqXndqsKdAZ8pZ3i022C0m3gNw=,jHsLQgZgp3iyHtmkT95IycNuMWQ=
-69,-123,VnqXndqsKdAZ8pZ3i022C0m3gNw=,jHsLQgZgp3iyHtmkT95IycNuMWQ=
-68,-123,VnqXndqsKdAZ8pZ3i022C0m3gNw=,jHsLQgZgp3iyHtmkT95IycNuMWQ=
-67,-123,VnqXndqsKdAZ8pZ3i022C0m3gNw=,jHsLQgZgp3iyHtmkT95IycNuMWQ=
-73,-119,VnqXndqsKdAZ8pZ3i022C0m3gNw=,jHsLQgZgp3iyHtmkT95IycNuMWQ=
-74,-119,VnqXndqsKdAZ8pZ3i022C0m3gNw=,jHsLQgZgp3iyHtmkT95IycNuMWQ=
-66,-123,VnqXndqsKdAZ8pZ3i022C0m3gNw=,jHsLQgZgp3iyHtmkT95IycNuMWQ=
-73,-126,VnqXndqsKdAZ8pZ3i022C0m3gNw=,jHsLQgZgp3iyHtmkT95IycNuMWQ=
-72,-119,VnqXndqsKdAZ8pZ3i022C0m3gNw=,jHsLQgZgp3iyHtmkT95IycNuMWQ=
-65,-123,VnqXndqsKdAZ8pZ3i022C0m3gNw=,jHsLQgZgp3iyHtmkT95IycNuMWQ=
-73,-127,VnqXndqsKdAZ8pZ3i022C0m3gNw=,jHsLQgZgp3iyHtmkT95IycNuMWQ=
-80,-122,VnqXndqsKdAZ8pZ3i022C0m3gNw=,jHsLQgZgp3iyHtmkT95IycNuMWQ=
-72,-125,VnqXndqsKdAZ8pZ3i022C0m3gNw=,jHsLQgZgp3iyHtmkT95IycNuMWQ=
-79,-122,VnqXndqsKdAZ8pZ3i022C0m3gNw=,jHsLQgZgp3iyHtmkT95IycNuMWQ=
-78,-122,VnqXndqsKdAZ8pZ3i022C0m3gNw=,jHsLQgZgp3iyHtmkT95IycNuMWQ=
-75,-119,VnqXndqsKdAZ8pZ3i022C0m3gNw=,jHsLQgZgp3iyHtmkT95IycNuMWQ=
-77,-122,VnqXndqsKdAZ8pZ3i022C0m3gNw=,jHsLQgZgp3iyHtmkT95IycNuMWQ=
-76,-122,VnqXndqsKdAZ8pZ3i022C0m3gNw=,jHsLQgZgp3iyHtmkT95IycNuMWQ=
-71,-119,VnqXndqsKdAZ8pZ3i022C0m3gNw=,jHsLQgZgp3iyHtmkT95IycNuMWQ=
-79,-119,VnqXndqsKdAZ8pZ3i022C0m3gNw=,jHsLQgZgp3iyHtmkT95IycNuMWQ=
-69,-125,VnqXndqsKdAZ8pZ3i022C0m3gNw=,jHsLQgZgp3iyHtmkT95IycNuMWQ=
-80,-119,VnqXndqsKdAZ8pZ3i022C0m3gNw=,jHsLQgZgp3iyHtmkT95IycNuMWQ=
-70,-127,VnqXndqsKdAZ8pZ3i022C0m3gNw=,jHsLQgZgp3iyHtmkT95IycNuMWQ=
-65,-120,VnqXndqsKdAZ8pZ3i022C0m3gNw=,jHsLQgZgp3iyHtmkT95IycNuMWQ=
-70,-126,VnqXndqsKdAZ8pZ3i022C0m3gNw=,jHsLQgZgp3iyHtmkT95IycNuMWQ=
-75,-122,VnqXndqsKdAZ8pZ3i022C0m3gNw=,jHsLQgZgp3iyHtmkT95IycNuMWQ=
-78,-119,VnqXndqsKdAZ8pZ3i022C0m3gNw=,jHsLQgZgp3iyHtmkT95IycNuMWQ=
-77,-119,VnqXndqsKdAZ8pZ3i022C0m3gNw=,jHsLQgZgp3iyHtmkT95IycNuMWQ=
-74,-122,VnqXndqsKdAZ8pZ3i022C0m3gNw=,jHsLQgZgp3iyHtmkT95IycNuMWQ=
-73,-122,VnqXndqsKdAZ8pZ3i022C0m3gNw=,jHsLQgZgp3iyHtmkT95IycNuMWQ=
-76,-119,VnqXndqsKdAZ8pZ3i022C0m3gNw=,jHsLQgZgp3iyHtmkT95IycNuMWQ=
-68,-120,VnqXndqsKdAZ8pZ3i022C0m3gNw=,jHsLQgZgp3iyHtmkT95IycNuMWQ=
-66,-120,VnqXndqsKdAZ8pZ3i022C0m3gNw=,jHsLQgZgp3iyHtmkT95IycNuMWQ=
-72,-122,VnqXndqsKdAZ8pZ3i022C0m3gNw=,jHsLQgZgp3iyHtmkT95IycNuMWQ=
-69,-120,VnqXndqsKdAZ8pZ3i022C0m3gNw=,jHsLQgZgp3iyHtmkT95IycNuMWQ=
-70,-120,VnqXndqsKdAZ8pZ3i022C0m3gNw=,jHsLQgZgp3iyHtmkT95IycNuMWQ=
-71,-122,VnqXndqsKdAZ8pZ3i022C0m3gNw=,jHsLQgZgp3iyHtmkT95IycNuMWQ=
-70,-122,VnqXndqsKdAZ8pZ3i022C0m3gNw=,jHsLQgZgp3iyHtmkT95IycNuMWQ=
-69,-122,VnqXndqsKdAZ8pZ3i022C0m3gNw=,jHsLQgZgp3iyHtmkT95IycNuMWQ=
-71,-120,VnqXndqsKdAZ8pZ3i022C0m3gNw=,jHsLQgZgp3iyHtmkT95IycNuMWQ=
-74,-120,VnqXndqsKdAZ8pZ3i022C0m3gNw=,jHsLQgZgp3iyHtmkT95IycNuMWQ=
-75,-120,VnqXndqsKdAZ8pZ3i022C0m3gNw=,jHsLQgZgp3iyHtmkT95IycNuMWQ=
-72,-120,VnqXndqsKdAZ8pZ3i022C0m3gNw=,jHsLQgZgp3iyHtmkT95IycNuMWQ=
-68,-122,VnqXndqsKdAZ8pZ3i022C0m3gNw=,jHsLQgZgp3iyHtmkT95IycNuMWQ=
-67,-122,VnqXndqsKdAZ8pZ3i022C0m3gNw=,jHsLQgZgp3iyHtmkT95IycNuMWQ=
-66,-122,VnqXndqsKdAZ8pZ3i022C0m3gNw=,jHsLQgZgp3iyHtmkT95IycNuMWQ=
-72,-126,VnqXndqsKdAZ8pZ3i022C0m3gNw=,jHsLQgZgp3iyHtmkT95IycNuMWQ=
-65,-122,VnqXndqsKdAZ8pZ3i022C0m3gNw=,jHsLQgZgp3iyHtmkT95IycNuMWQ=
-72,-127,VnqXndqsKdAZ8pZ3i022C0m3gNw=,jHsLQgZgp3iyHtmkT95IycNuMWQ=
-77,-120,VnqXndqsKdAZ8pZ3i022C0m3gNw=,jHsLQgZgp3iyHtmkT95IycNuMWQ=
-78,-120,VnqXndqsKdAZ8pZ3i022C0m3gNw=,jHsLQgZgp3iyHtmkT95IycNuMWQ=
-79,-120,VnqXndqsKdAZ8pZ3i022C0m3gNw=,jHsLQgZgp3iyHtmkT95IycNuMWQ=
-70,-125,VnqXndqsKdAZ8pZ3i022C0m3gNw=,jHsLQgZgp3iyHtmkT95IycNuMWQ=
-73,-120,VnqXndqsKdAZ8pZ3i022C0m3gNw=,jHsLQgZgp3iyHtmkT95IycNuMWQ=
-71,-127,VnqXndqsKdAZ8pZ3i022C0m3gNw=,jHsLQgZgp3iyHtmkT95IycNuMWQ=
-76,-120,VnqXndqsKdAZ8pZ3i022C0m3gNw=,jHsLQgZgp3iyHtmkT95IycNuMWQ=
-71,-126,VnqXndqsKdAZ8pZ3i022C0m3gNw=,jHsLQgZgp3iyHtmkT95IycNuMWQ=
-80,-120,VnqXndqsKdAZ8pZ3i022C0m3gNw=,jHsLQgZgp3iyHtmkT95IycNuMWQ=
-80,-121,VnqXndqsKdAZ8pZ3i022C0m3gNw=,jHsLQgZgp3iyHtmkT95IycNuMWQ=
-71,-125,VnqXndqsKdAZ8pZ3i022C0m3gNw=,jHsLQgZgp3iyHtmkT95IycNuMWQ=
-66,-121,VnqXndqsKdAZ8pZ3i022C0m3gNw=,jHsLQgZgp3iyHtmkT95IycNuMWQ=
-65,-121,VnqXndqsKdAZ8pZ3i022C0m3gNw=,jHsLQgZgp3iyHtmkT95IycNuMWQ=
-67,-121,VnqXndqsKdAZ8pZ3i022C0m3gNw=,jHsLQgZgp3iyHtmkT95IycNuMWQ=
-70,-121,VnqXndqsKdAZ8pZ3i022C0m3gNw=,jHsLQgZgp3iyHtmkT95IycNuMWQ=
-79,-121,VnqXndqsKdAZ8pZ3i022C0m3gNw=,jHsLQgZgp3iyHtmkT95IycNuMWQ=
-69,-121,VnqXndqsKdAZ8pZ3i022C0m3gNw=,jHsLQgZgp3iyHtmkT95IycNuMWQ=
-68,-121,VnqXndqsKdAZ8pZ3i022C0m3gNw=,jHsLQgZgp3iyHtmkT95IycNuMWQ=
-71,-121,VnqXndqsKdAZ8pZ3i022C0m3gNw=,jHsLQgZgp3iyHtmkT95IycNuMWQ=
-74,-121,VnqXndqsKdAZ8pZ3i022C0m3gNw=,jHsLQgZgp3iyHtmkT95IycNuMWQ=
-75,-121,VnqXndqsKdAZ8pZ3i022C0m3gNw=,jHsLQgZgp3iyHtmkT95IycNuMWQ=
-72,-121,VnqXndqsKdAZ8pZ3i022C0m3gNw=,jHsLQgZgp3iyHtmkT95IycNuMWQ=
-77,-121,VnqXndqsKdAZ8pZ3i022C0m3gNw=,jHsLQgZgp3iyHtmkT95IycNuMWQ=
-76,-121,VnqXndqsKdAZ8pZ3i022C0m3gNw=,jHsLQgZgp3iyHtmkT95IycNuMWQ=
-67,-120,VnqXndqsKdAZ8pZ3i022C0m3gNw=,jHsLQgZgp3iyHtmkT95IycNuMWQ=
-78,-121,VnqXndqsKdAZ8pZ3i022C0m3gNw=,jHsLQgZgp3iyHtmkT95IycNuMWQ=
-73,-121,VnqXndqsKdAZ8pZ3i022C0m3gNw=,jHsLQgZgp3iyHtmkT95IycNuMWQ=
-77,-118,VnqXndqsKdAZ8pZ3i022C0m3gNw=,jHsLQgZgp3iyHtmkT95IycNuMWQ=
-79,-118,VnqXndqsKdAZ8pZ3i022C0m3gNw=,jHsLQgZgp3iyHtmkT95IycNuMWQ=
-89,-124,8Osrvh6dOASMj3LVD49Pzh216zY=,HQVE99nWBKy89VdMdoIDJ6c0xv4=
-90,-124,8Osrvh6dOASMj3LVD49Pzh216zY=,HQVE99nWBKy89VdMdoIDJ6c0xv4=
-90,-125,8Osrvh6dOASMj3LVD49Pzh216zY=,HQVE99nWBKy89VdMdoIDJ6c0xv4=
-91,-127,8Osrvh6dOASMj3LVD49Pzh216zY=,HQVE99nWBKy89VdMdoIDJ6c0xv4=
-91,-125,8Osrvh6dOASMj3LVD49Pzh216zY=,HQVE99nWBKy89VdMdoIDJ6c0xv4=
-91,-124,8Osrvh6dOASMj3LVD49Pzh216zY=,HQVE99nWBKy89VdMdoIDJ6c0xv4=
-92,-124,8Osrvh6dOASMj3LVD49Pzh216zY=,HQVE99nWBKy89VdMdoIDJ6c0xv4=
-93,-124,8Osrvh6dOASMj3LVD49Pzh216zY=,HQVE99nWBKy89VdMdoIDJ6c0xv4=
-91,-126,8Osrvh6dOASMj3LVD49Pzh216zY=,HQVE99nWBKy89VdMdoIDJ6c0xv4=
-92,-126,8Osrvh6dOASMj3LVD49Pzh216zY=,HQVE99nWBKy89VdMdoIDJ6c0xv4=
-93,-127,8Osrvh6dOASMj3LVD49Pzh216zY=,HQVE99nWBKy89VdMdoIDJ6c0xv4=
-94,-124,8Osrvh6dOASMj3LVD49Pzh216zY=,HQVE99nWBKy89VdMdoIDJ6c0xv4=
-92,-125,8Osrvh6dOASMj3LVD49Pzh216zY=,HQVE99nWBKy89VdMdoIDJ6c0xv4=
-95,-124,8Osrvh6dOASMj3LVD49Pzh216zY=,HQVE99nWBKy89VdMdoIDJ6c0xv4=
-93,-125,8Osrvh6dOASMj3LVD49Pzh216zY=,HQVE99nWBKy89VdMdoIDJ6c0xv4=
-82,-113,8Osrvh6dOASMj3LVD49Pzh216zY=,HQVE99nWBKy89VdMdoIDJ6c0xv4=
-83,-113,8Osrvh6dOASMj3LVD49Pzh216zY=,HQVE99nWBKy89VdMdoIDJ6c0xv4=
-84,-113,8Osrvh6dOASMj3LVD49Pzh216zY=,HQVE99nWBKy89VdMdoIDJ6c0xv4=
-86,-113,8Osrvh6dOASMj3LVD49Pzh216zY=,HQVE99nWBKy89VdMdoIDJ6c0xv4=
-87,-113,8Osrvh6dOASMj3LVD49Pzh216zY=,HQVE99nWBKy89VdMdoIDJ6c0xv4=
-85,-113,8Osrvh6dOASMj3LVD49Pzh216zY=,HQVE99nWBKy89VdMdoIDJ6c0xv4=
-88,-113,8Osrvh6dOASMj3LVD49Pzh216zY=,HQVE99nWBKy89VdMdoIDJ6c0xv4=
-90,-113,8Osrvh6dOASMj3LVD49Pzh216zY=,HQVE99nWBKy89VdMdoIDJ6c0xv4=
-91,-113,8Osrvh6dOASMj3LVD49Pzh216zY=,HQVE99nWBKy89VdMdoIDJ6c0xv4=
-89,-113,8Osrvh6dOASMj3LVD49Pzh216zY=,HQVE99nWBKy89VdMdoIDJ6c0xv4=
-92,-113,8Osrvh6dOASMj3LVD49Pzh216zY=,HQVE99nWBKy89VdMdoIDJ6c0xv4=
-93,-113,8Osrvh6dOASMj3LVD49Pzh216zY=,HQVE99nWBKy89VdMdoIDJ6c0xv4=
-94,-113,8Osrvh6dOASMj3LVD49Pzh216zY=,HQVE99nWBKy89VdMdoIDJ6c0xv4=
-96,-113,8Osrvh6dOASMj3LVD49Pzh216zY=,HQVE99nWBKy89VdMdoIDJ6c0xv4=
-93,-126,8Osrvh6dOASMj3LVD49Pzh216zY=,HQVE99nWBKy89VdMdoIDJ6c0xv4=
-95,-113,8Osrvh6dOASMj3LVD49Pzh216zY=,HQVE99nWBKy89VdMdoIDJ6c0xv4=
-82,-114,8Osrvh6dOASMj3LVD49Pzh216zY=,HQVE99nWBKy89VdMdoIDJ6c0xv4=
-94,-125,8Osrvh6dOASMj3LVD49Pzh216zY=,HQVE99nWBKy89VdMdoIDJ6c0xv4=
-83,-114,8Osrvh6dOASMj3LVD49Pzh216zY=,HQVE99nWBKy89VdMdoIDJ6c0xv4=
-85,-114,8Osrvh6dOASMj3LVD49Pzh216zY=,HQVE99nWBKy89VdMdoIDJ6c0xv4=
-84,-114,8Osrvh6dOASMj3LVD49Pzh216zY=,HQVE99nWBKy89VdMdoIDJ6c0xv4=
-86,-114,8Osrvh6dOASMj3LVD49Pzh216zY=,HQVE99nWBKy89VdMdoIDJ6c0xv4=
-88,-114,8Osrvh6dOASMj3LVD49Pzh216zY=,HQVE99nWBKy89VdMdoIDJ6c0xv4=
-87,-114,8Osrvh6dOASMj3LVD49Pzh216zY=,HQVE99nWBKy89VdMdoIDJ6c0xv4=
-89,-114,8Osrvh6dOASMj3LVD49Pzh216zY=,HQVE99nWBKy89VdMdoIDJ6c0xv4=
-90,-114,8Osrvh6dOASMj3LVD49Pzh216zY=,HQVE99nWBKy89VdMdoIDJ6c0xv4=
-91,-114,8Osrvh6dOASMj3LVD49Pzh216zY=,HQVE99nWBKy89VdMdoIDJ6c0xv4=
-92,-114,8Osrvh6dOASMj3LVD49Pzh216zY=,HQVE99nWBKy89VdMdoIDJ6c0xv4=
-93,-114,8Osrvh6dOASMj3LVD49Pzh216zY=,HQVE99nWBKy89VdMdoIDJ6c0xv4=
-94,-114,8Osrvh6dOASMj3LVD49Pzh216zY=,HQVE99nWBKy89VdMdoIDJ6c0xv4=
-95,-114,8Osrvh6dOASMj3LVD49Pzh216zY=,HQVE99nWBKy89VdMdoIDJ6c0xv4=
-96,-114,8Osrvh6dOASMj3LVD49Pzh216zY=,HQVE99nWBKy89VdMdoIDJ6c0xv4=
-95,-125,8Osrvh6dOASMj3LVD49Pzh216zY=,HQVE99nWBKy89VdMdoIDJ6c0xv4=
-94,-126,8Osrvh6dOASMj3LVD49Pzh216zY=,HQVE99nWBKy89VdMdoIDJ6c0xv4=
-85,-115,8Osrvh6dOASMj3LVD49Pzh216zY=,HQVE99nWBKy89VdMdoIDJ6c0xv4=
-84,-115,8Osrvh6dOASMj3LVD49Pzh216zY=,HQVE99nWBKy89VdMdoIDJ6c0xv4=
-86,-115,8Osrvh6dOASMj3LVD49Pzh216zY=,HQVE99nWBKy89VdMdoIDJ6c0xv4=
-89,-115,8Osrvh6dOASMj3LVD49Pzh216zY=,HQVE99nWBKy89VdMdoIDJ6c0xv4=
-88,-115,8Osrvh6dOASMj3LVD49Pzh216zY=,HQVE99nWBKy89VdMdoIDJ6c0xv4=
-90,-115,8Osrvh6dOASMj3LVD49Pzh216zY=,HQVE99nWBKy89VdMdoIDJ6c0xv4=
-87,-115,8Osrvh6dOASMj3LVD49Pzh216zY=,HQVE99nWBKy89VdMdoIDJ6c0xv4=
-91,-115,8Osrvh6dOASMj3LVD49Pzh216zY=,HQVE99nWBKy89VdMdoIDJ6c0xv4=
-92,-115,8Osrvh6dOASMj3LVD49Pzh216zY=,HQVE99nWBKy89VdMdoIDJ6c0xv4=
-93,-115,8Osrvh6dOASMj3LVD49Pzh216zY=,HQVE99nWBKy89VdMdoIDJ6c0xv4=
-94,-115,8Osrvh6dOASMj3LVD49Pzh216zY=,HQVE99nWBKy89VdMdoIDJ6c0xv4=
-95,-115,8Osrvh6dOASMj3LVD49Pzh216zY=,HQVE99nWBKy89VdMdoIDJ6c0xv4=
-96,-126,8Osrvh6dOASMj3LVD49Pzh216zY=,HQVE99nWBKy89VdMdoIDJ6c0xv4=
-96,-124,8Osrvh6dOASMj3LVD49Pzh216zY=,HQVE99nWBKy89VdMdoIDJ6c0xv4=
-95,-126,8Osrvh6dOASMj3LVD49Pzh216zY=,HQVE99nWBKy89VdMdoIDJ6c0xv4=
-96,-125,8Osrvh6dOASMj3LVD49Pzh216zY=,HQVE99nWBKy89VdMdoIDJ6c0xv4=
-96,-115,8Osrvh6dOASMj3LVD49Pzh216zY=,HQVE99nWBKy89VdMdoIDJ6c0xv4=
-82,-126,8Osrvh6dOASMj3LVD49Pzh216zY=,HQVE99nWBKy89VdMdoIDJ6c0xv4=
-86,-116,8Osrvh6dOASMj3LVD49Pzh216zY=,HQVE99nWBKy89VdMdoIDJ6c0xv4=
-85,-116,8Osrvh6dOASMj3LVD49Pzh216zY=,HQVE99nWBKy89VdMdoIDJ6c0xv4=
-87,-116,8Osrvh6dOASMj3LVD49Pzh216zY=,HQVE99nWBKy89VdMdoIDJ6c0xv4=
-84,-116,8Osrvh6dOASMj3LVD49Pzh216zY=,HQVE99nWBKy89VdMdoIDJ6c0xv4=
-88,-116,8Osrvh6dOASMj3LVD49Pzh216zY=,HQVE99nWBKy89VdMdoIDJ6c0xv4=
-90,-116,8Osrvh6dOASMj3LVD49Pzh216zY=,HQVE99nWBKy89VdMdoIDJ6c0xv4=
-89,-116,8Osrvh6dOASMj3LVD49Pzh216zY=,HQVE99nWBKy89VdMdoIDJ6c0xv4=
-91,-116,8Osrvh6dOASMj3LVD49Pzh216zY=,HQVE99nWBKy89VdMdoIDJ6c0xv4=
-92,-116,8Osrvh6dOASMj3LVD49Pzh216zY=,HQVE99nWBKy89VdMdoIDJ6c0xv4=
-93,-116,8Osrvh6dOASMj3LVD49Pzh216zY=,HQVE99nWBKy89VdMdoIDJ6c0xv4=
-94,-116,8Osrvh6dOASMj3LVD49Pzh216zY=,HQVE99nWBKy89VdMdoIDJ6c0xv4=
-96,-116,8Osrvh6dOASMj3LVD49Pzh216zY=,HQVE99nWBKy89VdMdoIDJ6c0xv4=
-95,-116,8Osrvh6dOASMj3LVD49Pzh216zY=,HQVE99nWBKy89VdMdoIDJ6c0xv4=
-82,-125,8Osrvh6dOASMj3LVD49Pzh216zY=,HQVE99nWBKy89VdMdoIDJ6c0xv4=
-83,-126,8Osrvh6dOASMj3LVD49Pzh216zY=,HQVE99nWBKy89VdMdoIDJ6c0xv4=
-83,-127,8Osrvh6dOASMj3LVD49Pzh216zY=,HQVE99nWBKy89VdMdoIDJ6c0xv4=
-84,-117,8Osrvh6dOASMj3LVD49Pzh216zY=,HQVE99nWBKy89VdMdoIDJ6c0xv4=
-85,-117,8Osrvh6dOASMj3LVD49Pzh216zY=,HQVE99nWBKy89VdMdoIDJ6c0xv4=
-87,-117,8Osrvh6dOASMj3LVD49Pzh216zY=,HQVE99nWBKy89VdMdoIDJ6c0xv4=
-86,-117,8Osrvh6dOASMj3LVD49Pzh216zY=,HQVE99nWBKy89VdMdoIDJ6c0xv4=
-88,-117,8Osrvh6dOASMj3LVD49Pzh216zY=,HQVE99nWBKy89VdMdoIDJ6c0xv4=
-89,-117,8Osrvh6dOASMj3LVD49Pzh216zY=,HQVE99nWBKy89VdMdoIDJ6c0xv4=
-90,-117,8Osrvh6dOASMj3LVD49Pzh216zY=,HQVE99nWBKy89VdMdoIDJ6c0xv4=
-91,-117,8Osrvh6dOASMj3LVD49Pzh216zY=,HQVE99nWBKy89VdMdoIDJ6c0xv4=
-92,-117,8Osrvh6dOASMj3LVD49Pzh216zY=,HQVE99nWBKy89VdMdoIDJ6c0xv4=
-93,-117,8Osrvh6dOASMj3LVD49Pzh216zY=,HQVE99nWBKy89VdMdoIDJ6c0xv4=
-95,-117,8Osrvh6dOASMj3LVD49Pzh216zY=,HQVE99nWBKy89VdMdoIDJ6c0xv4=
-94,-117,8Osrvh6dOASMj3LVD49Pzh216zY=,HQVE99nWBKy89VdMdoIDJ6c0xv4=
-83,-125,8Osrvh6dOASMj3LVD49Pzh216zY=,HQVE99nWBKy89VdMdoIDJ6c0xv4=
-96,-117,8Osrvh6dOASMj3LVD49Pzh216zY=,HQVE99nWBKy89VdMdoIDJ6c0xv4=
-84,-126,8Osrvh6dOASMj3LVD49Pzh216zY=,HQVE99nWBKy89VdMdoIDJ6c0xv4=
-83,-118,8Osrvh6dOASMj3LVD49Pzh216zY=,HQVE99nWBKy89VdMdoIDJ6c0xv4=
-84,-118,8Osrvh6dOASMj3LVD49Pzh216zY=,HQVE99nWBKy89VdMdoIDJ6c0xv4=
-86,-118,8Osrvh6dOASMj3LVD49Pzh216zY=,HQVE99nWBKy89VdMdoIDJ6c0xv4=
-85,-118,8Osrvh6dOASMj3LVD49Pzh216zY=,HQVE99nWBKy89VdMdoIDJ6c0xv4=
-87,-118,8Osrvh6dOASMj3LVD49Pzh216zY=,HQVE99nWBKy89VdMdoIDJ6c0xv4=
-88,-118,8Osrvh6dOASMj3LVD49Pzh216zY=,HQVE99nWBKy89VdMdoIDJ6c0xv4=
-89,-118,8Osrvh6dOASMj3LVD49Pzh216zY=,HQVE99nWBKy89VdMdoIDJ6c0xv4=
-90,-118,8Osrvh6dOASMj3LVD49Pzh216zY=,HQVE99nWBKy89VdMdoIDJ6c0xv4=
-91,-118,8Osrvh6dOASMj3LVD49Pzh216zY=,HQVE99nWBKy89VdMdoIDJ6c0xv4=
-92,-118,8Osrvh6dOASMj3LVD49Pzh216zY=,HQVE99nWBKy89VdMdoIDJ6c0xv4=
-93,-118,8Osrvh6dOASMj3LVD49Pzh216zY=,HQVE99nWBKy89VdMdoIDJ6c0xv4=
-94,-118,8Osrvh6dOASMj3LVD49Pzh216zY=,HQVE99nWBKy89VdMdoIDJ6c0xv4=
-95,-118,8Osrvh6dOASMj3LVD49Pzh216zY=,HQVE99nWBKy89VdMdoIDJ6c0xv4=
-84,-125,8Osrvh6dOASMj3LVD49Pzh216zY=,HQVE99nWBKy89VdMdoIDJ6c0xv4=
-96,-118,8Osrvh6dOASMj3LVD49Pzh216zY=,HQVE99nWBKy89VdMdoIDJ6c0xv4=
-85,-126,8Osrvh6dOASMj3LVD49Pzh216zY=,HQVE99nWBKy89VdMdoIDJ6c0xv4=
-84,-119,8Osrvh6dOASMj3LVD49Pzh216zY=,HQVE99nWBKy89VdMdoIDJ6c0xv4=
-85,-119,8Osrvh6dOASMj3LVD49Pzh216zY=,HQVE99nWBKy89VdMdoIDJ6c0xv4=
-86,-119,8Osrvh6dOASMj3LVD49Pzh216zY=,HQVE99nWBKy89VdMdoIDJ6c0xv4=
-87,-119,8Osrvh6dOASMj3LVD49Pzh216zY=,HQVE99nWBKy89VdMdoIDJ6c0xv4=
-88,-119,8Osrvh6dOASMj3LVD49Pzh216zY=,HQVE99nWBKy89VdMdoIDJ6c0xv4=
-89,-119,8Osrvh6dOASMj3LVD49Pzh216zY=,HQVE99nWBKy89VdMdoIDJ6c0xv4=
-90,-119,8Osrvh6dOASMj3LVD49Pzh216zY=,HQVE99nWBKy89VdMdoIDJ6c0xv4=
-96,-127,8Osrvh6dOASMj3LVD49Pzh216zY=,HQVE99nWBKy89VdMdoIDJ6c0xv4=
-91,-119,8Osrvh6dOASMj3LVD49Pzh216zY=,HQVE99nWBKy89VdMdoIDJ6c0xv4=
-92,-119,8Osrvh6dOASMj3LVD49Pzh216zY=,HQVE99nWBKy89VdMdoIDJ6c0xv4=
-93,-119,8Osrvh6dOASMj3LVD49Pzh216zY=,HQVE99nWBKy89VdMdoIDJ6c0xv4=
-94,-119,8Osrvh6dOASMj3LVD49Pzh216zY=,HQVE99nWBKy89VdMdoIDJ6c0xv4=
-95,-119,8Osrvh6dOASMj3LVD49Pzh216zY=,HQVE99nWBKy89VdMdoIDJ6c0xv4=
-85,-125,8Osrvh6dOASMj3LVD49Pzh216zY=,HQVE99nWBKy89VdMdoIDJ6c0xv4=
-81,-124,8Osrvh6dOASMj3LVD49Pzh216zY=,HQVE99nWBKy89VdMdoIDJ6c0xv4=
-96,-119,8Osrvh6dOASMj3LVD49Pzh216zY=,HQVE99nWBKy89VdMdoIDJ6c0xv4=
-86,-126,8Osrvh6dOASMj3LVD49Pzh216zY=,HQVE99nWBKy89VdMdoIDJ6c0xv4=
-84,-120,8Osrvh6dOASMj3LVD49Pzh216zY=,HQVE99nWBKy89VdMdoIDJ6c0xv4=
-85,-120,8Osrvh6dOASMj3LVD49Pzh216zY=,HQVE99nWBKy89VdMdoIDJ6c0xv4=
-85,-127,8Osrvh6dOASMj3LVD49Pzh216zY=,HQVE99nWBKy89VdMdoIDJ6c0xv4=
-86,-120,8Osrvh6dOASMj3LVD49Pzh216zY=,HQVE99nWBKy89VdMdoIDJ6c0xv4=
-86,-127,8Osrvh6dOASMj3LVD49Pzh216zY=,HQVE99nWBKy89VdMdoIDJ6c0xv4=
-83,-115,8Osrvh6dOASMj3LVD49Pzh216zY=,HQVE99nWBKy89VdMdoIDJ6c0xv4=
-82,-116,8Osrvh6dOASMj3LVD49Pzh216zY=,HQVE99nWBKy89VdMdoIDJ6c0xv4=
-81,-119,8Osrvh6dOASMj3LVD49Pzh216zY=,HQVE99nWBKy89VdMdoIDJ6c0xv4=
-82,-115,8Osrvh6dOASMj3LVD49Pzh216zY=,HQVE99nWBKy89VdMdoIDJ6c0xv4=
-83,-116,8Osrvh6dOASMj3LVD49Pzh216zY=,HQVE99nWBKy89VdMdoIDJ6c0xv4=
-87,-120,8Osrvh6dOASMj3LVD49Pzh216zY=,HQVE99nWBKy89VdMdoIDJ6c0xv4=
-82,-117,8Osrvh6dOASMj3LVD49Pzh216zY=,HQVE99nWBKy89VdMdoIDJ6c0xv4=
-83,-117,8Osrvh6dOASMj3LVD49Pzh216zY=,HQVE99nWBKy89VdMdoIDJ6c0xv4=
-81,-122,8Osrvh6dOASMj3LVD49Pzh216zY=,HQVE99nWBKy89VdMdoIDJ6c0xv4=
-81,-121,8Osrvh6dOASMj3LVD49Pzh216zY=,HQVE99nWBKy89VdMdoIDJ6c0xv4=
-82,-118,8Osrvh6dOASMj3LVD49Pzh216zY=,HQVE99nWBKy89VdMdoIDJ6c0xv4=
-81,-127,8Osrvh6dOASMj3LVD49Pzh216zY=,HQVE99nWBKy89VdMdoIDJ6c0xv4=
-88,-120,8Osrvh6dOASMj3LVD49Pzh216zY=,HQVE99nWBKy89VdMdoIDJ6c0xv4=
-89,-120,8Osrvh6dOASMj3LVD49Pzh216zY=,HQVE99nWBKy89VdMdoIDJ6c0xv4=
-90,-120,8Osrvh6dOASMj3LVD49Pzh216zY=,HQVE99nWBKy89VdMdoIDJ6c0xv4=
-91,-120,8Osrvh6dOASMj3LVD49Pzh216zY=,HQVE99nWBKy89VdMdoIDJ6c0xv4=
-92,-120,8Osrvh6dOASMj3LVD49Pzh216zY=,HQVE99nWBKy89VdMdoIDJ6c0xv4=
-81,-125,8Osrvh6dOASMj3LVD49Pzh216zY=,HQVE99nWBKy89VdMdoIDJ6c0xv4=
-93,-120,8Osrvh6dOASMj3LVD49Pzh216zY=,HQVE99nWBKy89VdMdoIDJ6c0xv4=
-94,-120,8Osrvh6dOASMj3LVD49Pzh216zY=,HQVE99nWBKy89VdMdoIDJ6c0xv4=
-95,-120,8Osrvh6dOASMj3LVD49Pzh216zY=,HQVE99nWBKy89VdMdoIDJ6c0xv4=
-86,-125,8Osrvh6dOASMj3LVD49Pzh216zY=,HQVE99nWBKy89VdMdoIDJ6c0xv4=
-87,-127,8Osrvh6dOASMj3LVD49Pzh216zY=,HQVE99nWBKy89VdMdoIDJ6c0xv4=
-96,-120,8Osrvh6dOASMj3LVD49Pzh216zY=,HQVE99nWBKy89VdMdoIDJ6c0xv4=
-87,-126,8Osrvh6dOASMj3LVD49Pzh216zY=,HQVE99nWBKy89VdMdoIDJ6c0xv4=
-81,-120,8Osrvh6dOASMj3LVD49Pzh216zY=,HQVE99nWBKy89VdMdoIDJ6c0xv4=
-83,-119,8Osrvh6dOASMj3LVD49Pzh216zY=,HQVE99nWBKy89VdMdoIDJ6c0xv4=
-81,-126,8Osrvh6dOASMj3LVD49Pzh216zY=,HQVE99nWBKy89VdMdoIDJ6c0xv4=
-84,-121,8Osrvh6dOASMj3LVD49Pzh216zY=,HQVE99nWBKy89VdMdoIDJ6c0xv4=
-86,-121,8Osrvh6dOASMj3LVD49Pzh216zY=,HQVE99nWBKy89VdMdoIDJ6c0xv4=
-87,-121,8Osrvh6dOASMj3LVD49Pzh216zY=,HQVE99nWBKy89VdMdoIDJ6c0xv4=
-88,-121,8Osrvh6dOASMj3LVD49Pzh216zY=,HQVE99nWBKy89VdMdoIDJ6c0xv4=
-89,-121,8Osrvh6dOASMj3LVD49Pzh216zY=,HQVE99nWBKy89VdMdoIDJ6c0xv4=
-90,-121,8Osrvh6dOASMj3LVD49Pzh216zY=,HQVE99nWBKy89VdMdoIDJ6c0xv4=
-91,-121,8Osrvh6dOASMj3LVD49Pzh216zY=,HQVE99nWBKy89VdMdoIDJ6c0xv4=
-92,-121,8Osrvh6dOASMj3LVD49Pzh216zY=,HQVE99nWBKy89VdMdoIDJ6c0xv4=
-93,-121,8Osrvh6dOASMj3LVD49Pzh216zY=,HQVE99nWBKy89VdMdoIDJ6c0xv4=
-94,-121,8Osrvh6dOASMj3LVD49Pzh216zY=,HQVE99nWBKy89VdMdoIDJ6c0xv4=
-82,-120,8Osrvh6dOASMj3LVD49Pzh216zY=,HQVE99nWBKy89VdMdoIDJ6c0xv4=
-81,-117,8Osrvh6dOASMj3LVD49Pzh216zY=,HQVE99nWBKy89VdMdoIDJ6c0xv4=
-95,-121,8Osrvh6dOASMj3LVD49Pzh216zY=,HQVE99nWBKy89VdMdoIDJ6c0xv4=
-87,-125,8Osrvh6dOASMj3LVD49Pzh216zY=,HQVE99nWBKy89VdMdoIDJ6c0xv4=
-85,-121,8Osrvh6dOASMj3LVD49Pzh216zY=,HQVE99nWBKy89VdMdoIDJ6c0xv4=
-96,-121,8Osrvh6dOASMj3LVD49Pzh216zY=,HQVE99nWBKy89VdMdoIDJ6c0xv4=
-88,-126,8Osrvh6dOASMj3LVD49Pzh216zY=,HQVE99nWBKy89VdMdoIDJ6c0xv4=
-82,-122,8Osrvh6dOASMj3LVD49Pzh216zY=,HQVE99nWBKy89VdMdoIDJ6c0xv4=
-83,-122,8Osrvh6dOASMj3LVD49Pzh216zY=,HQVE99nWBKy89VdMdoIDJ6c0xv4=
-84,-122,8Osrvh6dOASMj3LVD49Pzh216zY=,HQVE99nWBKy89VdMdoIDJ6c0xv4=
-85,-122,8Osrvh6dOASMj3LVD49Pzh216zY=,HQVE99nWBKy89VdMdoIDJ6c0xv4=
-86,-122,8Osrvh6dOASMj3LVD49Pzh216zY=,HQVE99nWBKy89VdMdoIDJ6c0xv4=
-87,-122,8Osrvh6dOASMj3LVD49Pzh216zY=,HQVE99nWBKy89VdMdoIDJ6c0xv4=
-88,-122,8Osrvh6dOASMj3LVD49Pzh216zY=,HQVE99nWBKy89VdMdoIDJ6c0xv4=
-89,-122,8Osrvh6dOASMj3LVD49Pzh216zY=,HQVE99nWBKy89VdMdoIDJ6c0xv4=
-90,-122,8Osrvh6dOASMj3LVD49Pzh216zY=,HQVE99nWBKy89VdMdoIDJ6c0xv4=
-91,-122,8Osrvh6dOASMj3LVD49Pzh216zY=,HQVE99nWBKy89VdMdoIDJ6c0xv4=
-92,-122,8Osrvh6dOASMj3LVD49Pzh216zY=,HQVE99nWBKy89VdMdoIDJ6c0xv4=
-93,-122,8Osrvh6dOASMj3LVD49Pzh216zY=,HQVE99nWBKy89VdMdoIDJ6c0xv4=
-94,-122,8Osrvh6dOASMj3LVD49Pzh216zY=,HQVE99nWBKy89VdMdoIDJ6c0xv4=
-95,-122,8Osrvh6dOASMj3LVD49Pzh216zY=,HQVE99nWBKy89VdMdoIDJ6c0xv4=
-88,-125,8Osrvh6dOASMj3LVD49Pzh216zY=,HQVE99nWBKy89VdMdoIDJ6c0xv4=
-89,-127,8Osrvh6dOASMj3LVD49Pzh216zY=,HQVE99nWBKy89VdMdoIDJ6c0xv4=
-96,-122,8Osrvh6dOASMj3LVD49Pzh216zY=,HQVE99nWBKy89VdMdoIDJ6c0xv4=
-89,-126,8Osrvh6dOASMj3LVD49Pzh216zY=,HQVE99nWBKy89VdMdoIDJ6c0xv4=
-82,-123,8Osrvh6dOASMj3LVD49Pzh216zY=,HQVE99nWBKy89VdMdoIDJ6c0xv4=
-83,-123,8Osrvh6dOASMj3LVD49Pzh216zY=,HQVE99nWBKy89VdMdoIDJ6c0xv4=
-81,-115,8Osrvh6dOASMj3LVD49Pzh216zY=,HQVE99nWBKy89VdMdoIDJ6c0xv4=
-85,-123,8Osrvh6dOASMj3LVD49Pzh216zY=,HQVE99nWBKy89VdMdoIDJ6c0xv4=
-86,-123,8Osrvh6dOASMj3LVD49Pzh216zY=,HQVE99nWBKy89VdMdoIDJ6c0xv4=
-87,-123,8Osrvh6dOASMj3LVD49Pzh216zY=,HQVE99nWBKy89VdMdoIDJ6c0xv4=
-88,-123,8Osrvh6dOASMj3LVD49Pzh216zY=,HQVE99nWBKy89VdMdoIDJ6c0xv4=
-89,-123,8Osrvh6dOASMj3LVD49Pzh216zY=,HQVE99nWBKy89VdMdoIDJ6c0xv4=
-90,-123,8Osrvh6dOASMj3LVD49Pzh216zY=,HQVE99nWBKy89VdMdoIDJ6c0xv4=
-91,-123,8Osrvh6dOASMj3LVD49Pzh216zY=,HQVE99nWBKy89VdMdoIDJ6c0xv4=
-92,-123,8Osrvh6dOASMj3LVD49Pzh216zY=,HQVE99nWBKy89VdMdoIDJ6c0xv4=
-93,-123,8Osrvh6dOASMj3LVD49Pzh216zY=,HQVE99nWBKy89VdMdoIDJ6c0xv4=
-94,-123,8Osrvh6dOASMj3LVD49Pzh216zY=,HQVE99nWBKy89VdMdoIDJ6c0xv4=
-95,-123,8Osrvh6dOASMj3LVD49Pzh216zY=,HQVE99nWBKy89VdMdoIDJ6c0xv4=
-81,-114,8Osrvh6dOASMj3LVD49Pzh216zY=,HQVE99nWBKy89VdMdoIDJ6c0xv4=
-89,-125,8Osrvh6dOASMj3LVD49Pzh216zY=,HQVE99nWBKy89VdMdoIDJ6c0xv4=
-90,-127,8Osrvh6dOASMj3LVD49Pzh216zY=,HQVE99nWBKy89VdMdoIDJ6c0xv4=
-96,-123,8Osrvh6dOASMj3LVD49Pzh216zY=,HQVE99nWBKy89VdMdoIDJ6c0xv4=
-90,-126,8Osrvh6dOASMj3LVD49Pzh216zY=,HQVE99nWBKy89VdMdoIDJ6c0xv4=
-82,-124,8Osrvh6dOASMj3LVD49Pzh216zY=,HQVE99nWBKy89VdMdoIDJ6c0xv4=
-83,-124,8Osrvh6dOASMj3LVD49Pzh216zY=,HQVE99nWBKy89VdMdoIDJ6c0xv4=
-85,-124,8Osrvh6dOASMj3LVD49Pzh216zY=,HQVE99nWBKy89VdMdoIDJ6c0xv4=
-86,-124,8Osrvh6dOASMj3LVD49Pzh216zY=,HQVE99nWBKy89VdMdoIDJ6c0xv4=
-87,-124,8Osrvh6dOASMj3LVD49Pzh216zY=,HQVE99nWBKy89VdMdoIDJ6c0xv4=
-88,-124,8Osrvh6dOASMj3LVD49Pzh216zY=,HQVE99nWBKy89VdMdoIDJ6c0xv4=
-82,-121,8Osrvh6dOASMj3LVD49Pzh216zY=,HQVE99nWBKy89VdMdoIDJ6c0xv4=
-84,-123,8Osrvh6dOASMj3LVD49Pzh216zY=,HQVE99nWBKy89VdMdoIDJ6c0xv4=
-88,-127,8Osrvh6dOASMj3LVD49Pzh216zY=,HQVE99nWBKy89VdMdoIDJ6c0xv4=
-84,-124,8Osrvh6dOASMj3LVD49Pzh216zY=,HQVE99nWBKy89VdMdoIDJ6c0xv4=
-81,-113,8Osrvh6dOASMj3LVD49Pzh216zY=,HQVE99nWBKy89VdMdoIDJ6c0xv4=
-83,-121,8Osrvh6dOASMj3LVD49Pzh216zY=,HQVE99nWBKy89VdMdoIDJ6c0xv4=
-81,-118,8Osrvh6dOASMj3LVD49Pzh216zY=,HQVE99nWBKy89VdMdoIDJ6c0xv4=
-81,-123,8Osrvh6dOASMj3LVD49Pzh216zY=,HQVE99nWBKy89VdMdoIDJ6c0xv4=
-83,-120,8Osrvh6dOASMj3LVD49Pzh216zY=,HQVE99nWBKy89VdMdoIDJ6c0xv4=
-95,-127,8Osrvh6dOASMj3LVD49Pzh216zY=,HQVE99nWBKy89VdMdoIDJ6c0xv4=
-94,-127,8Osrvh6dOASMj3LVD49Pzh216zY=,HQVE99nWBKy89VdMdoIDJ6c0xv4=
-82,-127,8Osrvh6dOASMj3LVD49Pzh216zY=,HQVE99nWBKy89VdMdoIDJ6c0xv4=
-92,-127,8Osrvh6dOASMj3LVD49Pzh216zY=,HQVE99nWBKy89VdMdoIDJ6c0xv4=
-84,-127,8Osrvh6dOASMj3LVD49Pzh216zY=,HQVE99nWBKy89VdMdoIDJ6c0xv4=
-82,-119,8Osrvh6dOASMj3LVD49Pzh216zY=,HQVE99nWBKy89VdMdoIDJ6c0xv4=
-81,-116,8Osrvh6dOASMj3LVD49Pzh216zY=,HQVE99nWBKy89VdMdoIDJ6c0xv4=
