70,3,ckzsErrekX295lCq0k3Z3pemkRs=,4heVedYPmXbn/5X0eWY4Em+gQqY=
66,3,ckzsErrekX295lCq0k3Z3pemkRs=,4heVedYPmXbn/5X0eWY4Em+gQqY=
65,0,ckzsErrekX295lCq0k3Z3pemkRs=,4heVedYPmXbn/5X0eWY4Em+gQqY=
79,15,ckzsErrekX295lCq0k3Z3pemkRs=,4heVedYPmXbn/5X0eWY4Em+gQqY=
71,3,ckzsErrekX295lCq0k3Z3pemkRs=,4heVedYPmXbn/5X0eWY4Em+gQqY=
67,3,ckzsErrekX295lCq0k3Z3pemkRs=,4heVedYPmXbn/5X0eWY4Em+gQqY=
68,2,ckzsErrekX295lCq0k3Z3pemkRs=,4heVedYPmXbn/5X0eWY4Em+gQqY=
72,3,ckzsErrekX295lCq0k3Z3pemkRs=,4heVedYPmXbn/5X0eWY4Em+gQqY=
70,2,ckzsErrekX295lCq0k3Z3pemkRs=,4heVedYPmXbn/5X0eWY4Em+gQqY=
78,15,s78wprxFACwG3nDIHAITGgfMXNs=,4heVedYPmXbn/5X0eWY4Em+gQqY=
73,3,s78wprxFACwG3nDIHAITGgfMXNs=,4heVedYPmXbn/5X0eWY4Em+gQqY=
74,3,s78wprxFACwG3nDIHAITGgfMXNs=,4heVedYPmXbn/5X0eWY4Em+gQqY=
69,0,s78wprxFACwG3nDIHAITGgfMXNs=,4heVedYPmXbn/5X0eWY4Em+gQqY=
77,15,s78wprxFACwG3nDIHAITGgfMXNs=,4heVedYPmXbn/5X0eWY4Em+gQqY=
75,3,s78wprxFACwG3nDIHAITGgfMXNs=,4heVedYPmXbn/5X0eWY4Em+gQqY=
68,1,s78wprxFACwG3nDIHAITGgfMXNs=,4heVedYPmXbn/5X0eWY4Em+gQqY=
76,15,s78wprxFACwG3nDIHAITGgfMXNs=,4heVedYPmXbn/5X0eWY4Em+gQqY=
75,15,s78wprxFACwG3nDIHAITGgfMXNs=,4heVedYPmXbn/5X0eWY4Em+gQqY=
74,15,s78wprxFACwG3nDIHAITGgfMXNs=,4heVedYPmXbn/5X0eWY4Em+gQqY=
73,15,s78wprxFACwG3nDIHAITGgfMXNs=,4heVedYPmXbn/5X0eWY4Em+gQqY=
72,15,s78wprxFACwG3nDIHAITGgfMXNs=,4heVedYPmXbn/5X0eWY4Em+gQqY=
71,15,s78wprxFACwG3nDIHAITGgfMXNs=,4heVedYPmXbn/5X0eWY4Em+gQqY=
70,15,s78wprxFACwG3nDIHAITGgfMXNs=,4heVedYPmXbn/5X0eWY4Em+gQqY=
69,15,s78wprxFACwG3nDIHAITGgfMXNs=,4heVedYPmXbn/5X0eWY4Em+gQqY=
68,15,s78wprxFACwG3nDIHAITGgfMXNs=,4heVedYPmXbn/5X0eWY4Em+gQqY=
67,15,s78wprxFACwG3nDIHAITGgfMXNs=,4heVedYPmXbn/5X0eWY4Em+gQqY=
66,15,s78wprxFACwG3nDIHAITGgfMXNs=,4heVedYPmXbn/5X0eWY4Em+gQqY=
65,15,s78wprxFACwG3nDIHAITGgfMXNs=,4heVedYPmXbn/5X0eWY4Em+gQqY=
67,0,s78wprxFACwG3nDIHAITGgfMXNs=,4heVedYPmXbn/5X0eWY4Em+gQqY=
69,3,s78wprxFACwG3nDIHAITGgfMXNs=,4heVedYPmXbn/5X0eWY4Em+gQqY=
76,3,s78wprxFACwG3nDIHAITGgfMXNs=,4heVedYPmXbn/5X0eWY4Em+gQqY=
69,1,s78wprxFACwG3nDIHAITGgfMXNs=,4heVedYPmXbn/5X0eWY4Em+gQqY=
64,15,s78wprxFACwG3nDIHAITGgfMXNs=,4heVedYPmXbn/5X0eWY4Em+gQqY=
69,2,s78wprxFACwG3nDIHAITGgfMXNs=,4heVedYPmXbn/5X0eWY4Em+gQqY=
78,14,s78wprxFACwG3nDIHAITGgfMXNs=,4heVedYPmXbn/5X0eWY4Em+gQqY=
79,14,s78wprxFACwG3nDIHAITGgfMXNs=,4heVedYPmXbn/5X0eWY4Em+gQqY=
77,14,s78wprxFACwG3nDIHAITGgfMXNs=,4heVedYPmXbn/5X0eWY4Em+gQqY=
76,14,s78wprxFACwG3nDIHAITGgfMXNs=,4heVedYPmXbn/5X0eWY4Em+gQqY=
75,14,s78wprxFACwG3nDIHAITGgfMXNs=,4heVedYPmXbn/5X0eWY4Em+gQqY=
74,14,s78wprxFACwG3nDIHAITGgfMXNs=,4heVedYPmXbn/5X0eWY4Em+gQqY=
73,14,s78wprxFACwG3nDIHAITGgfMXNs=,4heVedYPmXbn/5X0eWY4Em+gQqY=
72,14,s78wprxFACwG3nDIHAITGgfMXNs=,4heVedYPmXbn/5X0eWY4Em+gQqY=
70,14,s78wprxFACwG3nDIHAITGgfMXNs=,4heVedYPmXbn/5X0eWY4Em+gQqY=
69,14,s78wprxFACwG3nDIHAITGgfMXNs=,4heVedYPmXbn/5X0eWY4Em+gQqY=
71,14,s78wprxFACwG3nDIHAITGgfMXNs=,4heVedYPmXbn/5X0eWY4Em+gQqY=
68,14,s78wprxFACwG3nDIHAITGgfMXNs=,4heVedYPmXbn/5X0eWY4Em+gQqY=
67,14,s78wprxFACwG3nDIHAITGgfMXNs=,4heVedYPmXbn/5X0eWY4Em+gQqY=
66,14,s78wprxFACwG3nDIHAITGgfMXNs=,4heVedYPmXbn/5X0eWY4Em+gQqY=
65,14,s78wprxFACwG3nDIHAITGgfMXNs=,4heVedYPmXbn/5X0eWY4Em+gQqY=
77,3,s78wprxFACwG3nDIHAITGgfMXNs=,4heVedYPmXbn/5X0eWY4Em+gQqY=
68,0,s78wprxFACwG3nDIHAITGgfMXNs=,4heVedYPmXbn/5X0eWY4Em+gQqY=
78,3,s78wprxFACwG3nDIHAITGgfMXNs=,4heVedYPmXbn/5X0eWY4Em+gQqY=
65,3,s78wprxFACwG3nDIHAITGgfMXNs=,4heVedYPmXbn/5X0eWY4Em+gQqY=
64,14,s78wprxFACwG3nDIHAITGgfMXNs=,4heVedYPmXbn/5X0eWY4Em+gQqY=
79,13,s78wprxFACwG3nDIHAITGgfMXNs=,4heVedYPmXbn/5X0eWY4Em+gQqY=
78,13,s78wprxFACwG3nDIHAITGgfMXNs=,4heVedYPmXbn/5X0eWY4Em+gQqY=
77,13,s78wprxFACwG3nDIHAITGgfMXNs=,4heVedYPmXbn/5X0eWY4Em+gQqY=
76,13,s78wprxFACwG3nDIHAITGgfMXNs=,4heVedYPmXbn/5X0eWY4Em+gQqY=
74,13,s78wprxFACwG3nDIHAITGgfMXNs=,4heVedYPmXbn/5X0eWY4Em+gQqY=
73,13,s78wprxFACwG3nDIHAITGgfMXNs=,4heVedYPmXbn/5X0eWY4Em+gQqY=
72,13,s78wprxFACwG3nDIHAITGgfMXNs=,4heVedYPmXbn/5X0eWY4Em+gQqY=
75,13,s78wprxFACwG3nDIHAITGgfMXNs=,4heVedYPmXbn/5X0eWY4Em+gQqY=
70,13,s78wprxFACwG3nDIHAITGgfMXNs=,4heVedYPmXbn/5X0eWY4Em+gQqY=
71,13,s78wprxFACwG3nDIHAITGgfMXNs=,4heVedYPmXbn/5X0eWY4Em+gQqY=
69,13,s78wprxFACwG3nDIHAITGgfMXNs=,4heVedYPmXbn/5X0eWY4Em+gQqY=
67,13,s78wprxFACwG3nDIHAITGgfMXNs=,4heVedYPmXbn/5X0eWY4Em+gQqY=
68,13,s78wprxFACwG3nDIHAITGgfMXNs=,4heVedYPmXbn/5X0eWY4Em+gQqY=
66,13,s78wprxFACwG3nDIHAITGgfMXNs=,4heVedYPmXbn/5X0eWY4Em+gQqY=
68,3,s78wprxFACwG3nDIHAITGgfMXNs=,4heVedYPmXbn/5X0eWY4Em+gQqY=
65,13,s78wprxFACwG3nDIHAITGgfMXNs=,4heVedYPmXbn/5X0eWY4Em+gQqY=
64,0,s78wprxFACwG3nDIHAITGgfMXNs=,4heVedYPmXbn/5X0eWY4Em+gQqY=
66,2,s78wprxFACwG3nDIHAITGgfMXNs=,4heVedYPmXbn/5X0eWY4Em+gQqY=
79,12,s78wprxFACwG3nDIHAITGgfMXNs=,4heVedYPmXbn/5X0eWY4Em+gQqY=
78,12,s78wprxFACwG3nDIHAITGgfMXNs=,4heVedYPmXbn/5X0eWY4Em+gQqY=
77,12,s78wprxFACwG3nDIHAITGgfMXNs=,4heVedYPmXbn/5X0eWY4Em+gQqY=
76,12,s78wprxFACwG3nDIHAITGgfMXNs=,4heVedYPmXbn/5X0eWY4Em+gQqY=
75,12,s78wprxFACwG3nDIHAITGgfMXNs=,4heVedYPmXbn/5X0eWY4Em+gQqY=
74,12,s78wprxFACwG3nDIHAITGgfMXNs=,4heVedYPmXbn/5X0eWY4Em+gQqY=
73,12,s78wprxFACwG3nDIHAITGgfMXNs=,4heVedYPmXbn/5X0eWY4Em+gQqY=
71,12,s78wprxFACwG3nDIHAITGgfMXNs=,4heVedYPmXbn/5X0eWY4Em+gQqY=
72,12,s78wprxFACwG3nDIHAITGgfMXNs=,4heVedYPmXbn/5X0eWY4Em+gQqY=
70,12,s78wprxFACwG3nDIHAITGgfMXNs=,4heVedYPmXbn/5X0eWY4Em+gQqY=
69,12,s78wprxFACwG3nDIHAITGgfMXNs=,4heVedYPmXbn/5X0eWY4Em+gQqY=
68,12,s78wprxFACwG3nDIHAITGgfMXNs=,4heVedYPmXbn/5X0eWY4Em+gQqY=
67,12,s78wprxFACwG3nDIHAITGgfMXNs=,4heVedYPmXbn/5X0eWY4Em+gQqY=
67,2,s78wprxFACwG3nDIHAITGgfMXNs=,4heVedYPmXbn/5X0eWY4Em+gQqY=
66,12,s78wprxFACwG3nDIHAITGgfMXNs=,4heVedYPmXbn/5X0eWY4Em+gQqY=
65,12,s78wprxFACwG3nDIHAITGgfMXNs=,4heVedYPmXbn/5X0eWY4Em+gQqY=
67,1,s78wprxFACwG3nDIHAITGgfMXNs=,4heVedYPmXbn/5X0eWY4Em+gQqY=
65,2,s78wprxFACwG3nDIHAITGgfMXNs=,4heVedYPmXbn/5X0eWY4Em+gQqY=
70,1,s78wprxFACwG3nDIHAITGgfMXNs=,4heVedYPmXbn/5X0eWY4Em+gQqY=
79,3,s78wprxFACwG3nDIHAITGgfMXNs=,4heVedYPmXbn/5X0eWY4Em+gQqY=
64,13,s78wprxFACwG3nDIHAITGgfMXNs=,4heVedYPmXbn/5X0eWY4Em+gQqY=
79,0,s78wprxFACwG3nDIHAITGgfMXNs=,4heVedYPmXbn/5X0eWY4Em+gQqY=
64,12,s78wprxFACwG3nDIHAITGgfMXNs=,4heVedYPmXbn/5X0eWY4Em+gQqY=
78,0,s78wprxFACwG3nDIHAITGgfMXNs=,4heVedYPmXbn/5X0eWY4Em+gQqY=
66,1,s78wprxFACwG3nDIHAITGgfMXNs=,4heVedYPmXbn/5X0eWY4Em+gQqY=
70,0,s78wprxFACwG3nDIHAITGgfMXNs=,4heVedYPmXbn/5X0eWY4Em+gQqY=
79,2,s78wprxFACwG3nDIHAITGgfMXNs=,4heVedYPmXbn/5X0eWY4Em+gQqY=
66,0,s78wprxFACwG3nDIHAITGgfMXNs=,4heVedYPmXbn/5X0eWY4Em+gQqY=
71,2,s78wprxFACwG3nDIHAITGgfMXNs=,4heVedYPmXbn/5X0eWY4Em+gQqY=
64,1,s78wprxFACwG3nDIHAITGgfMXNs=,4heVedYPmXbn/5X0eWY4Em+gQqY=
79,11,s78wprxFACwG3nDIHAITGgfMXNs=,4heVedYPmXbn/5X0eWY4Em+gQqY=
79,1,s78wprxFACwG3nDIHAITGgfMXNs=,4heVedYPmXbn/5X0eWY4Em+gQqY=
77,11,s78wprxFACwG3nDIHAITGgfMXNs=,4heVedYPmXbn/5X0eWY4Em+gQqY=
76,11,s78wprxFACwG3nDIHAITGgfMXNs=,4heVedYPmXbn/5X0eWY4Em+gQqY=
75,11,s78wprxFACwG3nDIHAITGgfMXNs=,4heVedYPmXbn/5X0eWY4Em+gQqY=
74,11,s78wprxFACwG3nDIHAITGgfMXNs=,4heVedYPmXbn/5X0eWY4Em+gQqY=
73,11,s78wprxFACwG3nDIHAITGgfMXNs=,4heVedYPmXbn/5X0eWY4Em+gQqY=
72,11,s78wprxFACwG3nDIHAITGgfMXNs=,4heVedYPmXbn/5X0eWY4Em+gQqY=
71,11,s78wprxFACwG3nDIHAITGgfMXNs=,4heVedYPmXbn/5X0eWY4Em+gQqY=
70,11,s78wprxFACwG3nDIHAITGgfMXNs=,4heVedYPmXbn/5X0eWY4Em+gQqY=
69,11,s78wprxFACwG3nDIHAITGgfMXNs=,4heVedYPmXbn/5X0eWY4Em+gQqY=
68,11,s78wprxFACwG3nDIHAITGgfMXNs=,4heVedYPmXbn/5X0eWY4Em+gQqY=
67,11,s78wprxFACwG3nDIHAITGgfMXNs=,4heVedYPmXbn/5X0eWY4Em+gQqY=
78,11,s78wprxFACwG3nDIHAITGgfMXNs=,4heVedYPmXbn/5X0eWY4Em+gQqY=
78,1,s78wprxFACwG3nDIHAITGgfMXNs=,4heVedYPmXbn/5X0eWY4Em+gQqY=
66,11,s78wprxFACwG3nDIHAITGgfMXNs=,4heVedYPmXbn/5X0eWY4Em+gQqY=
77,0,s78wprxFACwG3nDIHAITGgfMXNs=,4heVedYPmXbn/5X0eWY4Em+gQqY=
65,11,s78wprxFACwG3nDIHAITGgfMXNs=,4heVedYPmXbn/5X0eWY4Em+gQqY=
78,2,s78wprxFACwG3nDIHAITGgfMXNs=,4heVedYPmXbn/5X0eWY4Em+gQqY=
79,10,s78wprxFACwG3nDIHAITGgfMXNs=,4heVedYPmXbn/5X0eWY4Em+gQqY=
78,10,s78wprxFACwG3nDIHAITGgfMXNs=,4heVedYPmXbn/5X0eWY4Em+gQqY=
77,10,s78wprxFACwG3nDIHAITGgfMXNs=,4heVedYPmXbn/5X0eWY4Em+gQqY=
76,10,s78wprxFACwG3nDIHAITGgfMXNs=,4heVedYPmXbn/5X0eWY4Em+gQqY=
75,10,s78wprxFACwG3nDIHAITGgfMXNs=,4heVedYPmXbn/5X0eWY4Em+gQqY=
74,10,s78wprxFACwG3nDIHAITGgfMXNs=,4heVedYPmXbn/5X0eWY4Em+gQqY=
73,10,s78wprxFACwG3nDIHAITGgfMXNs=,4heVedYPmXbn/5X0eWY4Em+gQqY=
72,10,s78wprxFACwG3nDIHAITGgfMXNs=,4heVedYPmXbn/5X0eWY4Em+gQqY=
71,10,s78wprxFACwG3nDIHAITGgfMXNs=,4heVedYPmXbn/5X0eWY4Em+gQqY=
70,10,s78wprxFACwG3nDIHAITGgfMXNs=,4heVedYPmXbn/5X0eWY4Em+gQqY=
69,10,s78wprxFACwG3nDIHAITGgfMXNs=,4heVedYPmXbn/5X0eWY4Em+gQqY=
68,10,s78wprxFACwG3nDIHAITGgfMXNs=,4heVedYPmXbn/5X0eWY4Em+gQqY=
67,10,s78wprxFACwG3nDIHAITGgfMXNs=,4heVedYPmXbn/5X0eWY4Em+gQqY=
66,10,s78wprxFACwG3nDIHAITGgfMXNs=,4heVedYPmXbn/5X0eWY4Em+gQqY=
64,11,s78wprxFACwG3nDIHAITGgfMXNs=,4heVedYPmXbn/5X0eWY4Em+gQqY=
64,3,s78wprxFACwG3nDIHAITGgfMXNs=,4heVedYPmXbn/5X0eWY4Em+gQqY=
77,2,s78wprxFACwG3nDIHAITGgfMXNs=,4heVedYPmXbn/5X0eWY4Em+gQqY=
65,10,s78wprxFACwG3nDIHAITGgfMXNs=,4heVedYPmXbn/5X0eWY4Em+gQqY=
65,1,s78wprxFACwG3nDIHAITGgfMXNs=,4heVedYPmXbn/5X0eWY4Em+gQqY=
76,0,s78wprxFACwG3nDIHAITGgfMXNs=,4heVedYPmXbn/5X0eWY4Em+gQqY=
77,1,s78wprxFACwG3nDIHAITGgfMXNs=,4heVedYPmXbn/5X0eWY4Em+gQqY=
79,9,s78wprxFACwG3nDIHAITGgfMXNs=,4heVedYPmXbn/5X0eWY4Em+gQqY=
76,9,s78wprxFACwG3nDIHAITGgfMXNs=,4heVedYPmXbn/5X0eWY4Em+gQqY=
75,9,s78wprxFACwG3nDIHAITGgfMXNs=,4heVedYPmXbn/5X0eWY4Em+gQqY=
74,9,s78wprxFACwG3nDIHAITGgfMXNs=,4heVedYPmXbn/5X0eWY4Em+gQqY=
77,9,s78wprxFACwG3nDIHAITGgfMXNs=,4heVedYPmXbn/5X0eWY4Em+gQqY=
78,9,s78wprxFACwG3nDIHAITGgfMXNs=,4heVedYPmXbn/5X0eWY4Em+gQqY=
72,9,s78wprxFACwG3nDIHAITGgfMXNs=,4heVedYPmXbn/5X0eWY4Em+gQqY=
70,9,s78wprxFACwG3nDIHAITGgfMXNs=,4heVedYPmXbn/5X0eWY4Em+gQqY=
69,9,s78wprxFACwG3nDIHAITGgfMXNs=,4heVedYPmXbn/5X0eWY4Em+gQqY=
71,9,s78wprxFACwG3nDIHAITGgfMXNs=,4heVedYPmXbn/5X0eWY4Em+gQqY=
68,9,s78wprxFACwG3nDIHAITGgfMXNs=,4heVedYPmXbn/5X0eWY4Em+gQqY=
64,2,s78wprxFACwG3nDIHAITGgfMXNs=,4heVedYPmXbn/5X0eWY4Em+gQqY=
66,9,s78wprxFACwG3nDIHAITGgfMXNs=,4heVedYPmXbn/5X0eWY4Em+gQqY=
64,10,s78wprxFACwG3nDIHAITGgfMXNs=,4heVedYPmXbn/5X0eWY4Em+gQqY=
67,9,s78wprxFACwG3nDIHAITGgfMXNs=,4heVedYPmXbn/5X0eWY4Em+gQqY=
75,0,s78wprxFACwG3nDIHAITGgfMXNs=,4heVedYPmXbn/5X0eWY4Em+gQqY=
76,2,s78wprxFACwG3nDIHAITGgfMXNs=,4heVedYPmXbn/5X0eWY4Em+gQqY=
73,9,s78wprxFACwG3nDIHAITGgfMXNs=,4heVedYPmXbn/5X0eWY4Em+gQqY=
79,8,s78wprxFACwG3nDIHAITGgfMXNs=,4heVedYPmXbn/5X0eWY4Em+gQqY=
64,4,s78wprxFACwG3nDIHAITGgfMXNs=,4heVedYPmXbn/5X0eWY4Em+gQqY=
76,1,s78wprxFACwG3nDIHAITGgfMXNs=,4heVedYPmXbn/5X0eWY4Em+gQqY=
78,8,s78wprxFACwG3nDIHAITGgfMXNs=,4heVedYPmXbn/5X0eWY4Em+gQqY=
77,8,s78wprxFACwG3nDIHAITGgfMXNs=,4heVedYPmXbn/5X0eWY4Em+gQqY=
65,9,s78wprxFACwG3nDIHAITGgfMXNs=,4heVedYPmXbn/5X0eWY4Em+gQqY=
76,8,s78wprxFACwG3nDIHAITGgfMXNs=,4heVedYPmXbn/5X0eWY4Em+gQqY=
75,8,s78wprxFACwG3nDIHAITGgfMXNs=,4heVedYPmXbn/5X0eWY4Em+gQqY=
74,8,s78wprxFACwG3nDIHAITGgfMXNs=,4heVedYPmXbn/5X0eWY4Em+gQqY=
75,1,s78wprxFACwG3nDIHAITGgfMXNs=,4heVedYPmXbn/5X0eWY4Em+gQqY=
72,8,s78wprxFACwG3nDIHAITGgfMXNs=,4heVedYPmXbn/5X0eWY4Em+gQqY=
64,9,s78wprxFACwG3nDIHAITGgfMXNs=,4heVedYPmXbn/5X0eWY4Em+gQqY=
73,8,s78wprxFACwG3nDIHAITGgfMXNs=,4heVedYPmXbn/5X0eWY4Em+gQqY=
69,8,s78wprxFACwG3nDIHAITGgfMXNs=,4heVedYPmXbn/5X0eWY4Em+gQqY=
68,8,s78wprxFACwG3nDIHAITGgfMXNs=,4heVedYPmXbn/5X0eWY4Em+gQqY=
71,8,s78wprxFACwG3nDIHAITGgfMXNs=,4heVedYPmXbn/5X0eWY4Em+gQqY=
66,8,s78wprxFACwG3nDIHAITGgfMXNs=,4heVedYPmXbn/5X0eWY4Em+gQqY=
74,0,s78wprxFACwG3nDIHAITGgfMXNs=,4heVedYPmXbn/5X0eWY4Em+gQqY=
79,7,s78wprxFACwG3nDIHAITGgfMXNs=,4heVedYPmXbn/5X0eWY4Em+gQqY=
70,8,s78wprxFACwG3nDIHAITGgfMXNs=,4heVedYPmXbn/5X0eWY4Em+gQqY=
78,7,s78wprxFACwG3nDIHAITGgfMXNs=,4heVedYPmXbn/5X0eWY4Em+gQqY=
75,2,s78wprxFACwG3nDIHAITGgfMXNs=,4heVedYPmXbn/5X0eWY4Em+gQqY=
77,7,s78wprxFACwG3nDIHAITGgfMXNs=,4heVedYPmXbn/5X0eWY4Em+gQqY=
65,8,s78wprxFACwG3nDIHAITGgfMXNs=,4heVedYPmXbn/5X0eWY4Em+gQqY=
65,4,s78wprxFACwG3nDIHAITGgfMXNs=,4heVedYPmXbn/5X0eWY4Em+gQqY=
64,8,s78wprxFACwG3nDIHAITGgfMXNs=,4heVedYPmXbn/5X0eWY4Em+gQqY=
76,7,s78wprxFACwG3nDIHAITGgfMXNs=,4heVedYPmXbn/5X0eWY4Em+gQqY=
75,7,s78wprxFACwG3nDIHAITGgfMXNs=,4heVedYPmXbn/5X0eWY4Em+gQqY=
74,7,s78wprxFACwG3nDIHAITGgfMXNs=,4heVedYPmXbn/5X0eWY4Em+gQqY=
74,1,s78wprxFACwG3nDIHAITGgfMXNs=,4heVedYPmXbn/5X0eWY4Em+gQqY=
69,7,s78wprxFACwG3nDIHAITGgfMXNs=,4heVedYPmXbn/5X0eWY4Em+gQqY=
68,7,s78wprxFACwG3nDIHAITGgfMXNs=,4heVedYPmXbn/5X0eWY4Em+gQqY=
67,7,s78wprxFACwG3nDIHAITGgfMXNs=,4heVedYPmXbn/5X0eWY4Em+gQqY=
67,8,s78wprxFACwG3nDIHAITGgfMXNs=,4heVedYPmXbn/5X0eWY4Em+gQqY=
73,7,s78wprxFACwG3nDIHAITGgfMXNs=,4heVedYPmXbn/5X0eWY4Em+gQqY=
72,7,s78wprxFACwG3nDIHAITGgfMXNs=,4heVedYPmXbn/5X0eWY4Em+gQqY=
70,7,s78wprxFACwG3nDIHAITGgfMXNs=,4heVedYPmXbn/5X0eWY4Em+gQqY=
73,0,s78wprxFACwG3nDIHAITGgfMXNs=,4heVedYPmXbn/5X0eWY4Em+gQqY=
74,2,s78wprxFACwG3nDIHAITGgfMXNs=,4heVedYPmXbn/5X0eWY4Em+gQqY=
66,7,s78wprxFACwG3nDIHAITGgfMXNs=,4heVedYPmXbn/5X0eWY4Em+gQqY=
79,6,s78wprxFACwG3nDIHAITGgfMXNs=,4heVedYPmXbn/5X0eWY4Em+gQqY=
78,6,s78wprxFACwG3nDIHAITGgfMXNs=,4heVedYPmXbn/5X0eWY4Em+gQqY=
71,7,s78wprxFACwG3nDIHAITGgfMXNs=,4heVedYPmXbn/5X0eWY4Em+gQqY=
77,6,s78wprxFACwG3nDIHAITGgfMXNs=,4heVedYPmXbn/5X0eWY4Em+gQqY=
76,6,s78wprxFACwG3nDIHAITGgfMXNs=,4heVedYPmXbn/5X0eWY4Em+gQqY=
66,4,s78wprxFACwG3nDIHAITGgfMXNs=,4heVedYPmXbn/5X0eWY4Em+gQqY=
73,6,s78wprxFACwG3nDIHAITGgfMXNs=,4heVedYPmXbn/5X0eWY4Em+gQqY=
75,6,s78wprxFACwG3nDIHAITGgfMXNs=,4heVedYPmXbn/5X0eWY4Em+gQqY=
74,6,s78wprxFACwG3nDIHAITGgfMXNs=,4heVedYPmXbn/5X0eWY4Em+gQqY=
64,7,s78wprxFACwG3nDIHAITGgfMXNs=,4heVedYPmXbn/5X0eWY4Em+gQqY=
72,6,s78wprxFACwG3nDIHAITGgfMXNs=,4heVedYPmXbn/5X0eWY4Em+gQqY=
73,1,s78wprxFACwG3nDIHAITGgfMXNs=,4heVedYPmXbn/5X0eWY4Em+gQqY=
70,6,s78wprxFACwG3nDIHAITGgfMXNs=,4heVedYPmXbn/5X0eWY4Em+gQqY=
66,6,s78wprxFACwG3nDIHAITGgfMXNs=,4heVedYPmXbn/5X0eWY4Em+gQqY=
68,6,s78wprxFACwG3nDIHAITGgfMXNs=,4heVedYPmXbn/5X0eWY4Em+gQqY=
67,4,s78wprxFACwG3nDIHAITGgfMXNs=,4heVedYPmXbn/5X0eWY4Em+gQqY=
67,6,s78wprxFACwG3nDIHAITGgfMXNs=,4heVedYPmXbn/5X0eWY4Em+gQqY=
65,7,s78wprxFACwG3nDIHAITGgfMXNs=,4heVedYPmXbn/5X0eWY4Em+gQqY=
69,6,s78wprxFACwG3nDIHAITGgfMXNs=,4heVedYPmXbn/5X0eWY4Em+gQqY=
79,5,s78wprxFACwG3nDIHAITGgfMXNs=,4heVedYPmXbn/5X0eWY4Em+gQqY=
73,2,s78wprxFACwG3nDIHAITGgfMXNs=,4heVedYPmXbn/5X0eWY4Em+gQqY=
72,0,s78wprxFACwG3nDIHAITGgfMXNs=,4heVedYPmXbn/5X0eWY4Em+gQqY=
71,6,s78wprxFACwG3nDIHAITGgfMXNs=,4heVedYPmXbn/5X0eWY4Em+gQqY=
78,5,s78wprxFACwG3nDIHAITGgfMXNs=,4heVedYPmXbn/5X0eWY4Em+gQqY=
77,5,s78wprxFACwG3nDIHAITGgfMXNs=,4heVedYPmXbn/5X0eWY4Em+gQqY=
65,6,s78wprxFACwG3nDIHAITGgfMXNs=,4heVedYPmXbn/5X0eWY4Em+gQqY=
75,5,s78wprxFACwG3nDIHAITGgfMXNs=,4heVedYPmXbn/5X0eWY4Em+gQqY=
76,5,s78wprxFACwG3nDIHAITGgfMXNs=,4heVedYPmXbn/5X0eWY4Em+gQqY=
73,5,s78wprxFACwG3nDIHAITGgfMXNs=,4heVedYPmXbn/5X0eWY4Em+gQqY=
74,5,s78wprxFACwG3nDIHAITGgfMXNs=,4heVedYPmXbn/5X0eWY4Em+gQqY=
68,4,s78wprxFACwG3nDIHAITGgfMXNs=,4heVedYPmXbn/5X0eWY4Em+gQqY=
72,1,s78wprxFACwG3nDIHAITGgfMXNs=,4heVedYPmXbn/5X0eWY4Em+gQqY=
72,5,s78wprxFACwG3nDIHAITGgfMXNs=,4heVedYPmXbn/5X0eWY4Em+gQqY=
64,6,s78wprxFACwG3nDIHAITGgfMXNs=,4heVedYPmXbn/5X0eWY4Em+gQqY=
69,4,s78wprxFACwG3nDIHAITGgfMXNs=,4heVedYPmXbn/5X0eWY4Em+gQqY=
70,4,s78wprxFACwG3nDIHAITGgfMXNs=,4heVedYPmXbn/5X0eWY4Em+gQqY=
70,5,s78wprxFACwG3nDIHAITGgfMXNs=,4heVedYPmXbn/5X0eWY4Em+gQqY=
69,5,s78wprxFACwG3nDIHAITGgfMXNs=,4heVedYPmXbn/5X0eWY4Em+gQqY=
68,5,s78wprxFACwG3nDIHAITGgfMXNs=,4heVedYPmXbn/5X0eWY4Em+gQqY=
72,2,s78wprxFACwG3nDIHAITGgfMXNs=,4heVedYPmXbn/5X0eWY4Em+gQqY=
67,5,s78wprxFACwG3nDIHAITGgfMXNs=,4heVedYPmXbn/5X0eWY4Em+gQqY=
79,4,s78wprxFACwG3nDIHAITGgfMXNs=,4heVedYPmXbn/5X0eWY4Em+gQqY=
65,5,s78wprxFACwG3nDIHAITGgfMXNs=,4heVedYPmXbn/5X0eWY4Em+gQqY=
78,4,s78wprxFACwG3nDIHAITGgfMXNs=,4heVedYPmXbn/5X0eWY4Em+gQqY=
71,5,s78wprxFACwG3nDIHAITGgfMXNs=,4heVedYPmXbn/5X0eWY4Em+gQqY=
77,4,s78wprxFACwG3nDIHAITGgfMXNs=,4heVedYPmXbn/5X0eWY4Em+gQqY=
76,4,s78wprxFACwG3nDIHAITGgfMXNs=,4heVedYPmXbn/5X0eWY4Em+gQqY=
71,4,s78wprxFACwG3nDIHAITGgfMXNs=,4heVedYPmXbn/5X0eWY4Em+gQqY=
75,4,s78wprxFACwG3nDIHAITGgfMXNs=,4heVedYPmXbn/5X0eWY4Em+gQqY=
72,4,s78wprxFACwG3nDIHAITGgfMXNs=,4heVedYPmXbn/5X0eWY4Em+gQqY=
74,4,s78wprxFACwG3nDIHAITGgfMXNs=,4heVedYPmXbn/5X0eWY4Em+gQqY=
66,5,s78wprxFACwG3nDIHAITGgfMXNs=,4heVedYPmXbn/5X0eWY4Em+gQqY=
73,4,s78wprxFACwG3nDIHAITGgfMXNs=,4heVedYPmXbn/5X0eWY4Em+gQqY=
64,5,s78wprxFACwG3nDIHAITGgfMXNs=,4heVedYPmXbn/5X0eWY4Em+gQqY=
71,0,s78wprxFACwG3nDIHAITGgfMXNs=,4heVedYPmXbn/5X0eWY4Em+gQqY=
71,1,s78wprxFACwG3nDIHAITGgfMXNs=,4heVedYPmXbn/5X0eWY4Em+gQqY=
71,19,pVfa7v5rkKB7t9R710bTYRP8iLs=,j5zwkUP1RHs51HgxzEabthRDMSY=
70,19,mmoMXoK3C452J/tGxj2KVwXuHSc=,j5zwkUP1RHs51HgxzEabthRDMSY=
69,19,mmoMXoK3C452J/tGxj2KVwXuHSc=,j5zwkUP1RHs51HgxzEabthRDMSY=
68,19,mmoMXoK3C452J/tGxj2KVwXuHSc=,j5zwkUP1RHs51HgxzEabthRDMSY=
69,18,mmoMXoK3C452J/tGxj2KVwXuHSc=,j5zwkUP1RHs51HgxzEabthRDMSY=
68,18,mmoMXoK3C452J/tGxj2KVwXuHSc=,j5zwkUP1RHs51HgxzEabthRDMSY=
69,17,mmoMXoK3C452J/tGxj2KVwXuHSc=,j5zwkUP1RHs51HgxzEabthRDMSY=
68,17,mmoMXoK3C452J/tGxj2KVwXuHSc=,j5zwkUP1RHs51HgxzEabthRDMSY=
79,31,mmoMXoK3C452J/tGxj2KVwXuHSc=,j5zwkUP1RHs51HgxzEabthRDMSY=
67,18,mmoMXoK3C452J/tGxj2KVwXuHSc=,j5zwkUP1RHs51HgxzEabthRDMSY=
78,31,mmoMXoK3C452J/tGxj2KVwXuHSc=,j5zwkUP1RHs51HgxzEabthRDMSY=
77,31,mmoMXoK3C452J/tGxj2KVwXuHSc=,j5zwkUP1RHs51HgxzEabthRDMSY=
76,31,mmoMXoK3C452J/tGxj2KVwXuHSc=,j5zwkUP1RHs51HgxzEabthRDMSY=
75,31,mmoMXoK3C452J/tGxj2KVwXuHSc=,j5zwkUP1RHs51HgxzEabthRDMSY=
66,18,mmoMXoK3C452J/tGxj2KVwXuHSc=,j5zwkUP1RHs51HgxzEabthRDMSY=
74,31,mmoMXoK3C452J/tGxj2KVwXuHSc=,j5zwkUP1RHs51HgxzEabthRDMSY=
73,31,mmoMXoK3C452J/tGxj2KVwXuHSc=,j5zwkUP1RHs51HgxzEabthRDMSY=
72,31,mmoMXoK3C452J/tGxj2KVwXuHSc=,j5zwkUP1RHs51HgxzEabthRDMSY=
67,19,mmoMXoK3C452J/tGxj2KVwXuHSc=,j5zwkUP1RHs51HgxzEabthRDMSY=
65,18,mmoMXoK3C452J/tGxj2KVwXuHSc=,j5zwkUP1RHs51HgxzEabthRDMSY=
71,31,mmoMXoK3C452J/tGxj2KVwXuHSc=,j5zwkUP1RHs51HgxzEabthRDMSY=
70,31,mmoMXoK3C452J/tGxj2KVwXuHSc=,j5zwkUP1RHs51HgxzEabthRDMSY=
79,17,mmoMXoK3C452J/tGxj2KVwXuHSc=,j5zwkUP1RHs51HgxzEabthRDMSY=
69,31,mmoMXoK3C452J/tGxj2KVwXuHSc=,j5zwkUP1RHs51HgxzEabthRDMSY=
67,31,mmoMXoK3C452J/tGxj2KVwXuHSc=,j5zwkUP1RHs51HgxzEabthRDMSY=
68,31,mmoMXoK3C452J/tGxj2KVwXuHSc=,j5zwkUP1RHs51HgxzEabthRDMSY=
66,31,mmoMXoK3C452J/tGxj2KVwXuHSc=,j5zwkUP1RHs51HgxzEabthRDMSY=
78,17,mmoMXoK3C452J/tGxj2KVwXuHSc=,j5zwkUP1RHs51HgxzEabthRDMSY=
65,31,mmoMXoK3C452J/tGxj2KVwXuHSc=,j5zwkUP1RHs51HgxzEabthRDMSY=
79,30,mmoMXoK3C452J/tGxj2KVwXuHSc=,j5zwkUP1RHs51HgxzEabthRDMSY=
78,30,mmoMXoK3C452J/tGxj2KVwXuHSc=,j5zwkUP1RHs51HgxzEabthRDMSY=
76,30,mmoMXoK3C452J/tGxj2KVwXuHSc=,j5zwkUP1RHs51HgxzEabthRDMSY=
67,17,mmoMXoK3C452J/tGxj2KVwXuHSc=,j5zwkUP1RHs51HgxzEabthRDMSY=
77,30,mmoMXoK3C452J/tGxj2KVwXuHSc=,j5zwkUP1RHs51HgxzEabthRDMSY=
66,19,mmoMXoK3C452J/tGxj2KVwXuHSc=,j5zwkUP1RHs51HgxzEabthRDMSY=
75,30,mmoMXoK3C452J/tGxj2KVwXuHSc=,j5zwkUP1RHs51HgxzEabthRDMSY=
74,30,mmoMXoK3C452J/tGxj2KVwXuHSc=,j5zwkUP1RHs51HgxzEabthRDMSY=
72,30,mmoMXoK3C452J/tGxj2KVwXuHSc=,j5zwkUP1RHs51HgxzEabthRDMSY=
73,30,mmoMXoK3C452J/tGxj2KVwXuHSc=,j5zwkUP1RHs51HgxzEabthRDMSY=
71,30,mmoMXoK3C452J/tGxj2KVwXuHSc=,j5zwkUP1RHs51HgxzEabthRDMSY=
69,30,mmoMXoK3C452J/tGxj2KVwXuHSc=,j5zwkUP1RHs51HgxzEabthRDMSY=
70,30,mmoMXoK3C452J/tGxj2KVwXuHSc=,j5zwkUP1RHs51HgxzEabthRDMSY=
77,17,mmoMXoK3C452J/tGxj2KVwXuHSc=,j5zwkUP1RHs51HgxzEabthRDMSY=
68,30,mmoMXoK3C452J/tGxj2KVwXuHSc=,j5zwkUP1RHs51HgxzEabthRDMSY=
66,30,mmoMXoK3C452J/tGxj2KVwXuHSc=,j5zwkUP1RHs51HgxzEabthRDMSY=
65,30,mmoMXoK3C452J/tGxj2KVwXuHSc=,j5zwkUP1RHs51HgxzEabthRDMSY=
67,30,mmoMXoK3C452J/tGxj2KVwXuHSc=,j5zwkUP1RHs51HgxzEabthRDMSY=
79,29,mmoMXoK3C452J/tGxj2KVwXuHSc=,j5zwkUP1RHs51HgxzEabthRDMSY=
78,29,mmoMXoK3C452J/tGxj2KVwXuHSc=,j5zwkUP1RHs51HgxzEabthRDMSY=
75,29,mmoMXoK3C452J/tGxj2KVwXuHSc=,j5zwkUP1RHs51HgxzEabthRDMSY=
77,29,mmoMXoK3C452J/tGxj2KVwXuHSc=,j5zwkUP1RHs51HgxzEabthRDMSY=
76,29,mmoMXoK3C452J/tGxj2KVwXuHSc=,j5zwkUP1RHs51HgxzEabthRDMSY=
74,29,mmoMXoK3C452J/tGxj2KVwXuHSc=,j5zwkUP1RHs51HgxzEabthRDMSY=
73,29,mmoMXoK3C452J/tGxj2KVwXuHSc=,j5zwkUP1RHs51HgxzEabthRDMSY=
66,17,mmoMXoK3C452J/tGxj2KVwXuHSc=,j5zwkUP1RHs51HgxzEabthRDMSY=
65,19,mmoMXoK3C452J/tGxj2KVwXuHSc=,j5zwkUP1RHs51HgxzEabthRDMSY=
72,29,mmoMXoK3C452J/tGxj2KVwXuHSc=,j5zwkUP1RHs51HgxzEabthRDMSY=
70,29,mmoMXoK3C452J/tGxj2KVwXuHSc=,j5zwkUP1RHs51HgxzEabthRDMSY=
71,29,mmoMXoK3C452J/tGxj2KVwXuHSc=,j5zwkUP1RHs51HgxzEabthRDMSY=
69,29,mmoMXoK3C452J/tGxj2KVwXuHSc=,j5zwkUP1RHs51HgxzEabthRDMSY=
68,29,mmoMXoK3C452J/tGxj2KVwXuHSc=,j5zwkUP1RHs51HgxzEabthRDMSY=
66,29,mmoMXoK3C452J/tGxj2KVwXuHSc=,j5zwkUP1RHs51HgxzEabthRDMSY=
67,29,mmoMXoK3C452J/tGxj2KVwXuHSc=,j5zwkUP1RHs51HgxzEabthRDMSY=
79,28,mmoMXoK3C452J/tGxj2KVwXuHSc=,j5zwkUP1RHs51HgxzEabthRDMSY=
65,29,mmoMXoK3C452J/tGxj2KVwXuHSc=,j5zwkUP1RHs51HgxzEabthRDMSY=
78,28,mmoMXoK3C452J/tGxj2KVwXuHSc=,j5zwkUP1RHs51HgxzEabthRDMSY=
77,28,mmoMXoK3C452J/tGxj2KVwXuHSc=,j5zwkUP1RHs51HgxzEabthRDMSY=
76,28,mmoMXoK3C452J/tGxj2KVwXuHSc=,j5zwkUP1RHs51HgxzEabthRDMSY=
75,28,mmoMXoK3C452J/tGxj2KVwXuHSc=,j5zwkUP1RHs51HgxzEabthRDMSY=
74,28,mmoMXoK3C452J/tGxj2KVwXuHSc=,j5zwkUP1RHs51HgxzEabthRDMSY=
65,17,mmoMXoK3C452J/tGxj2KVwXuHSc=,j5zwkUP1RHs51HgxzEabthRDMSY=
73,28,mmoMXoK3C452J/tGxj2KVwXuHSc=,j5zwkUP1RHs51HgxzEabthRDMSY=
72,28,mmoMXoK3C452J/tGxj2KVwXuHSc=,j5zwkUP1RHs51HgxzEabthRDMSY=
71,28,mmoMXoK3C452J/tGxj2KVwXuHSc=,j5zwkUP1RHs51HgxzEabthRDMSY=
70,28,mmoMXoK3C452J/tGxj2KVwXuHSc=,j5zwkUP1RHs51HgxzEabthRDMSY=
69,28,mmoMXoK3C452J/tGxj2KVwXuHSc=,j5zwkUP1RHs51HgxzEabthRDMSY=
68,28,mmoMXoK3C452J/tGxj2KVwXuHSc=,j5zwkUP1RHs51HgxzEabthRDMSY=
67,28,mmoMXoK3C452J/tGxj2KVwXuHSc=,j5zwkUP1RHs51HgxzEabthRDMSY=
66,28,mmoMXoK3C452J/tGxj2KVwXuHSc=,j5zwkUP1RHs51HgxzEabthRDMSY=
79,27,mmoMXoK3C452J/tGxj2KVwXuHSc=,j5zwkUP1RHs51HgxzEabthRDMSY=
65,28,mmoMXoK3C452J/tGxj2KVwXuHSc=,j5zwkUP1RHs51HgxzEabthRDMSY=
78,27,mmoMXoK3C452J/tGxj2KVwXuHSc=,j5zwkUP1RHs51HgxzEabthRDMSY=
77,27,mmoMXoK3C452J/tGxj2KVwXuHSc=,j5zwkUP1RHs51HgxzEabthRDMSY=
76,27,mmoMXoK3C452J/tGxj2KVwXuHSc=,j5zwkUP1RHs51HgxzEabthRDMSY=
75,27,mmoMXoK3C452J/tGxj2KVwXuHSc=,j5zwkUP1RHs51HgxzEabthRDMSY=
74,27,mmoMXoK3C452J/tGxj2KVwXuHSc=,j5zwkUP1RHs51HgxzEabthRDMSY=
73,27,mmoMXoK3C452J/tGxj2KVwXuHSc=,j5zwkUP1RHs51HgxzEabthRDMSY=
72,27,mmoMXoK3C452J/tGxj2KVwXuHSc=,j5zwkUP1RHs51HgxzEabthRDMSY=
71,27,mmoMXoK3C452J/tGxj2KVwXuHSc=,j5zwkUP1RHs51HgxzEabthRDMSY=
70,27,mmoMXoK3C452J/tGxj2KVwXuHSc=,j5zwkUP1RHs51HgxzEabthRDMSY=
69,27,mmoMXoK3C452J/tGxj2KVwXuHSc=,j5zwkUP1RHs51HgxzEabthRDMSY=
79,18,mmoMXoK3C452J/tGxj2KVwXuHSc=,j5zwkUP1RHs51HgxzEabthRDMSY=
68,27,mmoMXoK3C452J/tGxj2KVwXuHSc=,j5zwkUP1RHs51HgxzEabthRDMSY=
67,27,mmoMXoK3C452J/tGxj2KVwXuHSc=,j5zwkUP1RHs51HgxzEabthRDMSY=
66,27,mmoMXoK3C452J/tGxj2KVwXuHSc=,j5zwkUP1RHs51HgxzEabthRDMSY=
65,27,mmoMXoK3C452J/tGxj2KVwXuHSc=,j5zwkUP1RHs51HgxzEabthRDMSY=
79,26,mmoMXoK3C452J/tGxj2KVwXuHSc=,j5zwkUP1RHs51HgxzEabthRDMSY=
78,26,mmoMXoK3C452J/tGxj2KVwXuHSc=,j5zwkUP1RHs51HgxzEabthRDMSY=
77,26,mmoMXoK3C452J/tGxj2KVwXuHSc=,j5zwkUP1RHs51HgxzEabthRDMSY=
78,18,mmoMXoK3C452J/tGxj2KVwXuHSc=,j5zwkUP1RHs51HgxzEabthRDMSY=
76,26,mmoMXoK3C452J/tGxj2KVwXuHSc=,j5zwkUP1RHs51HgxzEabthRDMSY=
75,26,mmoMXoK3C452J/tGxj2KVwXuHSc=,j5zwkUP1RHs51HgxzEabthRDMSY=
73,26,mmoMXoK3C452J/tGxj2KVwXuHSc=,j5zwkUP1RHs51HgxzEabthRDMSY=
74,26,mmoMXoK3C452J/tGxj2KVwXuHSc=,j5zwkUP1RHs51HgxzEabthRDMSY=
72,26,mmoMXoK3C452J/tGxj2KVwXuHSc=,j5zwkUP1RHs51HgxzEabthRDMSY=
71,26,mmoMXoK3C452J/tGxj2KVwXuHSc=,j5zwkUP1RHs51HgxzEabthRDMSY=
77,18,mmoMXoK3C452J/tGxj2KVwXuHSc=,j5zwkUP1RHs51HgxzEabthRDMSY=
70,26,mmoMXoK3C452J/tGxj2KVwXuHSc=,j5zwkUP1RHs51HgxzEabthRDMSY=
69,26,mmoMXoK3C452J/tGxj2KVwXuHSc=,j5zwkUP1RHs51HgxzEabthRDMSY=
68,26,mmoMXoK3C452J/tGxj2KVwXuHSc=,j5zwkUP1RHs51HgxzEabthRDMSY=
67,26,mmoMXoK3C452J/tGxj2KVwXuHSc=,j5zwkUP1RHs51HgxzEabthRDMSY=
66,26,mmoMXoK3C452J/tGxj2KVwXuHSc=,j5zwkUP1RHs51HgxzEabthRDMSY=
65,26,mmoMXoK3C452J/tGxj2KVwXuHSc=,j5zwkUP1RHs51HgxzEabthRDMSY=
76,17,mmoMXoK3C452J/tGxj2KVwXuHSc=,j5zwkUP1RHs51HgxzEabthRDMSY=
79,25,mmoMXoK3C452J/tGxj2KVwXuHSc=,j5zwkUP1RHs51HgxzEabthRDMSY=
78,25,mmoMXoK3C452J/tGxj2KVwXuHSc=,j5zwkUP1RHs51HgxzEabthRDMSY=
77,25,mmoMXoK3C452J/tGxj2KVwXuHSc=,j5zwkUP1RHs51HgxzEabthRDMSY=
76,25,mmoMXoK3C452J/tGxj2KVwXuHSc=,j5zwkUP1RHs51HgxzEabthRDMSY=
75,25,mmoMXoK3C452J/tGxj2KVwXuHSc=,j5zwkUP1RHs51HgxzEabthRDMSY=
74,25,mmoMXoK3C452J/tGxj2KVwXuHSc=,j5zwkUP1RHs51HgxzEabthRDMSY=
73,25,mmoMXoK3C452J/tGxj2KVwXuHSc=,j5zwkUP1RHs51HgxzEabthRDMSY=
72,25,mmoMXoK3C452J/tGxj2KVwXuHSc=,j5zwkUP1RHs51HgxzEabthRDMSY=
76,18,mmoMXoK3C452J/tGxj2KVwXuHSc=,j5zwkUP1RHs51HgxzEabthRDMSY=
71,25,mmoMXoK3C452J/tGxj2KVwXuHSc=,j5zwkUP1RHs51HgxzEabthRDMSY=
70,25,mmoMXoK3C452J/tGxj2KVwXuHSc=,j5zwkUP1RHs51HgxzEabthRDMSY=
69,25,mmoMXoK3C452J/tGxj2KVwXuHSc=,j5zwkUP1RHs51HgxzEabthRDMSY=
68,25,mmoMXoK3C452J/tGxj2KVwXuHSc=,j5zwkUP1RHs51HgxzEabthRDMSY=
67,25,mmoMXoK3C452J/tGxj2KVwXuHSc=,j5zwkUP1RHs51HgxzEabthRDMSY=
66,25,mmoMXoK3C452J/tGxj2KVwXuHSc=,j5zwkUP1RHs51HgxzEabthRDMSY=
65,25,mmoMXoK3C452J/tGxj2KVwXuHSc=,j5zwkUP1RHs51HgxzEabthRDMSY=
75,17,mmoMXoK3C452J/tGxj2KVwXuHSc=,j5zwkUP1RHs51HgxzEabthRDMSY=
79,24,mmoMXoK3C452J/tGxj2KVwXuHSc=,j5zwkUP1RHs51HgxzEabthRDMSY=
78,24,mmoMXoK3C452J/tGxj2KVwXuHSc=,j5zwkUP1RHs51HgxzEabthRDMSY=
77,24,mmoMXoK3C452J/tGxj2KVwXuHSc=,j5zwkUP1RHs51HgxzEabthRDMSY=
76,24,mmoMXoK3C452J/tGxj2KVwXuHSc=,j5zwkUP1RHs51HgxzEabthRDMSY=
75,24,mmoMXoK3C452J/tGxj2KVwXuHSc=,j5zwkUP1RHs51HgxzEabthRDMSY=
74,24,mmoMXoK3C452J/tGxj2KVwXuHSc=,j5zwkUP1RHs51HgxzEabthRDMSY=
73,24,mmoMXoK3C452J/tGxj2KVwXuHSc=,j5zwkUP1RHs51HgxzEabthRDMSY=
75,18,mmoMXoK3C452J/tGxj2KVwXuHSc=,j5zwkUP1RHs51HgxzEabthRDMSY=
72,24,mmoMXoK3C452J/tGxj2KVwXuHSc=,j5zwkUP1RHs51HgxzEabthRDMSY=
71,24,mmoMXoK3C452J/tGxj2KVwXuHSc=,j5zwkUP1RHs51HgxzEabthRDMSY=
70,24,mmoMXoK3C452J/tGxj2KVwXuHSc=,j5zwkUP1RHs51HgxzEabthRDMSY=
69,24,mmoMXoK3C452J/tGxj2KVwXuHSc=,j5zwkUP1RHs51HgxzEabthRDMSY=
68,24,mmoMXoK3C452J/tGxj2KVwXuHSc=,j5zwkUP1RHs51HgxzEabthRDMSY=
66,24,mmoMXoK3C452J/tGxj2KVwXuHSc=,j5zwkUP1RHs51HgxzEabthRDMSY=
67,24,mmoMXoK3C452J/tGxj2KVwXuHSc=,j5zwkUP1RHs51HgxzEabthRDMSY=
65,24,mmoMXoK3C452J/tGxj2KVwXuHSc=,j5zwkUP1RHs51HgxzEabthRDMSY=
74,17,mmoMXoK3C452J/tGxj2KVwXuHSc=,j5zwkUP1RHs51HgxzEabthRDMSY=
79,23,mmoMXoK3C452J/tGxj2KVwXuHSc=,j5zwkUP1RHs51HgxzEabthRDMSY=
78,23,mmoMXoK3C452J/tGxj2KVwXuHSc=,j5zwkUP1RHs51HgxzEabthRDMSY=
76,23,mmoMXoK3C452J/tGxj2KVwXuHSc=,j5zwkUP1RHs51HgxzEabthRDMSY=
77,23,mmoMXoK3C452J/tGxj2KVwXuHSc=,j5zwkUP1RHs51HgxzEabthRDMSY=
75,23,mmoMXoK3C452J/tGxj2KVwXuHSc=,j5zwkUP1RHs51HgxzEabthRDMSY=
74,23,mmoMXoK3C452J/tGxj2KVwXuHSc=,j5zwkUP1RHs51HgxzEabthRDMSY=
74,18,mmoMXoK3C452J/tGxj2KVwXuHSc=,j5zwkUP1RHs51HgxzEabthRDMSY=
73,23,mmoMXoK3C452J/tGxj2KVwXuHSc=,j5zwkUP1RHs51HgxzEabthRDMSY=
72,23,mmoMXoK3C452J/tGxj2KVwXuHSc=,j5zwkUP1RHs51HgxzEabthRDMSY=
71,23,mmoMXoK3C452J/tGxj2KVwXuHSc=,j5zwkUP1RHs51HgxzEabthRDMSY=
70,23,mmoMXoK3C452J/tGxj2KVwXuHSc=,j5zwkUP1RHs51HgxzEabthRDMSY=
69,23,mmoMXoK3C452J/tGxj2KVwXuHSc=,j5zwkUP1RHs51HgxzEabthRDMSY=
68,23,mmoMXoK3C452J/tGxj2KVwXuHSc=,j5zwkUP1RHs51HgxzEabthRDMSY=
67,23,mmoMXoK3C452J/tGxj2KVwXuHSc=,j5zwkUP1RHs51HgxzEabthRDMSY=
66,23,mmoMXoK3C452J/tGxj2KVwXuHSc=,j5zwkUP1RHs51HgxzEabthRDMSY=
65,23,mmoMXoK3C452J/tGxj2KVwXuHSc=,j5zwkUP1RHs51HgxzEabthRDMSY=
73,17,mmoMXoK3C452J/tGxj2KVwXuHSc=,j5zwkUP1RHs51HgxzEabthRDMSY=
79,22,mmoMXoK3C452J/tGxj2KVwXuHSc=,j5zwkUP1RHs51HgxzEabthRDMSY=
78,22,mmoMXoK3C452J/tGxj2KVwXuHSc=,j5zwkUP1RHs51HgxzEabthRDMSY=
77,22,mmoMXoK3C452J/tGxj2KVwXuHSc=,j5zwkUP1RHs51HgxzEabthRDMSY=
76,22,mmoMXoK3C452J/tGxj2KVwXuHSc=,j5zwkUP1RHs51HgxzEabthRDMSY=
75,22,mmoMXoK3C452J/tGxj2KVwXuHSc=,j5zwkUP1RHs51HgxzEabthRDMSY=
73,18,mmoMXoK3C452J/tGxj2KVwXuHSc=,j5zwkUP1RHs51HgxzEabthRDMSY=
74,22,mmoMXoK3C452J/tGxj2KVwXuHSc=,j5zwkUP1RHs51HgxzEabthRDMSY=
73,22,mmoMXoK3C452J/tGxj2KVwXuHSc=,j5zwkUP1RHs51HgxzEabthRDMSY=
72,22,mmoMXoK3C452J/tGxj2KVwXuHSc=,j5zwkUP1RHs51HgxzEabthRDMSY=
71,22,mmoMXoK3C452J/tGxj2KVwXuHSc=,j5zwkUP1RHs51HgxzEabthRDMSY=
70,22,mmoMXoK3C452J/tGxj2KVwXuHSc=,j5zwkUP1RHs51HgxzEabthRDMSY=
69,22,mmoMXoK3C452J/tGxj2KVwXuHSc=,j5zwkUP1RHs51HgxzEabthRDMSY=
68,22,mmoMXoK3C452J/tGxj2KVwXuHSc=,j5zwkUP1RHs51HgxzEabthRDMSY=
67,22,mmoMXoK3C452J/tGxj2KVwXuHSc=,j5zwkUP1RHs51HgxzEabthRDMSY=
65,22,mmoMXoK3C452J/tGxj2KVwXuHSc=,j5zwkUP1RHs51HgxzEabthRDMSY=
66,22,mmoMXoK3C452J/tGxj2KVwXuHSc=,j5zwkUP1RHs51HgxzEabthRDMSY=
72,17,mmoMXoK3C452J/tGxj2KVwXuHSc=,j5zwkUP1RHs51HgxzEabthRDMSY=
79,21,mmoMXoK3C452J/tGxj2KVwXuHSc=,j5zwkUP1RHs51HgxzEabthRDMSY=
78,21,mmoMXoK3C452J/tGxj2KVwXuHSc=,j5zwkUP1RHs51HgxzEabthRDMSY=
77,21,mmoMXoK3C452J/tGxj2KVwXuHSc=,j5zwkUP1RHs51HgxzEabthRDMSY=
76,21,mmoMXoK3C452J/tGxj2KVwXuHSc=,j5zwkUP1RHs51HgxzEabthRDMSY=
72,18,mmoMXoK3C452J/tGxj2KVwXuHSc=,j5zwkUP1RHs51HgxzEabthRDMSY=
75,21,mmoMXoK3C452J/tGxj2KVwXuHSc=,j5zwkUP1RHs51HgxzEabthRDMSY=
74,21,mmoMXoK3C452J/tGxj2KVwXuHSc=,j5zwkUP1RHs51HgxzEabthRDMSY=
73,21,mmoMXoK3C452J/tGxj2KVwXuHSc=,j5zwkUP1RHs51HgxzEabthRDMSY=
72,21,mmoMXoK3C452J/tGxj2KVwXuHSc=,j5zwkUP1RHs51HgxzEabthRDMSY=
71,21,mmoMXoK3C452J/tGxj2KVwXuHSc=,j5zwkUP1RHs51HgxzEabthRDMSY=
70,21,mmoMXoK3C452J/tGxj2KVwXuHSc=,j5zwkUP1RHs51HgxzEabthRDMSY=
69,21,mmoMXoK3C452J/tGxj2KVwXuHSc=,j5zwkUP1RHs51HgxzEabthRDMSY=
68,21,mmoMXoK3C452J/tGxj2KVwXuHSc=,j5zwkUP1RHs51HgxzEabthRDMSY=
67,21,mmoMXoK3C452J/tGxj2KVwXuHSc=,j5zwkUP1RHs51HgxzEabthRDMSY=
66,21,mmoMXoK3C452J/tGxj2KVwXuHSc=,j5zwkUP1RHs51HgxzEabthRDMSY=
65,21,mmoMXoK3C452J/tGxj2KVwXuHSc=,j5zwkUP1RHs51HgxzEabthRDMSY=
71,17,mmoMXoK3C452J/tGxj2KVwXuHSc=,j5zwkUP1RHs51HgxzEabthRDMSY=
79,20,mmoMXoK3C452J/tGxj2KVwXuHSc=,j5zwkUP1RHs51HgxzEabthRDMSY=
78,20,mmoMXoK3C452J/tGxj2KVwXuHSc=,j5zwkUP1RHs51HgxzEabthRDMSY=
77,20,mmoMXoK3C452J/tGxj2KVwXuHSc=,j5zwkUP1RHs51HgxzEabthRDMSY=
71,18,mmoMXoK3C452J/tGxj2KVwXuHSc=,j5zwkUP1RHs51HgxzEabthRDMSY=
76,20,mmoMXoK3C452J/tGxj2KVwXuHSc=,j5zwkUP1RHs51HgxzEabthRDMSY=
75,20,mmoMXoK3C452J/tGxj2KVwXuHSc=,j5zwkUP1RHs51HgxzEabthRDMSY=
74,20,mmoMXoK3C452J/tGxj2KVwXuHSc=,j5zwkUP1RHs51HgxzEabthRDMSY=
73,20,mmoMXoK3C452J/tGxj2KVwXuHSc=,j5zwkUP1RHs51HgxzEabthRDMSY=
72,20,mmoMXoK3C452J/tGxj2KVwXuHSc=,j5zwkUP1RHs51HgxzEabthRDMSY=
71,20,mmoMXoK3C452J/tGxj2KVwXuHSc=,j5zwkUP1RHs51HgxzEabthRDMSY=
70,20,mmoMXoK3C452J/tGxj2KVwXuHSc=,j5zwkUP1RHs51HgxzEabthRDMSY=
69,20,mmoMXoK3C452J/tGxj2KVwXuHSc=,j5zwkUP1RHs51HgxzEabthRDMSY=
68,20,mmoMXoK3C452J/tGxj2KVwXuHSc=,j5zwkUP1RHs51HgxzEabthRDMSY=
67,20,mmoMXoK3C452J/tGxj2KVwXuHSc=,j5zwkUP1RHs51HgxzEabthRDMSY=
66,20,mmoMXoK3C452J/tGxj2KVwXuHSc=,j5zwkUP1RHs51HgxzEabthRDMSY=
65,20,mmoMXoK3C452J/tGxj2KVwXuHSc=,j5zwkUP1RHs51HgxzEabthRDMSY=
70,17,mmoMXoK3C452J/tGxj2KVwXuHSc=,j5zwkUP1RHs51HgxzEabthRDMSY=
79,19,mmoMXoK3C452J/tGxj2KVwXuHSc=,j5zwkUP1RHs51HgxzEabthRDMSY=
78,19,mmoMXoK3C452J/tGxj2KVwXuHSc=,j5zwkUP1RHs51HgxzEabthRDMSY=
70,18,mmoMXoK3C452J/tGxj2KVwXuHSc=,j5zwkUP1RHs51HgxzEabthRDMSY=
77,19,mmoMXoK3C452J/tGxj2KVwXuHSc=,j5zwkUP1RHs51HgxzEabthRDMSY=
76,19,mmoMXoK3C452J/tGxj2KVwXuHSc=,j5zwkUP1RHs51HgxzEabthRDMSY=
75,19,mmoMXoK3C452J/tGxj2KVwXuHSc=,j5zwkUP1RHs51HgxzEabthRDMSY=
74,19,mmoMXoK3C452J/tGxj2KVwXuHSc=,j5zwkUP1RHs51HgxzEabthRDMSY=
73,19,mmoMXoK3C452J/tGxj2KVwXuHSc=,j5zwkUP1RHs51HgxzEabthRDMSY=
72,19,mmoMXoK3C452J/tGxj2KVwXuHSc=,j5zwkUP1RHs51HgxzEabthRDMSY=
70,16,mmoMXoK3C452J/tGxj2KVwXuHSc=,j5zwkUP1RHs51HgxzEabthRDMSY=
71,16,mmoMXoK3C452J/tGxj2KVwXuHSc=,j5zwkUP1RHs51HgxzEabthRDMSY=
72,16,mmoMXoK3C452J/tGxj2KVwXuHSc=,j5zwkUP1RHs51HgxzEabthRDMSY=
73,16,mmoMXoK3C452J/tGxj2KVwXuHSc=,j5zwkUP1RHs51HgxzEabthRDMSY=
75,16,mmoMXoK3C452J/tGxj2KVwXuHSc=,j5zwkUP1RHs51HgxzEabthRDMSY=
74,16,mmoMXoK3C452J/tGxj2KVwXuHSc=,j5zwkUP1RHs51HgxzEabthRDMSY=
76,16,mmoMXoK3C452J/tGxj2KVwXuHSc=,j5zwkUP1RHs51HgxzEabthRDMSY=
77,16,mmoMXoK3C452J/tGxj2KVwXuHSc=,j5zwkUP1RHs51HgxzEabthRDMSY=
66,16,mmoMXoK3C452J/tGxj2KVwXuHSc=,j5zwkUP1RHs51HgxzEabthRDMSY=
78,16,mmoMXoK3C452J/tGxj2KVwXuHSc=,j5zwkUP1RHs51HgxzEabthRDMSY=
68,16,mmoMXoK3C452J/tGxj2KVwXuHSc=,j5zwkUP1RHs51HgxzEabthRDMSY=
69,16,mmoMXoK3C452J/tGxj2KVwXuHSc=,j5zwkUP1RHs51HgxzEabthRDMSY=
65,16,mmoMXoK3C452J/tGxj2KVwXuHSc=,j5zwkUP1RHs51HgxzEabthRDMSY=
67,16,mmoMXoK3C452J/tGxj2KVwXuHSc=,j5zwkUP1RHs51HgxzEabthRDMSY=
79,16,mmoMXoK3C452J/tGxj2KVwXuHSc=,j5zwkUP1RHs51HgxzEabthRDMSY=
64,20,mmoMXoK3C452J/tGxj2KVwXuHSc=,j5zwkUP1RHs51HgxzEabthRDMSY=
64,21,mmoMXoK3C452J/tGxj2KVwXuHSc=,j5zwkUP1RHs51HgxzEabthRDMSY=
64,22,mmoMXoK3C452J/tGxj2KVwXuHSc=,j5zwkUP1RHs51HgxzEabthRDMSY=
64,23,mmoMXoK3C452J/tGxj2KVwXuHSc=,j5zwkUP1RHs51HgxzEabthRDMSY=
64,24,mmoMXoK3C452J/tGxj2KVwXuHSc=,j5zwkUP1RHs51HgxzEabthRDMSY=
64,25,mmoMXoK3C452J/tGxj2KVwXuHSc=,j5zwkUP1RHs51HgxzEabthRDMSY=
64,26,mmoMXoK3C452J/tGxj2KVwXuHSc=,j5zwkUP1RHs51HgxzEabthRDMSY=
64,27,mmoMXoK3C452J/tGxj2KVwXuHSc=,j5zwkUP1RHs51HgxzEabthRDMSY=
64,17,mmoMXoK3C452J/tGxj2KVwXuHSc=,j5zwkUP1RHs51HgxzEabthRDMSY=
64,28,mmoMXoK3C452J/tGxj2KVwXuHSc=,j5zwkUP1RHs51HgxzEabthRDMSY=
64,19,mmoMXoK3C452J/tGxj2KVwXuHSc=,j5zwkUP1RHs51HgxzEabthRDMSY=
64,29,mmoMXoK3C452J/tGxj2KVwXuHSc=,j5zwkUP1RHs51HgxzEabthRDMSY=
64,30,mmoMXoK3C452J/tGxj2KVwXuHSc=,j5zwkUP1RHs51HgxzEabthRDMSY=
64,31,mmoMXoK3C452J/tGxj2KVwXuHSc=,j5zwkUP1RHs51HgxzEabthRDMSY=
64,18,mmoMXoK3C452J/tGxj2KVwXuHSc=,j5zwkUP1RHs51HgxzEabthRDMSY=
64,16,mmoMXoK3C452J/tGxj2KVwXuHSc=,j5zwkUP1RHs51HgxzEabthRDMSY=
88,19,VnqXndqsKdAZ8pZ3i022C0m3gNw=,5gbAbNg2XJDQ9SQUldVeZ8AIjq4=
95,31,VnqXndqsKdAZ8pZ3i022C0m3gNw=,5gbAbNg2XJDQ9SQUldVeZ8AIjq4=
94,31,VnqXndqsKdAZ8pZ3i022C0m3gNw=,5gbAbNg2XJDQ9SQUldVeZ8AIjq4=
93,31,VnqXndqsKdAZ8pZ3i022C0m3gNw=,5gbAbNg2XJDQ9SQUldVeZ8AIjq4=
92,31,VnqXndqsKdAZ8pZ3i022C0m3gNw=,5gbAbNg2XJDQ9SQUldVeZ8AIjq4=
91,31,L1xB6pXm5ThPfRo9xLAqayZAg20=,5gbAbNg2XJDQ9SQUldVeZ8AIjq4=
90,31,L1xB6pXm5ThPfRo9xLAqayZAg20=,5gbAbNg2XJDQ9SQUldVeZ8AIjq4=
88,31,L1xB6pXm5ThPfRo9xLAqayZAg20=,5gbAbNg2XJDQ9SQUldVeZ8AIjq4=
89,31,L1xB6pXm5ThPfRo9xLAqayZAg20=,5gbAbNg2XJDQ9SQUldVeZ8AIjq4=
87,31,L1xB6pXm5ThPfRo9xLAqayZAg20=,5gbAbNg2XJDQ9SQUldVeZ8AIjq4=
86,31,L1xB6pXm5ThPfRo9xLAqayZAg20=,5gbAbNg2XJDQ9SQUldVeZ8AIjq4=
84,31,L1xB6pXm5ThPfRo9xLAqayZAg20=,5gbAbNg2XJDQ9SQUldVeZ8AIjq4=
85,31,L1xB6pXm5ThPfRo9xLAqayZAg20=,5gbAbNg2XJDQ9SQUldVeZ8AIjq4=
83,31,L1xB6pXm5ThPfRo9xLAqayZAg20=,5gbAbNg2XJDQ9SQUldVeZ8AIjq4=
87,19,L1xB6pXm5ThPfRo9xLAqayZAg20=,5gbAbNg2XJDQ9SQUldVeZ8AIjq4=
86,19,L1xB6pXm5ThPfRo9xLAqayZAg20=,5gbAbNg2XJDQ9SQUldVeZ8AIjq4=
87,18,L1xB6pXm5ThPfRo9xLAqayZAg20=,5gbAbNg2XJDQ9SQUldVeZ8AIjq4=
82,31,L1xB6pXm5ThPfRo9xLAqayZAg20=,5gbAbNg2XJDQ9SQUldVeZ8AIjq4=
86,18,L1xB6pXm5ThPfRo9xLAqayZAg20=,5gbAbNg2XJDQ9SQUldVeZ8AIjq4=
81,31,L1xB6pXm5ThPfRo9xLAqayZAg20=,5gbAbNg2XJDQ9SQUldVeZ8AIjq4=
95,30,L1xB6pXm5ThPfRo9xLAqayZAg20=,5gbAbNg2XJDQ9SQUldVeZ8AIjq4=
80,31,L1xB6pXm5ThPfRo9xLAqayZAg20=,5gbAbNg2XJDQ9SQUldVeZ8AIjq4=
87,17,L1xB6pXm5ThPfRo9xLAqayZAg20=,5gbAbNg2XJDQ9SQUldVeZ8AIjq4=
86,17,L1xB6pXm5ThPfRo9xLAqayZAg20=,5gbAbNg2XJDQ9SQUldVeZ8AIjq4=
94,30,L1xB6pXm5ThPfRo9xLAqayZAg20=,5gbAbNg2XJDQ9SQUldVeZ8AIjq4=
85,17,L1xB6pXm5ThPfRo9xLAqayZAg20=,5gbAbNg2XJDQ9SQUldVeZ8AIjq4=
93,30,L1xB6pXm5ThPfRo9xLAqayZAg20=,5gbAbNg2XJDQ9SQUldVeZ8AIjq4=
92,30,L1xB6pXm5ThPfRo9xLAqayZAg20=,5gbAbNg2XJDQ9SQUldVeZ8AIjq4=
84,19,L1xB6pXm5ThPfRo9xLAqayZAg20=,5gbAbNg2XJDQ9SQUldVeZ8AIjq4=
85,19,L1xB6pXm5ThPfRo9xLAqayZAg20=,5gbAbNg2XJDQ9SQUldVeZ8AIjq4=
83,19,L1xB6pXm5ThPfRo9xLAqayZAg20=,5gbAbNg2XJDQ9SQUldVeZ8AIjq4=
82,19,L1xB6pXm5ThPfRo9xLAqayZAg20=,5gbAbNg2XJDQ9SQUldVeZ8AIjq4=
81,19,L1xB6pXm5ThPfRo9xLAqayZAg20=,5gbAbNg2XJDQ9SQUldVeZ8AIjq4=
95,18,L1xB6pXm5ThPfRo9xLAqayZAg20=,5gbAbNg2XJDQ9SQUldVeZ8AIjq4=
80,19,L1xB6pXm5ThPfRo9xLAqayZAg20=,5gbAbNg2XJDQ9SQUldVeZ8AIjq4=
93,18,L1xB6pXm5ThPfRo9xLAqayZAg20=,5gbAbNg2XJDQ9SQUldVeZ8AIjq4=
94,18,L1xB6pXm5ThPfRo9xLAqayZAg20=,5gbAbNg2XJDQ9SQUldVeZ8AIjq4=
92,18,L1xB6pXm5ThPfRo9xLAqayZAg20=,5gbAbNg2XJDQ9SQUldVeZ8AIjq4=
91,18,L1xB6pXm5ThPfRo9xLAqayZAg20=,5gbAbNg2XJDQ9SQUldVeZ8AIjq4=
90,18,L1xB6pXm5ThPfRo9xLAqayZAg20=,5gbAbNg2XJDQ9SQUldVeZ8AIjq4=
89,18,L1xB6pXm5ThPfRo9xLAqayZAg20=,5gbAbNg2XJDQ9SQUldVeZ8AIjq4=
88,18,L1xB6pXm5ThPfRo9xLAqayZAg20=,5gbAbNg2XJDQ9SQUldVeZ8AIjq4=
91,30,L1xB6pXm5ThPfRo9xLAqayZAg20=,5gbAbNg2XJDQ9SQUldVeZ8AIjq4=
90,30,L1xB6pXm5ThPfRo9xLAqayZAg20=,5gbAbNg2XJDQ9SQUldVeZ8AIjq4=
85,18,L1xB6pXm5ThPfRo9xLAqayZAg20=,5gbAbNg2XJDQ9SQUldVeZ8AIjq4=
89,30,L1xB6pXm5ThPfRo9xLAqayZAg20=,5gbAbNg2XJDQ9SQUldVeZ8AIjq4=
88,30,L1xB6pXm5ThPfRo9xLAqayZAg20=,5gbAbNg2XJDQ9SQUldVeZ8AIjq4=
87,30,L1xB6pXm5ThPfRo9xLAqayZAg20=,5gbAbNg2XJDQ9SQUldVeZ8AIjq4=
86,30,L1xB6pXm5ThPfRo9xLAqayZAg20=,5gbAbNg2XJDQ9SQUldVeZ8AIjq4=
85,30,L1xB6pXm5ThPfRo9xLAqayZAg20=,5gbAbNg2XJDQ9SQUldVeZ8AIjq4=
84,30,L1xB6pXm5ThPfRo9xLAqayZAg20=,5gbAbNg2XJDQ9SQUldVeZ8AIjq4=
83,30,L1xB6pXm5ThPfRo9xLAqayZAg20=,5gbAbNg2XJDQ9SQUldVeZ8AIjq4=
82,30,L1xB6pXm5ThPfRo9xLAqayZAg20=,5gbAbNg2XJDQ9SQUldVeZ8AIjq4=
81,30,L1xB6pXm5ThPfRo9xLAqayZAg20=,5gbAbNg2XJDQ9SQUldVeZ8AIjq4=
80,30,L1xB6pXm5ThPfRo9xLAqayZAg20=,5gbAbNg2XJDQ9SQUldVeZ8AIjq4=
95,29,L1xB6pXm5ThPfRo9xLAqayZAg20=,5gbAbNg2XJDQ9SQUldVeZ8AIjq4=
94,29,L1xB6pXm5ThPfRo9xLAqayZAg20=,5gbAbNg2XJDQ9SQUldVeZ8AIjq4=
93,29,L1xB6pXm5ThPfRo9xLAqayZAg20=,5gbAbNg2XJDQ9SQUldVeZ8AIjq4=
92,29,L1xB6pXm5ThPfRo9xLAqayZAg20=,5gbAbNg2XJDQ9SQUldVeZ8AIjq4=
91,29,L1xB6pXm5ThPfRo9xLAqayZAg20=,5gbAbNg2XJDQ9SQUldVeZ8AIjq4=
90,29,L1xB6pXm5ThPfRo9xLAqayZAg20=,5gbAbNg2XJDQ9SQUldVeZ8AIjq4=
84,17,L1xB6pXm5ThPfRo9xLAqayZAg20=,5gbAbNg2XJDQ9SQUldVeZ8AIjq4=
84,18,L1xB6pXm5ThPfRo9xLAqayZAg20=,5gbAbNg2XJDQ9SQUldVeZ8AIjq4=
89,29,L1xB6pXm5ThPfRo9xLAqayZAg20=,5gbAbNg2XJDQ9SQUldVeZ8AIjq4=
88,29,L1xB6pXm5ThPfRo9xLAqayZAg20=,5gbAbNg2XJDQ9SQUldVeZ8AIjq4=
87,29,L1xB6pXm5ThPfRo9xLAqayZAg20=,5gbAbNg2XJDQ9SQUldVeZ8AIjq4=
86,29,L1xB6pXm5ThPfRo9xLAqayZAg20=,5gbAbNg2XJDQ9SQUldVeZ8AIjq4=
85,29,L1xB6pXm5ThPfRo9xLAqayZAg20=,5gbAbNg2XJDQ9SQUldVeZ8AIjq4=
84,29,L1xB6pXm5ThPfRo9xLAqayZAg20=,5gbAbNg2XJDQ9SQUldVeZ8AIjq4=
83,29,L1xB6pXm5ThPfRo9xLAqayZAg20=,5gbAbNg2XJDQ9SQUldVeZ8AIjq4=
82,29,L1xB6pXm5ThPfRo9xLAqayZAg20=,5gbAbNg2XJDQ9SQUldVeZ8AIjq4=
81,29,L1xB6pXm5ThPfRo9xLAqayZAg20=,5gbAbNg2XJDQ9SQUldVeZ8AIjq4=
80,29,L1xB6pXm5ThPfRo9xLAqayZAg20=,5gbAbNg2XJDQ9SQUldVeZ8AIjq4=
95,28,L1xB6pXm5ThPfRo9xLAqayZAg20=,5gbAbNg2XJDQ9SQUldVeZ8AIjq4=
94,28,L1xB6pXm5ThPfRo9xLAqayZAg20=,5gbAbNg2XJDQ9SQUldVeZ8AIjq4=
93,28,L1xB6pXm5ThPfRo9xLAqayZAg20=,5gbAbNg2XJDQ9SQUldVeZ8AIjq4=
92,28,L1xB6pXm5ThPfRo9xLAqayZAg20=,5gbAbNg2XJDQ9SQUldVeZ8AIjq4=
91,28,L1xB6pXm5ThPfRo9xLAqayZAg20=,5gbAbNg2XJDQ9SQUldVeZ8AIjq4=
83,17,L1xB6pXm5ThPfRo9xLAqayZAg20=,5gbAbNg2XJDQ9SQUldVeZ8AIjq4=
82,17,L1xB6pXm5ThPfRo9xLAqayZAg20=,5gbAbNg2XJDQ9SQUldVeZ8AIjq4=
90,28,L1xB6pXm5ThPfRo9xLAqayZAg20=,5gbAbNg2XJDQ9SQUldVeZ8AIjq4=
83,18,L1xB6pXm5ThPfRo9xLAqayZAg20=,5gbAbNg2XJDQ9SQUldVeZ8AIjq4=
81,17,L1xB6pXm5ThPfRo9xLAqayZAg20=,5gbAbNg2XJDQ9SQUldVeZ8AIjq4=
80,17,L1xB6pXm5ThPfRo9xLAqayZAg20=,5gbAbNg2XJDQ9SQUldVeZ8AIjq4=
82,18,L1xB6pXm5ThPfRo9xLAqayZAg20=,5gbAbNg2XJDQ9SQUldVeZ8AIjq4=
89,28,L1xB6pXm5ThPfRo9xLAqayZAg20=,5gbAbNg2XJDQ9SQUldVeZ8AIjq4=
81,18,L1xB6pXm5ThPfRo9xLAqayZAg20=,5gbAbNg2XJDQ9SQUldVeZ8AIjq4=
88,28,L1xB6pXm5ThPfRo9xLAqayZAg20=,5gbAbNg2XJDQ9SQUldVeZ8AIjq4=
80,18,L1xB6pXm5ThPfRo9xLAqayZAg20=,5gbAbNg2XJDQ9SQUldVeZ8AIjq4=
87,28,L1xB6pXm5ThPfRo9xLAqayZAg20=,5gbAbNg2XJDQ9SQUldVeZ8AIjq4=
86,28,L1xB6pXm5ThPfRo9xLAqayZAg20=,5gbAbNg2XJDQ9SQUldVeZ8AIjq4=
85,28,L1xB6pXm5ThPfRo9xLAqayZAg20=,5gbAbNg2XJDQ9SQUldVeZ8AIjq4=
84,28,L1xB6pXm5ThPfRo9xLAqayZAg20=,5gbAbNg2XJDQ9SQUldVeZ8AIjq4=
83,28,L1xB6pXm5ThPfRo9xLAqayZAg20=,5gbAbNg2XJDQ9SQUldVeZ8AIjq4=
82,28,L1xB6pXm5ThPfRo9xLAqayZAg20=,5gbAbNg2XJDQ9SQUldVeZ8AIjq4=
81,28,L1xB6pXm5ThPfRo9xLAqayZAg20=,5gbAbNg2XJDQ9SQUldVeZ8AIjq4=
80,28,L1xB6pXm5ThPfRo9xLAqayZAg20=,5gbAbNg2XJDQ9SQUldVeZ8AIjq4=
95,27,L1xB6pXm5ThPfRo9xLAqayZAg20=,5gbAbNg2XJDQ9SQUldVeZ8AIjq4=
94,27,L1xB6pXm5ThPfRo9xLAqayZAg20=,5gbAbNg2XJDQ9SQUldVeZ8AIjq4=
93,27,L1xB6pXm5ThPfRo9xLAqayZAg20=,5gbAbNg2XJDQ9SQUldVeZ8AIjq4=
92,27,L1xB6pXm5ThPfRo9xLAqayZAg20=,5gbAbNg2XJDQ9SQUldVeZ8AIjq4=
91,27,L1xB6pXm5ThPfRo9xLAqayZAg20=,5gbAbNg2XJDQ9SQUldVeZ8AIjq4=
90,27,L1xB6pXm5ThPfRo9xLAqayZAg20=,5gbAbNg2XJDQ9SQUldVeZ8AIjq4=
89,27,L1xB6pXm5ThPfRo9xLAqayZAg20=,5gbAbNg2XJDQ9SQUldVeZ8AIjq4=
88,27,L1xB6pXm5ThPfRo9xLAqayZAg20=,5gbAbNg2XJDQ9SQUldVeZ8AIjq4=
95,17,L1xB6pXm5ThPfRo9xLAqayZAg20=,5gbAbNg2XJDQ9SQUldVeZ8AIjq4=
87,27,L1xB6pXm5ThPfRo9xLAqayZAg20=,5gbAbNg2XJDQ9SQUldVeZ8AIjq4=
86,27,L1xB6pXm5ThPfRo9xLAqayZAg20=,5gbAbNg2XJDQ9SQUldVeZ8AIjq4=
85,27,L1xB6pXm5ThPfRo9xLAqayZAg20=,5gbAbNg2XJDQ9SQUldVeZ8AIjq4=
84,27,L1xB6pXm5ThPfRo9xLAqayZAg20=,5gbAbNg2XJDQ9SQUldVeZ8AIjq4=
83,27,L1xB6pXm5ThPfRo9xLAqayZAg20=,5gbAbNg2XJDQ9SQUldVeZ8AIjq4=
82,27,L1xB6pXm5ThPfRo9xLAqayZAg20=,5gbAbNg2XJDQ9SQUldVeZ8AIjq4=
81,27,L1xB6pXm5ThPfRo9xLAqayZAg20=,5gbAbNg2XJDQ9SQUldVeZ8AIjq4=
80,27,L1xB6pXm5ThPfRo9xLAqayZAg20=,5gbAbNg2XJDQ9SQUldVeZ8AIjq4=
95,26,L1xB6pXm5ThPfRo9xLAqayZAg20=,5gbAbNg2XJDQ9SQUldVeZ8AIjq4=
94,26,L1xB6pXm5ThPfRo9xLAqayZAg20=,5gbAbNg2XJDQ9SQUldVeZ8AIjq4=
93,26,L1xB6pXm5ThPfRo9xLAqayZAg20=,5gbAbNg2XJDQ9SQUldVeZ8AIjq4=
92,26,L1xB6pXm5ThPfRo9xLAqayZAg20=,5gbAbNg2XJDQ9SQUldVeZ8AIjq4=
91,26,L1xB6pXm5ThPfRo9xLAqayZAg20=,5gbAbNg2XJDQ9SQUldVeZ8AIjq4=
90,26,L1xB6pXm5ThPfRo9xLAqayZAg20=,5gbAbNg2XJDQ9SQUldVeZ8AIjq4=
89,26,L1xB6pXm5ThPfRo9xLAqayZAg20=,5gbAbNg2XJDQ9SQUldVeZ8AIjq4=
88,26,L1xB6pXm5ThPfRo9xLAqayZAg20=,5gbAbNg2XJDQ9SQUldVeZ8AIjq4=
87,26,L1xB6pXm5ThPfRo9xLAqayZAg20=,5gbAbNg2XJDQ9SQUldVeZ8AIjq4=
86,26,L1xB6pXm5ThPfRo9xLAqayZAg20=,5gbAbNg2XJDQ9SQUldVeZ8AIjq4=
85,26,L1xB6pXm5ThPfRo9xLAqayZAg20=,5gbAbNg2XJDQ9SQUldVeZ8AIjq4=
84,26,L1xB6pXm5ThPfRo9xLAqayZAg20=,5gbAbNg2XJDQ9SQUldVeZ8AIjq4=
83,26,L1xB6pXm5ThPfRo9xLAqayZAg20=,5gbAbNg2XJDQ9SQUldVeZ8AIjq4=
82,26,L1xB6pXm5ThPfRo9xLAqayZAg20=,5gbAbNg2XJDQ9SQUldVeZ8AIjq4=
81,26,L1xB6pXm5ThPfRo9xLAqayZAg20=,5gbAbNg2XJDQ9SQUldVeZ8AIjq4=
80,26,L1xB6pXm5ThPfRo9xLAqayZAg20=,5gbAbNg2XJDQ9SQUldVeZ8AIjq4=
95,25,L1xB6pXm5ThPfRo9xLAqayZAg20=,5gbAbNg2XJDQ9SQUldVeZ8AIjq4=
94,25,L1xB6pXm5ThPfRo9xLAqayZAg20=,5gbAbNg2XJDQ9SQUldVeZ8AIjq4=
93,25,L1xB6pXm5ThPfRo9xLAqayZAg20=,5gbAbNg2XJDQ9SQUldVeZ8AIjq4=
92,25,L1xB6pXm5ThPfRo9xLAqayZAg20=,5gbAbNg2XJDQ9SQUldVeZ8AIjq4=
91,25,L1xB6pXm5ThPfRo9xLAqayZAg20=,5gbAbNg2XJDQ9SQUldVeZ8AIjq4=
90,25,L1xB6pXm5ThPfRo9xLAqayZAg20=,5gbAbNg2XJDQ9SQUldVeZ8AIjq4=
89,25,L1xB6pXm5ThPfRo9xLAqayZAg20=,5gbAbNg2XJDQ9SQUldVeZ8AIjq4=
88,25,L1xB6pXm5ThPfRo9xLAqayZAg20=,5gbAbNg2XJDQ9SQUldVeZ8AIjq4=
87,25,L1xB6pXm5ThPfRo9xLAqayZAg20=,5gbAbNg2XJDQ9SQUldVeZ8AIjq4=
86,25,L1xB6pXm5ThPfRo9xLAqayZAg20=,5gbAbNg2XJDQ9SQUldVeZ8AIjq4=
85,25,L1xB6pXm5ThPfRo9xLAqayZAg20=,5gbAbNg2XJDQ9SQUldVeZ8AIjq4=
84,25,L1xB6pXm5ThPfRo9xLAqayZAg20=,5gbAbNg2XJDQ9SQUldVeZ8AIjq4=
83,25,L1xB6pXm5ThPfRo9xLAqayZAg20=,5gbAbNg2XJDQ9SQUldVeZ8AIjq4=
82,25,L1xB6pXm5ThPfRo9xLAqayZAg20=,5gbAbNg2XJDQ9SQUldVeZ8AIjq4=
81,25,L1xB6pXm5ThPfRo9xLAqayZAg20=,5gbAbNg2XJDQ9SQUldVeZ8AIjq4=
80,25,L1xB6pXm5ThPfRo9xLAqayZAg20=,5gbAbNg2XJDQ9SQUldVeZ8AIjq4=
95,24,L1xB6pXm5ThPfRo9xLAqayZAg20=,5gbAbNg2XJDQ9SQUldVeZ8AIjq4=
94,24,L1xB6pXm5ThPfRo9xLAqayZAg20=,5gbAbNg2XJDQ9SQUldVeZ8AIjq4=
93,24,L1xB6pXm5ThPfRo9xLAqayZAg20=,5gbAbNg2XJDQ9SQUldVeZ8AIjq4=
92,24,L1xB6pXm5ThPfRo9xLAqayZAg20=,5gbAbNg2XJDQ9SQUldVeZ8AIjq4=
91,24,L1xB6pXm5ThPfRo9xLAqayZAg20=,5gbAbNg2XJDQ9SQUldVeZ8AIjq4=
90,24,L1xB6pXm5ThPfRo9xLAqayZAg20=,5gbAbNg2XJDQ9SQUldVeZ8AIjq4=
89,24,L1xB6pXm5ThPfRo9xLAqayZAg20=,5gbAbNg2XJDQ9SQUldVeZ8AIjq4=
88,24,L1xB6pXm5ThPfRo9xLAqayZAg20=,5gbAbNg2XJDQ9SQUldVeZ8AIjq4=
87,24,L1xB6pXm5ThPfRo9xLAqayZAg20=,5gbAbNg2XJDQ9SQUldVeZ8AIjq4=
86,24,L1xB6pXm5ThPfRo9xLAqayZAg20=,5gbAbNg2XJDQ9SQUldVeZ8AIjq4=
85,24,L1xB6pXm5ThPfRo9xLAqayZAg20=,5gbAbNg2XJDQ9SQUldVeZ8AIjq4=
92,17,L1xB6pXm5ThPfRo9xLAqayZAg20=,5gbAbNg2XJDQ9SQUldVeZ8AIjq4=
84,24,L1xB6pXm5ThPfRo9xLAqayZAg20=,5gbAbNg2XJDQ9SQUldVeZ8AIjq4=
83,24,L1xB6pXm5ThPfRo9xLAqayZAg20=,5gbAbNg2XJDQ9SQUldVeZ8AIjq4=
82,24,L1xB6pXm5ThPfRo9xLAqayZAg20=,5gbAbNg2XJDQ9SQUldVeZ8AIjq4=
81,24,L1xB6pXm5ThPfRo9xLAqayZAg20=,5gbAbNg2XJDQ9SQUldVeZ8AIjq4=
80,24,L1xB6pXm5ThPfRo9xLAqayZAg20=,5gbAbNg2XJDQ9SQUldVeZ8AIjq4=
95,23,L1xB6pXm5ThPfRo9xLAqayZAg20=,5gbAbNg2XJDQ9SQUldVeZ8AIjq4=
93,23,L1xB6pXm5ThPfRo9xLAqayZAg20=,5gbAbNg2XJDQ9SQUldVeZ8AIjq4=
94,23,L1xB6pXm5ThPfRo9xLAqayZAg20=,5gbAbNg2XJDQ9SQUldVeZ8AIjq4=
92,23,L1xB6pXm5ThPfRo9xLAqayZAg20=,5gbAbNg2XJDQ9SQUldVeZ8AIjq4=
91,23,L1xB6pXm5ThPfRo9xLAqayZAg20=,5gbAbNg2XJDQ9SQUldVeZ8AIjq4=
88,23,L1xB6pXm5ThPfRo9xLAqayZAg20=,5gbAbNg2XJDQ9SQUldVeZ8AIjq4=
90,23,L1xB6pXm5ThPfRo9xLAqayZAg20=,5gbAbNg2XJDQ9SQUldVeZ8AIjq4=
89,23,L1xB6pXm5ThPfRo9xLAqayZAg20=,5gbAbNg2XJDQ9SQUldVeZ8AIjq4=
87,23,L1xB6pXm5ThPfRo9xLAqayZAg20=,5gbAbNg2XJDQ9SQUldVeZ8AIjq4=
86,23,L1xB6pXm5ThPfRo9xLAqayZAg20=,5gbAbNg2XJDQ9SQUldVeZ8AIjq4=
85,23,L1xB6pXm5ThPfRo9xLAqayZAg20=,5gbAbNg2XJDQ9SQUldVeZ8AIjq4=
91,17,L1xB6pXm5ThPfRo9xLAqayZAg20=,5gbAbNg2XJDQ9SQUldVeZ8AIjq4=
83,23,L1xB6pXm5ThPfRo9xLAqayZAg20=,5gbAbNg2XJDQ9SQUldVeZ8AIjq4=
84,23,L1xB6pXm5ThPfRo9xLAqayZAg20=,5gbAbNg2XJDQ9SQUldVeZ8AIjq4=
82,23,L1xB6pXm5ThPfRo9xLAqayZAg20=,5gbAbNg2XJDQ9SQUldVeZ8AIjq4=
81,23,L1xB6pXm5ThPfRo9xLAqayZAg20=,5gbAbNg2XJDQ9SQUldVeZ8AIjq4=
80,23,L1xB6pXm5ThPfRo9xLAqayZAg20=,5gbAbNg2XJDQ9SQUldVeZ8AIjq4=
95,22,L1xB6pXm5ThPfRo9xLAqayZAg20=,5gbAbNg2XJDQ9SQUldVeZ8AIjq4=
94,22,L1xB6pXm5ThPfRo9xLAqayZAg20=,5gbAbNg2XJDQ9SQUldVeZ8AIjq4=
93,22,L1xB6pXm5ThPfRo9xLAqayZAg20=,5gbAbNg2XJDQ9SQUldVeZ8AIjq4=
92,22,L1xB6pXm5ThPfRo9xLAqayZAg20=,5gbAbNg2XJDQ9SQUldVeZ8AIjq4=
91,22,L1xB6pXm5ThPfRo9xLAqayZAg20=,5gbAbNg2XJDQ9SQUldVeZ8AIjq4=
89,22,L1xB6pXm5ThPfRo9xLAqayZAg20=,5gbAbNg2XJDQ9SQUldVeZ8AIjq4=
88,22,L1xB6pXm5ThPfRo9xLAqayZAg20=,5gbAbNg2XJDQ9SQUldVeZ8AIjq4=
86,22,L1xB6pXm5ThPfRo9xLAqayZAg20=,5gbAbNg2XJDQ9SQUldVeZ8AIjq4=
90,22,L1xB6pXm5ThPfRo9xLAqayZAg20=,5gbAbNg2XJDQ9SQUldVeZ8AIjq4=
87,22,L1xB6pXm5ThPfRo9xLAqayZAg20=,5gbAbNg2XJDQ9SQUldVeZ8AIjq4=
84,22,L1xB6pXm5ThPfRo9xLAqayZAg20=,5gbAbNg2XJDQ9SQUldVeZ8AIjq4=
85,22,L1xB6pXm5ThPfRo9xLAqayZAg20=,5gbAbNg2XJDQ9SQUldVeZ8AIjq4=
83,22,L1xB6pXm5ThPfRo9xLAqayZAg20=,5gbAbNg2XJDQ9SQUldVeZ8AIjq4=
82,22,L1xB6pXm5ThPfRo9xLAqayZAg20=,5gbAbNg2XJDQ9SQUldVeZ8AIjq4=
90,17,L1xB6pXm5ThPfRo9xLAqayZAg20=,5gbAbNg2XJDQ9SQUldVeZ8AIjq4=
81,22,L1xB6pXm5ThPfRo9xLAqayZAg20=,5gbAbNg2XJDQ9SQUldVeZ8AIjq4=
95,21,L1xB6pXm5ThPfRo9xLAqayZAg20=,5gbAbNg2XJDQ9SQUldVeZ8AIjq4=
80,22,L1xB6pXm5ThPfRo9xLAqayZAg20=,5gbAbNg2XJDQ9SQUldVeZ8AIjq4=
94,21,L1xB6pXm5ThPfRo9xLAqayZAg20=,5gbAbNg2XJDQ9SQUldVeZ8AIjq4=
92,21,L1xB6pXm5ThPfRo9xLAqayZAg20=,5gbAbNg2XJDQ9SQUldVeZ8AIjq4=
93,21,L1xB6pXm5ThPfRo9xLAqayZAg20=,5gbAbNg2XJDQ9SQUldVeZ8AIjq4=
91,21,L1xB6pXm5ThPfRo9xLAqayZAg20=,5gbAbNg2XJDQ9SQUldVeZ8AIjq4=
89,21,L1xB6pXm5ThPfRo9xLAqayZAg20=,5gbAbNg2XJDQ9SQUldVeZ8AIjq4=
90,21,L1xB6pXm5ThPfRo9xLAqayZAg20=,5gbAbNg2XJDQ9SQUldVeZ8AIjq4=
88,21,L1xB6pXm5ThPfRo9xLAqayZAg20=,5gbAbNg2XJDQ9SQUldVeZ8AIjq4=
86,21,L1xB6pXm5ThPfRo9xLAqayZAg20=,5gbAbNg2XJDQ9SQUldVeZ8AIjq4=
87,21,L1xB6pXm5ThPfRo9xLAqayZAg20=,5gbAbNg2XJDQ9SQUldVeZ8AIjq4=
85,21,L1xB6pXm5ThPfRo9xLAqayZAg20=,5gbAbNg2XJDQ9SQUldVeZ8AIjq4=
83,21,L1xB6pXm5ThPfRo9xLAqayZAg20=,5gbAbNg2XJDQ9SQUldVeZ8AIjq4=
84,21,L1xB6pXm5ThPfRo9xLAqayZAg20=,5gbAbNg2XJDQ9SQUldVeZ8AIjq4=
82,21,L1xB6pXm5ThPfRo9xLAqayZAg20=,5gbAbNg2XJDQ9SQUldVeZ8AIjq4=
89,17,L1xB6pXm5ThPfRo9xLAqayZAg20=,5gbAbNg2XJDQ9SQUldVeZ8AIjq4=
81,21,L1xB6pXm5ThPfRo9xLAqayZAg20=,5gbAbNg2XJDQ9SQUldVeZ8AIjq4=
80,21,L1xB6pXm5ThPfRo9xLAqayZAg20=,5gbAbNg2XJDQ9SQUldVeZ8AIjq4=
95,20,L1xB6pXm5ThPfRo9xLAqayZAg20=,5gbAbNg2XJDQ9SQUldVeZ8AIjq4=
94,20,L1xB6pXm5ThPfRo9xLAqayZAg20=,5gbAbNg2XJDQ9SQUldVeZ8AIjq4=
93,20,L1xB6pXm5ThPfRo9xLAqayZAg20=,5gbAbNg2XJDQ9SQUldVeZ8AIjq4=
92,20,L1xB6pXm5ThPfRo9xLAqayZAg20=,5gbAbNg2XJDQ9SQUldVeZ8AIjq4=
91,20,L1xB6pXm5ThPfRo9xLAqayZAg20=,5gbAbNg2XJDQ9SQUldVeZ8AIjq4=
90,20,L1xB6pXm5ThPfRo9xLAqayZAg20=,5gbAbNg2XJDQ9SQUldVeZ8AIjq4=
89,20,L1xB6pXm5ThPfRo9xLAqayZAg20=,5gbAbNg2XJDQ9SQUldVeZ8AIjq4=
88,20,L1xB6pXm5ThPfRo9xLAqayZAg20=,5gbAbNg2XJDQ9SQUldVeZ8AIjq4=
87,20,L1xB6pXm5ThPfRo9xLAqayZAg20=,5gbAbNg2XJDQ9SQUldVeZ8AIjq4=
86,20,L1xB6pXm5ThPfRo9xLAqayZAg20=,5gbAbNg2XJDQ9SQUldVeZ8AIjq4=
85,20,L1xB6pXm5ThPfRo9xLAqayZAg20=,5gbAbNg2XJDQ9SQUldVeZ8AIjq4=
84,20,L1xB6pXm5ThPfRo9xLAqayZAg20=,5gbAbNg2XJDQ9SQUldVeZ8AIjq4=
83,20,L1xB6pXm5ThPfRo9xLAqayZAg20=,5gbAbNg2XJDQ9SQUldVeZ8AIjq4=
82,20,L1xB6pXm5ThPfRo9xLAqayZAg20=,5gbAbNg2XJDQ9SQUldVeZ8AIjq4=
80,20,L1xB6pXm5ThPfRo9xLAqayZAg20=,5gbAbNg2XJDQ9SQUldVeZ8AIjq4=
81,20,L1xB6pXm5ThPfRo9xLAqayZAg20=,5gbAbNg2XJDQ9SQUldVeZ8AIjq4=
88,17,L1xB6pXm5ThPfRo9xLAqayZAg20=,5gbAbNg2XJDQ9SQUldVeZ8AIjq4=
95,19,L1xB6pXm5ThPfRo9xLAqayZAg20=,5gbAbNg2XJDQ9SQUldVeZ8AIjq4=
94,19,L1xB6pXm5ThPfRo9xLAqayZAg20=,5gbAbNg2XJDQ9SQUldVeZ8AIjq4=
93,19,L1xB6pXm5ThPfRo9xLAqayZAg20=,5gbAbNg2XJDQ9SQUldVeZ8AIjq4=
92,19,L1xB6pXm5ThPfRo9xLAqayZAg20=,5gbAbNg2XJDQ9SQUldVeZ8AIjq4=
91,19,L1xB6pXm5ThPfRo9xLAqayZAg20=,5gbAbNg2XJDQ9SQUldVeZ8AIjq4=
89,19,L1xB6pXm5ThPfRo9xLAqayZAg20=,5gbAbNg2XJDQ9SQUldVeZ8AIjq4=
90,19,L1xB6pXm5ThPfRo9xLAqayZAg20=,5gbAbNg2XJDQ9SQUldVeZ8AIjq4=
88,16,L1xB6pXm5ThPfRo9xLAqayZAg20=,5gbAbNg2XJDQ9SQUldVeZ8AIjq4=
89,16,L1xB6pXm5ThPfRo9xLAqayZAg20=,5gbAbNg2XJDQ9SQUldVeZ8AIjq4=
90,16,L1xB6pXm5ThPfRo9xLAqayZAg20=,5gbAbNg2XJDQ9SQUldVeZ8AIjq4=
92,16,L1xB6pXm5ThPfRo9xLAqayZAg20=,5gbAbNg2XJDQ9SQUldVeZ8AIjq4=
84,16,L1xB6pXm5ThPfRo9xLAqayZAg20=,5gbAbNg2XJDQ9SQUldVeZ8AIjq4=
86,16,L1xB6pXm5ThPfRo9xLAqayZAg20=,5gbAbNg2XJDQ9SQUldVeZ8AIjq4=
80,16,L1xB6pXm5ThPfRo9xLAqayZAg20=,5gbAbNg2XJDQ9SQUldVeZ8AIjq4=
81,16,L1xB6pXm5ThPfRo9xLAqayZAg20=,5gbAbNg2XJDQ9SQUldVeZ8AIjq4=
82,16,L1xB6pXm5ThPfRo9xLAqayZAg20=,5gbAbNg2XJDQ9SQUldVeZ8AIjq4=
83,16,L1xB6pXm5ThPfRo9xLAqayZAg20=,5gbAbNg2XJDQ9SQUldVeZ8AIjq4=
85,16,L1xB6pXm5ThPfRo9xLAqayZAg20=,5gbAbNg2XJDQ9SQUldVeZ8AIjq4=
87,16,L1xB6pXm5ThPfRo9xLAqayZAg20=,5gbAbNg2XJDQ9SQUldVeZ8AIjq4=
93,17,L1xB6pXm5ThPfRo9xLAqayZAg20=,5gbAbNg2XJDQ9SQUldVeZ8AIjq4=
95,16,L1xB6pXm5ThPfRo9xLAqayZAg20=,5gbAbNg2XJDQ9SQUldVeZ8AIjq4=
94,17,L1xB6pXm5ThPfRo9xLAqayZAg20=,5gbAbNg2XJDQ9SQUldVeZ8AIjq4=
91,16,L1xB6pXm5ThPfRo9xLAqayZAg20=,5gbAbNg2XJDQ9SQUldVeZ8AIjq4=
94,16,L1xB6pXm5ThPfRo9xLAqayZAg20=,5gbAbNg2XJDQ9SQUldVeZ8AIjq4=
93,16,L1xB6pXm5ThPfRo9xLAqayZAg20=,5gbAbNg2XJDQ9SQUldVeZ8AIjq4=
85,0,6gUY38T0O78gI/7tQQioI76CjUM=,el9i/zeU34G7LVZr0VDh/76hTgM=
87,3,6gUY38T0O78gI/7tQQioI76CjUM=,el9i/zeU34G7LVZr0VDh/76hTgM=
86,3,6gUY38T0O78gI/7tQQioI76CjUM=,el9i/zeU34G7LVZr0VDh/76hTgM=
84,2,6gUY38T0O78gI/7tQQioI76CjUM=,el9i/zeU34G7LVZr0VDh/76hTgM=
81,0,6gUY38T0O78gI/7tQQioI76CjUM=,el9i/zeU34G7LVZr0VDh/76hTgM=
91,15,6gUY38T0O78gI/7tQQioI76CjUM=,el9i/zeU34G7LVZr0VDh/76hTgM=
90,15,6gUY38T0O78gI/7tQQioI76CjUM=,el9i/zeU34G7LVZr0VDh/76hTgM=
88,15,6gUY38T0O78gI/7tQQioI76CjUM=,el9i/zeU34G7LVZr0VDh/76hTgM=
87,15,6gUY38T0O78gI/7tQQioI76CjUM=,el9i/zeU34G7LVZr0VDh/76hTgM=
86,15,6gUY38T0O78gI/7tQQioI76CjUM=,el9i/zeU34G7LVZr0VDh/76hTgM=
85,15,6gUY38T0O78gI/7tQQioI76CjUM=,el9i/zeU34G7LVZr0VDh/76hTgM=
84,15,6gUY38T0O78gI/7tQQioI76CjUM=,el9i/zeU34G7LVZr0VDh/76hTgM=
83,15,6gUY38T0O78gI/7tQQioI76CjUM=,el9i/zeU34G7LVZr0VDh/76hTgM=
81,15,6gUY38T0O78gI/7tQQioI76CjUM=,el9i/zeU34G7LVZr0VDh/76hTgM=
82,15,6gUY38T0O78gI/7tQQioI76CjUM=,el9i/zeU34G7LVZr0VDh/76hTgM=
80,15,6gUY38T0O78gI/7tQQioI76CjUM=,el9i/zeU34G7LVZr0VDh/76hTgM=
89,15,6gUY38T0O78gI/7tQQioI76CjUM=,el9i/zeU34G7LVZr0VDh/76hTgM=
82,3,6gUY38T0O78gI/7tQQioI76CjUM=,el9i/zeU34G7LVZr0VDh/76hTgM=
81,3,6gUY38T0O78gI/7tQQioI76CjUM=,el9i/zeU34G7LVZr0VDh/76hTgM=
95,14,6gUY38T0O78gI/7tQQioI76CjUM=,el9i/zeU34G7LVZr0VDh/76hTgM=
83,2,6gUY38T0O78gI/7tQQioI76CjUM=,el9i/zeU34G7LVZr0VDh/76hTgM=
92,14,6gUY38T0O78gI/7tQQioI76CjUM=,el9i/zeU34G7LVZr0VDh/76hTgM=
82,2,6gUY38T0O78gI/7tQQioI76CjUM=,el9i/zeU34G7LVZr0VDh/76hTgM=
85,3,6gUY38T0O78gI/7tQQioI76CjUM=,el9i/zeU34G7LVZr0VDh/76hTgM=
86,2,6gUY38T0O78gI/7tQQioI76CjUM=,el9i/zeU34G7LVZr0VDh/76hTgM=
94,14,6gUY38T0O78gI/7tQQioI76CjUM=,el9i/zeU34G7LVZr0VDh/76hTgM=
83,0,6gUY38T0O78gI/7tQQioI76CjUM=,el9i/zeU34G7LVZr0VDh/76hTgM=
93,14,6gUY38T0O78gI/7tQQioI76CjUM=,el9i/zeU34G7LVZr0VDh/76hTgM=
91,14,6gUY38T0O78gI/7tQQioI76CjUM=,el9i/zeU34G7LVZr0VDh/76hTgM=
85,2,6gUY38T0O78gI/7tQQioI76CjUM=,el9i/zeU34G7LVZr0VDh/76hTgM=
83,3,6gUY38T0O78gI/7tQQioI76CjUM=,el9i/zeU34G7LVZr0VDh/76hTgM=
84,3,6gUY38T0O78gI/7tQQioI76CjUM=,el9i/zeU34G7LVZr0VDh/76hTgM=
85,14,6gUY38T0O78gI/7tQQioI76CjUM=,el9i/zeU34G7LVZr0VDh/76hTgM=
87,14,6gUY38T0O78gI/7tQQioI76CjUM=,el9i/zeU34G7LVZr0VDh/76hTgM=
82,14,6gUY38T0O78gI/7tQQioI76CjUM=,el9i/zeU34G7LVZr0VDh/76hTgM=
88,14,6gUY38T0O78gI/7tQQioI76CjUM=,el9i/zeU34G7LVZr0VDh/76hTgM=
83,14,6gUY38T0O78gI/7tQQioI76CjUM=,el9i/zeU34G7LVZr0VDh/76hTgM=
81,14,6gUY38T0O78gI/7tQQioI76CjUM=,el9i/zeU34G7LVZr0VDh/76hTgM=
80,14,6gUY38T0O78gI/7tQQioI76CjUM=,el9i/zeU34G7LVZr0VDh/76hTgM=
95,13,6gUY38T0O78gI/7tQQioI76CjUM=,el9i/zeU34G7LVZr0VDh/76hTgM=
94,13,6gUY38T0O78gI/7tQQioI76CjUM=,el9i/zeU34G7LVZr0VDh/76hTgM=
84,14,6gUY38T0O78gI/7tQQioI76CjUM=,el9i/zeU34G7LVZr0VDh/76hTgM=
86,14,6gUY38T0O78gI/7tQQioI76CjUM=,el9i/zeU34G7LVZr0VDh/76hTgM=
93,13,6gUY38T0O78gI/7tQQioI76CjUM=,el9i/zeU34G7LVZr0VDh/76hTgM=
90,14,6gUY38T0O78gI/7tQQioI76CjUM=,el9i/zeU34G7LVZr0VDh/76hTgM=
85,1,6gUY38T0O78gI/7tQQioI76CjUM=,el9i/zeU34G7LVZr0VDh/76hTgM=
90,13,6gUY38T0O78gI/7tQQioI76CjUM=,el9i/zeU34G7LVZr0VDh/76hTgM=
92,13,6gUY38T0O78gI/7tQQioI76CjUM=,el9i/zeU34G7LVZr0VDh/76hTgM=
81,2,6gUY38T0O78gI/7tQQioI76CjUM=,el9i/zeU34G7LVZr0VDh/76hTgM=
83,1,6gUY38T0O78gI/7tQQioI76CjUM=,el9i/zeU34G7LVZr0VDh/76hTgM=
89,13,6gUY38T0O78gI/7tQQioI76CjUM=,el9i/zeU34G7LVZr0VDh/76hTgM=
85,13,6gUY38T0O78gI/7tQQioI76CjUM=,el9i/zeU34G7LVZr0VDh/76hTgM=
86,13,6gUY38T0O78gI/7tQQioI76CjUM=,el9i/zeU34G7LVZr0VDh/76hTgM=
93,15,6gUY38T0O78gI/7tQQioI76CjUM=,el9i/zeU34G7LVZr0VDh/76hTgM=
82,13,6gUY38T0O78gI/7tQQioI76CjUM=,el9i/zeU34G7LVZr0VDh/76hTgM=
81,13,6gUY38T0O78gI/7tQQioI76CjUM=,el9i/zeU34G7LVZr0VDh/76hTgM=
80,13,6gUY38T0O78gI/7tQQioI76CjUM=,el9i/zeU34G7LVZr0VDh/76hTgM=
95,12,6gUY38T0O78gI/7tQQioI76CjUM=,el9i/zeU34G7LVZr0VDh/76hTgM=
84,13,6gUY38T0O78gI/7tQQioI76CjUM=,el9i/zeU34G7LVZr0VDh/76hTgM=
91,13,6gUY38T0O78gI/7tQQioI76CjUM=,el9i/zeU34G7LVZr0VDh/76hTgM=
87,13,6gUY38T0O78gI/7tQQioI76CjUM=,el9i/zeU34G7LVZr0VDh/76hTgM=
94,12,6gUY38T0O78gI/7tQQioI76CjUM=,el9i/zeU34G7LVZr0VDh/76hTgM=
92,12,6gUY38T0O78gI/7tQQioI76CjUM=,el9i/zeU34G7LVZr0VDh/76hTgM=
83,13,6gUY38T0O78gI/7tQQioI76CjUM=,el9i/zeU34G7LVZr0VDh/76hTgM=
93,12,6gUY38T0O78gI/7tQQioI76CjUM=,el9i/zeU34G7LVZr0VDh/76hTgM=
91,12,6gUY38T0O78gI/7tQQioI76CjUM=,el9i/zeU34G7LVZr0VDh/76hTgM=
88,13,6gUY38T0O78gI/7tQQioI76CjUM=,el9i/zeU34G7LVZr0VDh/76hTgM=
80,2,6gUY38T0O78gI/7tQQioI76CjUM=,el9i/zeU34G7LVZr0VDh/76hTgM=
89,12,6gUY38T0O78gI/7tQQioI76CjUM=,el9i/zeU34G7LVZr0VDh/76hTgM=
89,14,6gUY38T0O78gI/7tQQioI76CjUM=,el9i/zeU34G7LVZr0VDh/76hTgM=
87,12,6gUY38T0O78gI/7tQQioI76CjUM=,el9i/zeU34G7LVZr0VDh/76hTgM=
90,12,6gUY38T0O78gI/7tQQioI76CjUM=,el9i/zeU34G7LVZr0VDh/76hTgM=
83,12,6gUY38T0O78gI/7tQQioI76CjUM=,el9i/zeU34G7LVZr0VDh/76hTgM=
82,12,6gUY38T0O78gI/7tQQioI76CjUM=,el9i/zeU34G7LVZr0VDh/76hTgM=
86,12,6gUY38T0O78gI/7tQQioI76CjUM=,el9i/zeU34G7LVZr0VDh/76hTgM=
80,12,6gUY38T0O78gI/7tQQioI76CjUM=,el9i/zeU34G7LVZr0VDh/76hTgM=
85,12,6gUY38T0O78gI/7tQQioI76CjUM=,el9i/zeU34G7LVZr0VDh/76hTgM=
84,12,6gUY38T0O78gI/7tQQioI76CjUM=,el9i/zeU34G7LVZr0VDh/76hTgM=
88,12,6gUY38T0O78gI/7tQQioI76CjUM=,el9i/zeU34G7LVZr0VDh/76hTgM=
81,12,6gUY38T0O78gI/7tQQioI76CjUM=,el9i/zeU34G7LVZr0VDh/76hTgM=
95,11,6gUY38T0O78gI/7tQQioI76CjUM=,el9i/zeU34G7LVZr0VDh/76hTgM=
95,0,6gUY38T0O78gI/7tQQioI76CjUM=,el9i/zeU34G7LVZr0VDh/76hTgM=
82,1,6gUY38T0O78gI/7tQQioI76CjUM=,el9i/zeU34G7LVZr0VDh/76hTgM=
94,0,6gUY38T0O78gI/7tQQioI76CjUM=,el9i/zeU34G7LVZr0VDh/76hTgM=
93,11,6gUY38T0O78gI/7tQQioI76CjUM=,el9i/zeU34G7LVZr0VDh/76hTgM=
92,11,6gUY38T0O78gI/7tQQioI76CjUM=,el9i/zeU34G7LVZr0VDh/76hTgM=
94,11,6gUY38T0O78gI/7tQQioI76CjUM=,el9i/zeU34G7LVZr0VDh/76hTgM=
82,0,6gUY38T0O78gI/7tQQioI76CjUM=,el9i/zeU34G7LVZr0VDh/76hTgM=
87,11,6gUY38T0O78gI/7tQQioI76CjUM=,el9i/zeU34G7LVZr0VDh/76hTgM=
86,11,6gUY38T0O78gI/7tQQioI76CjUM=,el9i/zeU34G7LVZr0VDh/76hTgM=
91,11,6gUY38T0O78gI/7tQQioI76CjUM=,el9i/zeU34G7LVZr0VDh/76hTgM=
89,11,6gUY38T0O78gI/7tQQioI76CjUM=,el9i/zeU34G7LVZr0VDh/76hTgM=
80,3,6gUY38T0O78gI/7tQQioI76CjUM=,el9i/zeU34G7LVZr0VDh/76hTgM=
90,11,6gUY38T0O78gI/7tQQioI76CjUM=,el9i/zeU34G7LVZr0VDh/76hTgM=
81,1,6gUY38T0O78gI/7tQQioI76CjUM=,el9i/zeU34G7LVZr0VDh/76hTgM=
84,11,6gUY38T0O78gI/7tQQioI76CjUM=,el9i/zeU34G7LVZr0VDh/76hTgM=
88,11,6gUY38T0O78gI/7tQQioI76CjUM=,el9i/zeU34G7LVZr0VDh/76hTgM=
81,11,6gUY38T0O78gI/7tQQioI76CjUM=,el9i/zeU34G7LVZr0VDh/76hTgM=
82,11,6gUY38T0O78gI/7tQQioI76CjUM=,el9i/zeU34G7LVZr0VDh/76hTgM=
80,11,6gUY38T0O78gI/7tQQioI76CjUM=,el9i/zeU34G7LVZr0VDh/76hTgM=
83,11,6gUY38T0O78gI/7tQQioI76CjUM=,el9i/zeU34G7LVZr0VDh/76hTgM=
80,1,6gUY38T0O78gI/7tQQioI76CjUM=,el9i/zeU34G7LVZr0VDh/76hTgM=
85,11,6gUY38T0O78gI/7tQQioI76CjUM=,el9i/zeU34G7LVZr0VDh/76hTgM=
95,10,6gUY38T0O78gI/7tQQioI76CjUM=,el9i/zeU34G7LVZr0VDh/76hTgM=
93,0,6gUY38T0O78gI/7tQQioI76CjUM=,el9i/zeU34G7LVZr0VDh/76hTgM=
95,2,6gUY38T0O78gI/7tQQioI76CjUM=,el9i/zeU34G7LVZr0VDh/76hTgM=
94,10,6gUY38T0O78gI/7tQQioI76CjUM=,el9i/zeU34G7LVZr0VDh/76hTgM=
95,1,6gUY38T0O78gI/7tQQioI76CjUM=,el9i/zeU34G7LVZr0VDh/76hTgM=
93,10,6gUY38T0O78gI/7tQQioI76CjUM=,el9i/zeU34G7LVZr0VDh/76hTgM=
92,10,6gUY38T0O78gI/7tQQioI76CjUM=,el9i/zeU34G7LVZr0VDh/76hTgM=
87,10,6gUY38T0O78gI/7tQQioI76CjUM=,el9i/zeU34G7LVZr0VDh/76hTgM=
86,10,6gUY38T0O78gI/7tQQioI76CjUM=,el9i/zeU34G7LVZr0VDh/76hTgM=
85,10,6gUY38T0O78gI/7tQQioI76CjUM=,el9i/zeU34G7LVZr0VDh/76hTgM=
84,10,6gUY38T0O78gI/7tQQioI76CjUM=,el9i/zeU34G7LVZr0VDh/76hTgM=
91,10,6gUY38T0O78gI/7tQQioI76CjUM=,el9i/zeU34G7LVZr0VDh/76hTgM=
82,10,6gUY38T0O78gI/7tQQioI76CjUM=,el9i/zeU34G7LVZr0VDh/76hTgM=
90,10,6gUY38T0O78gI/7tQQioI76CjUM=,el9i/zeU34G7LVZr0VDh/76hTgM=
83,10,6gUY38T0O78gI/7tQQioI76CjUM=,el9i/zeU34G7LVZr0VDh/76hTgM=
89,10,6gUY38T0O78gI/7tQQioI76CjUM=,el9i/zeU34G7LVZr0VDh/76hTgM=
94,2,6gUY38T0O78gI/7tQQioI76CjUM=,el9i/zeU34G7LVZr0VDh/76hTgM=
88,10,6gUY38T0O78gI/7tQQioI76CjUM=,el9i/zeU34G7LVZr0VDh/76hTgM=
94,9,6gUY38T0O78gI/7tQQioI76CjUM=,el9i/zeU34G7LVZr0VDh/76hTgM=
93,9,6gUY38T0O78gI/7tQQioI76CjUM=,el9i/zeU34G7LVZr0VDh/76hTgM=
81,10,6gUY38T0O78gI/7tQQioI76CjUM=,el9i/zeU34G7LVZr0VDh/76hTgM=
91,9,6gUY38T0O78gI/7tQQioI76CjUM=,el9i/zeU34G7LVZr0VDh/76hTgM=
90,9,6gUY38T0O78gI/7tQQioI76CjUM=,el9i/zeU34G7LVZr0VDh/76hTgM=
94,1,6gUY38T0O78gI/7tQQioI76CjUM=,el9i/zeU34G7LVZr0VDh/76hTgM=
95,9,6gUY38T0O78gI/7tQQioI76CjUM=,el9i/zeU34G7LVZr0VDh/76hTgM=
92,9,6gUY38T0O78gI/7tQQioI76CjUM=,el9i/zeU34G7LVZr0VDh/76hTgM=
89,9,6gUY38T0O78gI/7tQQioI76CjUM=,el9i/zeU34G7LVZr0VDh/76hTgM=
92,0,6gUY38T0O78gI/7tQQioI76CjUM=,el9i/zeU34G7LVZr0VDh/76hTgM=
80,10,6gUY38T0O78gI/7tQQioI76CjUM=,el9i/zeU34G7LVZr0VDh/76hTgM=
85,9,6gUY38T0O78gI/7tQQioI76CjUM=,el9i/zeU34G7LVZr0VDh/76hTgM=
93,1,6gUY38T0O78gI/7tQQioI76CjUM=,el9i/zeU34G7LVZr0VDh/76hTgM=
86,9,6gUY38T0O78gI/7tQQioI76CjUM=,el9i/zeU34G7LVZr0VDh/76hTgM=
84,9,6gUY38T0O78gI/7tQQioI76CjUM=,el9i/zeU34G7LVZr0VDh/76hTgM=
87,9,6gUY38T0O78gI/7tQQioI76CjUM=,el9i/zeU34G7LVZr0VDh/76hTgM=
93,2,6gUY38T0O78gI/7tQQioI76CjUM=,el9i/zeU34G7LVZr0VDh/76hTgM=
91,0,6gUY38T0O78gI/7tQQioI76CjUM=,el9i/zeU34G7LVZr0VDh/76hTgM=
82,9,6gUY38T0O78gI/7tQQioI76CjUM=,el9i/zeU34G7LVZr0VDh/76hTgM=
88,9,6gUY38T0O78gI/7tQQioI76CjUM=,el9i/zeU34G7LVZr0VDh/76hTgM=
81,9,6gUY38T0O78gI/7tQQioI76CjUM=,el9i/zeU34G7LVZr0VDh/76hTgM=
93,8,6gUY38T0O78gI/7tQQioI76CjUM=,el9i/zeU34G7LVZr0VDh/76hTgM=
91,8,6gUY38T0O78gI/7tQQioI76CjUM=,el9i/zeU34G7LVZr0VDh/76hTgM=
90,8,6gUY38T0O78gI/7tQQioI76CjUM=,el9i/zeU34G7LVZr0VDh/76hTgM=
92,8,6gUY38T0O78gI/7tQQioI76CjUM=,el9i/zeU34G7LVZr0VDh/76hTgM=
80,9,6gUY38T0O78gI/7tQQioI76CjUM=,el9i/zeU34G7LVZr0VDh/76hTgM=
83,9,6gUY38T0O78gI/7tQQioI76CjUM=,el9i/zeU34G7LVZr0VDh/76hTgM=
95,8,6gUY38T0O78gI/7tQQioI76CjUM=,el9i/zeU34G7LVZr0VDh/76hTgM=
94,8,6gUY38T0O78gI/7tQQioI76CjUM=,el9i/zeU34G7LVZr0VDh/76hTgM=
85,8,6gUY38T0O78gI/7tQQioI76CjUM=,el9i/zeU34G7LVZr0VDh/76hTgM=
89,8,6gUY38T0O78gI/7tQQioI76CjUM=,el9i/zeU34G7LVZr0VDh/76hTgM=
92,2,6gUY38T0O78gI/7tQQioI76CjUM=,el9i/zeU34G7LVZr0VDh/76hTgM=
88,8,6gUY38T0O78gI/7tQQioI76CjUM=,el9i/zeU34G7LVZr0VDh/76hTgM=
81,8,6gUY38T0O78gI/7tQQioI76CjUM=,el9i/zeU34G7LVZr0VDh/76hTgM=
87,8,6gUY38T0O78gI/7tQQioI76CjUM=,el9i/zeU34G7LVZr0VDh/76hTgM=
80,8,6gUY38T0O78gI/7tQQioI76CjUM=,el9i/zeU34G7LVZr0VDh/76hTgM=
86,8,6gUY38T0O78gI/7tQQioI76CjUM=,el9i/zeU34G7LVZr0VDh/76hTgM=
95,7,6gUY38T0O78gI/7tQQioI76CjUM=,el9i/zeU34G7LVZr0VDh/76hTgM=
83,8,6gUY38T0O78gI/7tQQioI76CjUM=,el9i/zeU34G7LVZr0VDh/76hTgM=
93,7,6gUY38T0O78gI/7tQQioI76CjUM=,el9i/zeU34G7LVZr0VDh/76hTgM=
82,8,6gUY38T0O78gI/7tQQioI76CjUM=,el9i/zeU34G7LVZr0VDh/76hTgM=
94,7,6gUY38T0O78gI/7tQQioI76CjUM=,el9i/zeU34G7LVZr0VDh/76hTgM=
92,7,6gUY38T0O78gI/7tQQioI76CjUM=,el9i/zeU34G7LVZr0VDh/76hTgM=
91,7,6gUY38T0O78gI/7tQQioI76CjUM=,el9i/zeU34G7LVZr0VDh/76hTgM=
84,8,6gUY38T0O78gI/7tQQioI76CjUM=,el9i/zeU34G7LVZr0VDh/76hTgM=
90,7,6gUY38T0O78gI/7tQQioI76CjUM=,el9i/zeU34G7LVZr0VDh/76hTgM=
90,0,6gUY38T0O78gI/7tQQioI76CjUM=,el9i/zeU34G7LVZr0VDh/76hTgM=
92,1,6gUY38T0O78gI/7tQQioI76CjUM=,el9i/zeU34G7LVZr0VDh/76hTgM=
91,2,6gUY38T0O78gI/7tQQioI76CjUM=,el9i/zeU34G7LVZr0VDh/76hTgM=
87,7,6gUY38T0O78gI/7tQQioI76CjUM=,el9i/zeU34G7LVZr0VDh/76hTgM=
83,7,6gUY38T0O78gI/7tQQioI76CjUM=,el9i/zeU34G7LVZr0VDh/76hTgM=
82,7,6gUY38T0O78gI/7tQQioI76CjUM=,el9i/zeU34G7LVZr0VDh/76hTgM=
81,7,6gUY38T0O78gI/7tQQioI76CjUM=,el9i/zeU34G7LVZr0VDh/76hTgM=
89,7,6gUY38T0O78gI/7tQQioI76CjUM=,el9i/zeU34G7LVZr0VDh/76hTgM=
80,7,6gUY38T0O78gI/7tQQioI76CjUM=,el9i/zeU34G7LVZr0VDh/76hTgM=
85,7,6gUY38T0O78gI/7tQQioI76CjUM=,el9i/zeU34G7LVZr0VDh/76hTgM=
86,7,6gUY38T0O78gI/7tQQioI76CjUM=,el9i/zeU34G7LVZr0VDh/76hTgM=
84,7,6gUY38T0O78gI/7tQQioI76CjUM=,el9i/zeU34G7LVZr0VDh/76hTgM=
93,6,6gUY38T0O78gI/7tQQioI76CjUM=,el9i/zeU34G7LVZr0VDh/76hTgM=
92,6,6gUY38T0O78gI/7tQQioI76CjUM=,el9i/zeU34G7LVZr0VDh/76hTgM=
94,6,6gUY38T0O78gI/7tQQioI76CjUM=,el9i/zeU34G7LVZr0VDh/76hTgM=
88,7,6gUY38T0O78gI/7tQQioI76CjUM=,el9i/zeU34G7LVZr0VDh/76hTgM=
95,6,6gUY38T0O78gI/7tQQioI76CjUM=,el9i/zeU34G7LVZr0VDh/76hTgM=
89,0,6gUY38T0O78gI/7tQQioI76CjUM=,el9i/zeU34G7LVZr0VDh/76hTgM=
91,6,6gUY38T0O78gI/7tQQioI76CjUM=,el9i/zeU34G7LVZr0VDh/76hTgM=
94,15,6gUY38T0O78gI/7tQQioI76CjUM=,el9i/zeU34G7LVZr0VDh/76hTgM=
91,1,6gUY38T0O78gI/7tQQioI76CjUM=,el9i/zeU34G7LVZr0VDh/76hTgM=
84,6,6gUY38T0O78gI/7tQQioI76CjUM=,el9i/zeU34G7LVZr0VDh/76hTgM=
83,6,6gUY38T0O78gI/7tQQioI76CjUM=,el9i/zeU34G7LVZr0VDh/76hTgM=
89,6,6gUY38T0O78gI/7tQQioI76CjUM=,el9i/zeU34G7LVZr0VDh/76hTgM=
81,6,6gUY38T0O78gI/7tQQioI76CjUM=,el9i/zeU34G7LVZr0VDh/76hTgM=
80,6,6gUY38T0O78gI/7tQQioI76CjUM=,el9i/zeU34G7LVZr0VDh/76hTgM=
95,15,6gUY38T0O78gI/7tQQioI76CjUM=,el9i/zeU34G7LVZr0VDh/76hTgM=
88,6,6gUY38T0O78gI/7tQQioI76CjUM=,el9i/zeU34G7LVZr0VDh/76hTgM=
88,3,6gUY38T0O78gI/7tQQioI76CjUM=,el9i/zeU34G7LVZr0VDh/76hTgM=
80,0,6gUY38T0O78gI/7tQQioI76CjUM=,el9i/zeU34G7LVZr0VDh/76hTgM=
92,15,6gUY38T0O78gI/7tQQioI76CjUM=,el9i/zeU34G7LVZr0VDh/76hTgM=
93,5,6gUY38T0O78gI/7tQQioI76CjUM=,el9i/zeU34G7LVZr0VDh/76hTgM=
92,5,6gUY38T0O78gI/7tQQioI76CjUM=,el9i/zeU34G7LVZr0VDh/76hTgM=
89,3,6gUY38T0O78gI/7tQQioI76CjUM=,el9i/zeU34G7LVZr0VDh/76hTgM=
90,1,6gUY38T0O78gI/7tQQioI76CjUM=,el9i/zeU34G7LVZr0VDh/76hTgM=
89,2,6gUY38T0O78gI/7tQQioI76CjUM=,el9i/zeU34G7LVZr0VDh/76hTgM=
91,5,6gUY38T0O78gI/7tQQioI76CjUM=,el9i/zeU34G7LVZr0VDh/76hTgM=
90,2,6gUY38T0O78gI/7tQQioI76CjUM=,el9i/zeU34G7LVZr0VDh/76hTgM=
84,1,6gUY38T0O78gI/7tQQioI76CjUM=,el9i/zeU34G7LVZr0VDh/76hTgM=
90,3,6gUY38T0O78gI/7tQQioI76CjUM=,el9i/zeU34G7LVZr0VDh/76hTgM=
85,5,6gUY38T0O78gI/7tQQioI76CjUM=,el9i/zeU34G7LVZr0VDh/76hTgM=
87,5,6gUY38T0O78gI/7tQQioI76CjUM=,el9i/zeU34G7LVZr0VDh/76hTgM=
89,5,6gUY38T0O78gI/7tQQioI76CjUM=,el9i/zeU34G7LVZr0VDh/76hTgM=
86,5,6gUY38T0O78gI/7tQQioI76CjUM=,el9i/zeU34G7LVZr0VDh/76hTgM=
81,5,6gUY38T0O78gI/7tQQioI76CjUM=,el9i/zeU34G7LVZr0VDh/76hTgM=
88,5,6gUY38T0O78gI/7tQQioI76CjUM=,el9i/zeU34G7LVZr0VDh/76hTgM=
84,5,6gUY38T0O78gI/7tQQioI76CjUM=,el9i/zeU34G7LVZr0VDh/76hTgM=
82,5,6gUY38T0O78gI/7tQQioI76CjUM=,el9i/zeU34G7LVZr0VDh/76hTgM=
91,3,6gUY38T0O78gI/7tQQioI76CjUM=,el9i/zeU34G7LVZr0VDh/76hTgM=
83,5,6gUY38T0O78gI/7tQQioI76CjUM=,el9i/zeU34G7LVZr0VDh/76hTgM=
87,0,6gUY38T0O78gI/7tQQioI76CjUM=,el9i/zeU34G7LVZr0VDh/76hTgM=
80,5,6gUY38T0O78gI/7tQQioI76CjUM=,el9i/zeU34G7LVZr0VDh/76hTgM=
93,4,6gUY38T0O78gI/7tQQioI76CjUM=,el9i/zeU34G7LVZr0VDh/76hTgM=
95,4,6gUY38T0O78gI/7tQQioI76CjUM=,el9i/zeU34G7LVZr0VDh/76hTgM=
94,4,6gUY38T0O78gI/7tQQioI76CjUM=,el9i/zeU34G7LVZr0VDh/76hTgM=
92,3,6gUY38T0O78gI/7tQQioI76CjUM=,el9i/zeU34G7LVZr0VDh/76hTgM=
88,2,6gUY38T0O78gI/7tQQioI76CjUM=,el9i/zeU34G7LVZr0VDh/76hTgM=
92,4,6gUY38T0O78gI/7tQQioI76CjUM=,el9i/zeU34G7LVZr0VDh/76hTgM=
93,3,6gUY38T0O78gI/7tQQioI76CjUM=,el9i/zeU34G7LVZr0VDh/76hTgM=
91,4,6gUY38T0O78gI/7tQQioI76CjUM=,el9i/zeU34G7LVZr0VDh/76hTgM=
87,4,6gUY38T0O78gI/7tQQioI76CjUM=,el9i/zeU34G7LVZr0VDh/76hTgM=
86,4,6gUY38T0O78gI/7tQQioI76CjUM=,el9i/zeU34G7LVZr0VDh/76hTgM=
88,4,6gUY38T0O78gI/7tQQioI76CjUM=,el9i/zeU34G7LVZr0VDh/76hTgM=
94,3,6gUY38T0O78gI/7tQQioI76CjUM=,el9i/zeU34G7LVZr0VDh/76hTgM=
90,4,6gUY38T0O78gI/7tQQioI76CjUM=,el9i/zeU34G7LVZr0VDh/76hTgM=
85,4,6gUY38T0O78gI/7tQQioI76CjUM=,el9i/zeU34G7LVZr0VDh/76hTgM=
89,4,6gUY38T0O78gI/7tQQioI76CjUM=,el9i/zeU34G7LVZr0VDh/76hTgM=
95,3,6gUY38T0O78gI/7tQQioI76CjUM=,el9i/zeU34G7LVZr0VDh/76hTgM=
84,4,6gUY38T0O78gI/7tQQioI76CjUM=,el9i/zeU34G7LVZr0VDh/76hTgM=
80,4,6gUY38T0O78gI/7tQQioI76CjUM=,el9i/zeU34G7LVZr0VDh/76hTgM=
82,4,6gUY38T0O78gI/7tQQioI76CjUM=,el9i/zeU34G7LVZr0VDh/76hTgM=
83,4,6gUY38T0O78gI/7tQQioI76CjUM=,el9i/zeU34G7LVZr0VDh/76hTgM=
81,4,6gUY38T0O78gI/7tQQioI76CjUM=,el9i/zeU34G7LVZr0VDh/76hTgM=
86,0,6gUY38T0O78gI/7tQQioI76CjUM=,el9i/zeU34G7LVZr0VDh/76hTgM=
90,5,6gUY38T0O78gI/7tQQioI76CjUM=,el9i/zeU34G7LVZr0VDh/76hTgM=
87,2,6gUY38T0O78gI/7tQQioI76CjUM=,el9i/zeU34G7LVZr0VDh/76hTgM=
87,1,6gUY38T0O78gI/7tQQioI76CjUM=,el9i/zeU34G7LVZr0VDh/76hTgM=
84,0,6gUY38T0O78gI/7tQQioI76CjUM=,el9i/zeU34G7LVZr0VDh/76hTgM=
90,6,6gUY38T0O78gI/7tQQioI76CjUM=,el9i/zeU34G7LVZr0VDh/76hTgM=
87,6,6gUY38T0O78gI/7tQQioI76CjUM=,el9i/zeU34G7LVZr0VDh/76hTgM=
85,6,6gUY38T0O78gI/7tQQioI76CjUM=,el9i/zeU34G7LVZr0VDh/76hTgM=
86,6,6gUY38T0O78gI/7tQQioI76CjUM=,el9i/zeU34G7LVZr0VDh/76hTgM=
82,6,6gUY38T0O78gI/7tQQioI76CjUM=,el9i/zeU34G7LVZr0VDh/76hTgM=
95,5,6gUY38T0O78gI/7tQQioI76CjUM=,el9i/zeU34G7LVZr0VDh/76hTgM=
88,0,6gUY38T0O78gI/7tQQioI76CjUM=,el9i/zeU34G7LVZr0VDh/76hTgM=
89,1,6gUY38T0O78gI/7tQQioI76CjUM=,el9i/zeU34G7LVZr0VDh/76hTgM=
94,5,6gUY38T0O78gI/7tQQioI76CjUM=,el9i/zeU34G7LVZr0VDh/76hTgM=
86,1,6gUY38T0O78gI/7tQQioI76CjUM=,el9i/zeU34G7LVZr0VDh/76hTgM=
88,1,6gUY38T0O78gI/7tQQioI76CjUM=,el9i/zeU34G7LVZr0VDh/76hTgM=
